title,type,question,A,B,C,D,answer,image,explanation
Sarawak Bintulu2023_Q1,radio,F4 Bab 1,A,B,C,D,A,Sarawak Bintulu/Picture1.png,"中文：Bendahara领导行政并担任军队统帅；财政及港口税务主要由Penghulu Bendahari负责。 答案纸参考：F4，第9页。
Bahasa Melayu: Bendahara mengetuai pentadbiran dan menjadi ketua turus angkatan tentera; kewangan dan cukai pelabuhan terutama tugas Penghulu Bendahari. Rujukan skema: F4, halaman 9."
Sarawak Bintulu2023_Q2,radio,F4 Bab 1,A,B,C,D,B,Sarawak Bintulu/Picture2.png,"中文：陆上及海事法律规范行政、犯罪与航海，让国家秩序稳定并强化王国。 答案纸参考：F4，第10页。
Bahasa Melayu: Hukum Kanun dan undang-undang laut mengatur pentadbiran, kesalahan serta pelayaran untuk mengukuhkan kerajaan. Rujukan skema: F4, halaman 10."
Sarawak Bintulu2023_Q3,radio,F4 Bab 2,A,B,C,D,A,Sarawak Bintulu/Picture3.png,"中文：中国民族主义寻求恢复中国文明与民族力量，并反对外来控制及满清统治。 答案纸参考：F4，第26页。
Bahasa Melayu: Nasionalisme China bertujuan mengukuhkan peradaban dan kekuatan bangsa serta menentang penguasaan asing dan pemerintahan Manchu. Rujukan skema: F4, halaman 26."
Sarawak Bintulu2023_Q4,radio,F4 Bab 2,A,B,C,D,D,Sarawak Bintulu/Picture4.png,"中文：分权政策把部分权限交回苏丹、驻扎官及州议会，回应联邦中央集权削弱地方权力的问题。 答案纸参考：F4，第42页。
Bahasa Melayu: Desentralisasi mengembalikan kuasa sultan, residen dan Majlis Negeri yang terjejas oleh pemusatan pentadbiran NNMB. Rujukan skema: F4, halaman 42."
Sarawak Bintulu2023_Q5,radio,F4 Bab 3,A,B,C,D,B,Sarawak Bintulu/Picture5.png,"中文：国际联盟无法制止扩张，加上凡尔赛条约引起不满，是二战因素，因此I和IV正确。 答案纸参考：F4，第59页。
Bahasa Melayu: Kegagalan Liga Bangsa-Bangsa dan ketidakpuasan terhadap Perjanjian Versailles mencetuskan perang. Maka I dan IV tepat. Rujukan skema: F4, halaman 59."
Sarawak Bintulu2023_Q6,radio,F4 Bab 3,A,B,C,D,C,Sarawak Bintulu/Picture6.png,"中文：日军利用主要由马来人组成的部队对抗主要为华人的MPAJA，把军事冲突带入族群关系，造成紧张。 答案纸参考：F4，第75页。
Bahasa Melayu: Penggunaan pasukan Melayu menentang MPAJA yang ramai berbangsa Cina menimbulkan ketegangan antara kaum. Rujukan skema: F4, halaman 75."
Sarawak Bintulu2023_Q7,radio,F4 Bab 4,A,B,C,D,D,Sarawak Bintulu/Picture7.png,"中文：BMA未有效恢复经济、粮食及秩序，人民信任下降，显示其处理战后问题能力不足。 答案纸参考：F4，第95页。
Bahasa Melayu: BMA gagal memulihkan ekonomi, bekalan dan ketenteraman dengan berkesan, menunjukkan ketidakupayaan menangani masalah selepas perang. Rujukan skema: F4, halaman 95."
Sarawak Bintulu2023_Q8,radio,F4 Bab 4,A,B,C,D,C,Sarawak Bintulu/Picture8.png,"中文：联盟把原有保护国地位改为英国直接殖民统治并削弱苏丹主权，因此爱国者反对。 答案纸参考：F4，第100-106页。
Bahasa Melayu: Malayan Union mengubah negeri naungan kepada jajahan langsung dan melemahkan kedaulatan sultan, lalu ditentang rakyat patriotik. Rujukan skema: F4, halaman 100-106."
Sarawak Bintulu2023_Q9,radio,F4 Bab 5,A,B,C,D,A,Sarawak Bintulu/Picture9.png,"中文：PUTERA-AMCJA提出《人民宪法》，要求更广泛代表权及政治权利，作为联邦协议替代方案。 答案纸参考：F4，第130页。
Bahasa Melayu: PUTERA-AMCJA mengemukakan Perlembagaan Rakyat sebagai alternatif dengan perwakilan dan hak politik lebih luas. Rujukan skema: F4, halaman 130."
Sarawak Bintulu2023_Q10,radio,F4 Bab 5,A,B,C,D,C,Sarawak Bintulu/Picture10.png,"中文：1948年联邦承认马来人原有居民地位并保障相关权益，不是威胁其原有地位。 答案纸参考：F4，第136-137页。
Bahasa Melayu: PTM1948 mengiktiraf orang Melayu sebagai penduduk asal dan menjaga kepentingan mereka. Rujukan skema: F4, halaman 136-137."
Sarawak Bintulu2023_Q11,radio,F4 Bab 6,A,B,C,D,D,Sarawak Bintulu/Picture11.png,"中文：共产党以破坏经济削弱政府，目标是夺取政权并建立共产主义共和国，因此III和IV正确。 答案纸参考：F4，第148-150页。
Bahasa Melayu: Komunis merosakkan ekonomi untuk melemahkan kerajaan dan menubuhkan republik komunis. Maka III dan IV tepat. Rujukan skema: F4, halaman 148-150."
Sarawak Bintulu2023_Q12,radio,F4 Bab 6,A,B,C,D,A,Sarawak Bintulu/Picture12.png,"中文：身份证及全国登记让当局确认身份、检查人口流动并辨认可疑活动，故I和II正确。 答案纸参考：F4，第156页。
Bahasa Melayu: Kad pengenalan dan pendaftaran kebangsaan membantu mengenal pasti penduduk serta mengawal pergerakan. Maka I dan II tepat. Rujukan skema: F4, halaman 156."
Sarawak Bintulu2023_Q13,radio,F4 Bab 7,A,B,C,D,C,Sarawak Bintulu/Picture13.png,"中文：不同族群以各自语言接受教育的学校称母语学校，使用不同媒介及课程。 答案纸参考：F4，第180页。
Bahasa Melayu: Sekolah vernakular menggunakan bahasa kaum masing-masing dengan bahasa pengantar dan kurikulum yang berbeza. Rujukan skema: F4, halaman 180."
Sarawak Bintulu2023_Q14,radio,F4 Bab 7,A,B,C,D,B,Sarawak Bintulu/Picture14.png,"中文：成员制度训练本地领袖管理政府部门，累积自治与独立所需行政经验。 答案纸参考：F4，第179页。
Bahasa Melayu: Sistem Ahli melatih pemimpin tempatan menerajui jabatan sebagai persediaan berkerajaan sendiri dan merdeka. Rujukan skema: F4, halaman 179."
Sarawak Bintulu2023_Q15,radio,F4 Bab 8,A,B,C,D,B,Sarawak Bintulu/Picture15.png,"中文：划区委员会确定选区界线，为登记、提名及投票提供清楚地域安排。 答案纸参考：F4，第200页。
Bahasa Melayu: Suruhanjaya menentukan sempadan kawasan pilihan raya bagi menyusun pendaftaran, pencalonan dan pengundian. Rujukan skema: F4, halaman 200."
Sarawak Bintulu2023_Q16,radio,F4 Bab 8,A,B,C,D,D,Sarawak Bintulu/Picture16.png,"中文：1955年选举后的联邦立法议会开幕体现民选代表参与治理，是迈向自治的重要步骤。 答案纸参考：F4，第205页。
Bahasa Melayu: Pembukaan MPP selepas pilihan raya1955 menunjukkan penyertaan wakil rakyat dan langkah penting ke arah berkerajaan sendiri. Rujukan skema: F4, halaman 205."
Sarawak Bintulu2023_Q17,radio,F4 Bab 9,A,B,C,D,C,Sarawak Bintulu/Picture17.png,"中文：代表团为国家独立进行谈判，愿为国家未来努力，体现爱国精神。 答案纸参考：F4，第216-218页。
Bahasa Melayu: Rombongan berunding demi kemerdekaan dan masa depan negara, mencerminkan semangat patriotik. Rujukan skema: F4, halaman 216-218."
Sarawak Bintulu2023_Q18,radio,F4 Bab 9,A,B,C,D,B,Sarawak Bintulu/Picture18.png,"中文：东姑在伦敦谈判后到Banda Hilir向人民宣布独立日期，传达已取得的协议成果。 答案纸参考：F4，第219页。
Bahasa Melayu: Tunku mengumumkan tarikh kemerdekaan di Banda Hilir selepas rundingan London sebagai hasil persetujuan yang dicapai. Rujukan skema: F4, halaman 219."
Sarawak Bintulu2023_Q19,radio,F4 Bab 10,A,B,C,D,D,Sarawak Bintulu/Picture19.png,"中文：了解并尊重民族主义领袖牺牲，是对其争取独立贡献的直接感谢。 答案纸参考：F4，第235页。
Bahasa Melayu: Menyanjung pengorbanan tokoh nasionalis menghargai jasa mereka dalam perjuangan kemerdekaan. Rujukan skema: F4, halaman 235."
Sarawak Bintulu2023_Q20,radio,F5 Bab 3,A,B,C,D,A,Sarawak Bintulu/Picture20.png,"中文：国会及州议会都是立法机构，在各自权限内制定法律，区别于行政机关执行政策。
Bahasa Melayu: Parlimen dan DUN menggubal undang-undang dalam bidang kuasa masing-masing, berbeza daripada badan eksekutif."
Sarawak Bintulu2023_Q21,radio,F5 Bab 1,A,B,C,D,B,Sarawak Bintulu/Picture21.png,"中文：阿拉伯词daulah指一个政府的统治权，题目问的是特定词源含义。 答案纸参考：F5，第4页。
Bahasa Melayu: Daulah dalam bahasa Arab bermaksud kuasa pemerintahan sesebuah kerajaan. Rujukan skema: F5, halaman 4."
Sarawak Bintulu2023_Q22,radio,F5 Bab 1,A,B,C,D,D,Sarawak Bintulu/Picture22.png,"中文：政府为团结活动提供预算，人民主动参与社区活动，D准确对应双方职能。 答案纸参考：F5，第13页。
Bahasa Melayu: Kerajaan memperuntukkan belanja program dan rakyat menyertai kegiatan masyarakat. PadananD sesuai dengan peranan masing-masing. Rujukan skema: F5, halaman 13."
Sarawak Bintulu2023_Q23,radio,F5 Bab 2,A,B,C,D,A,Sarawak Bintulu/Picture23.png,"中文：Westminster模式源自英国的宪政及议会制度，所以A符合模式来源；议会民主也是其特征，C存在概念重叠。 答案纸参考：F5，第27页。
Bahasa Melayu: Model Westminster berasal daripada Britain, makaA menepati asal model. Demokrasi berparlimen juga cirinya, jadiC berkaitan dan bertindih. Rujukan skema: F5, halaman 27."
Sarawak Bintulu2023_Q24,radio,F5 Bab 2,A,B,C,D,C,Sarawak Bintulu/Picture24.png,"中文：新加坡退出后，宪法删除与该州相关的移民、财政、外交及国防安排，因此X为国防。 答案纸参考：F5，第31页。
Bahasa Melayu: Pemisahan Singapura memerlukan pengguguran perkara imigresen, kewangan, hubungan luar dan pertahanan berkaitannya. X ialah pertahanan. Rujukan skema: F5, halaman 31."
Sarawak Bintulu2023_Q25,radio,F5 Bab 3,A,B,C,D,C,Sarawak Bintulu/Picture25.png,"中文：王室大印象征马来统治者的权力及主权，并用于认证统治者会议正式文件。 答案纸参考：F5，第44页。
Bahasa Melayu: Mohor Besar melambangkan kekuasaan dan kedaulatan Raja-raja Melayu serta mengesahkan dokumen rasmi majlis. Rujukan skema: F5, halaman 44."
Sarawak Bintulu2023_Q26,radio,F5 Bab 3,A,B,C,D,B,Sarawak Bintulu/Picture26.png,"中文：下议院议员由人民通过选举选出，让选民在国会获得代表。 答案纸参考：F5，第53页。
Bahasa Melayu: Ahli Dewan Rakyat dipilih melalui pilihan raya supaya pengundi diwakili dalam Parlimen. Rujukan skema: F5, halaman 53."
Sarawak Bintulu2023_Q27,radio,F5 Bab 4,A,B,C,D,B,Sarawak Bintulu/Picture27.png,"中文：中央与州明确分权，避免事务混乱并让各自履行职责，使治理更顺畅。 答案纸参考：F5，第68页。
Bahasa Melayu: Pembahagian kuasa Persekutuan dan negeri menjelaskan tanggungjawab serta melicinkan pemerintahan. Rujukan skema: F5, halaman 68."
Sarawak Bintulu2023_Q28,radio,F5 Bab 4,A,B,C,D,D,Sarawak Bintulu/Picture28.png,"中文：PPR提供可负担住房，解决住房不足并减轻贫困家庭居住负担，原答案为III和IV。II开发住房地区也可能是实际措施，题目选项有重叠。 答案纸参考：F5，第77页。
Bahasa Melayu: PPR menangani kekurangan rumah dan beban golongan miskin, maka skema memilihIII danIV. Pembukaan kawasan perumahan juga boleh menjadi langkah pelaksanaan, menyebabkan pertindihan. Rujukan skema: F5, halaman 77."
Sarawak Bintulu2023_Q29,radio,F5 Bab 5,A,B,C,D,A,Sarawak Bintulu/Picture29.png,"中文：英国早期合并建议希望统一行政与经济管理，图中这两项内容直接对应方便英国行政。 答案纸参考：F5，第90页。
Bahasa Melayu: Cadangan awal penggabungan menyelaraskan pentadbiran dan ekonomi untuk memudahkan pentadbiran British. Rujukan skema: F5, halaman 90."
Sarawak Bintulu2023_Q30,radio,F5 Bab 5,A,B,C,D,D,Sarawak Bintulu/Picture30.png,"中文：马来西亚把印尼侵入及攻击事件带到联合国，争取国际关注及外交支持。 答案纸参考：F5，第106页。
Bahasa Melayu: Malaysia membawa aduan serangan Indonesia kepada PBB untuk mendapatkan perhatian dan sokongan antarabangsa. Rujukan skema: F5, halaman 106."
Sarawak Bintulu2023_Q31,radio,F5 Bab 6,A,B,C,D,B,Sarawak Bintulu/Picture31.png,"中文：新国家涵盖众多族群及民族，建立共同认同与团结是内部挑战；多样性本身不等于缺陷。 答案纸参考：F5，第118页。
Bahasa Melayu: Kepelbagaian kaum dan etnik memerlukan usaha membina perpaduan serta identiti bersama sebagai cabaran dalaman. Rujukan skema: F5, halaman 118."
Sarawak Bintulu2023_Q32,radio,F5 Bab 6,A,B,C,D,A,Sarawak Bintulu/Picture32.png,"中文：职业训练提高失业者技能，协助他们取得工作并应对有限就业机会。 答案纸参考：F5，第128页。
Bahasa Melayu: Pusat latihan vokasional meningkatkan kemahiran untuk membantu penganggur mendapatkan pekerjaan. Rujukan skema: F5, halaman 128."
Sarawak Bintulu2023_Q33,radio,F5 Bab 7,A,B,C,D,C,Sarawak Bintulu/Picture33.png,"中文：国家原则是建立共同价值及国民团结的国家意识形态，而不是单一纪念建筑。
Bahasa Melayu: Rukun Negara ialah ideologi kebangsaan yang membina nilai bersama dan perpaduan rakyat."
Sarawak Bintulu2023_Q34,radio,F5 Bab 7,A,B,C,D,C,Sarawak Bintulu/Picture34.png,"中文：公正社会保障人民不受压迫，公平享有发展成果，符合国家原则的社会目标。
Bahasa Melayu: Masyarakat adil bebas daripada penindasan dan berkongsi manfaat pembangunan secara saksama."
Sarawak Bintulu2023_Q35,radio,F5 Bab 8,A,B,C,D,D,Sarawak Bintulu/Picture35.png,"中文：绿皮书推动家庭及集体种植以增加食物和收入，D的集体园艺符合其实施活动。 答案纸参考：F5，第169页。
Bahasa Melayu: Rancangan Buku Hijau menggalakkan perkebunan termasuk secara berkelompok untuk menambah makanan dan pendapatan. Rujukan skema: F5, halaman 169."
Sarawak Bintulu2023_Q36,radio,F5 Bab 8,A,B,C,D,C,Sarawak Bintulu/Picture36.png,"中文：绿色科技降低污染及资源损耗，让经济发展同时保护环境，符合永续发展。 答案纸参考：F5，第175页。
Bahasa Melayu: Teknologi hijau mengurangkan pencemaran dan penggunaan sumber supaya pembangunan tidak mengabaikan alam sekitar. Rujukan skema: F5, halaman 175."
Sarawak Bintulu2023_Q37,radio,F5 Bab 9,A,B,C,D,A,Sarawak Bintulu/Picture37.png,"中文：马六甲外交保障海峡贸易地位并取得其他王国对主权的承认，故I和II正确。 答案纸参考：F5，第195页。
Bahasa Melayu: Hubungan luar Melaka menjaga penguasaan perdagangan Selat Melaka dan memperoleh pengiktirafan kedaulatan. MakaI danII tepat. Rujukan skema: F5, halaman 195."
Sarawak Bintulu2023_Q38,radio,F5 Bab 9,A,B,C,D,D,Sarawak Bintulu/Picture38.png,"中文：不论意识形态都与国家建交，说明马来西亚不附属单一强权阵营，符合中立外交。
Bahasa Melayu: Hubungan dengan negara tanpa mengira ideologi menunjukkan Malaysia tidak terikat kepada satu blok dan mengamalkan dasar berkecuali."
Sarawak Bintulu2023_Q39,radio,F5 Bab 10,A,B,C,D,B,Sarawak Bintulu/Picture39.png,"中文：发达国家拥有市场与资本优势，可能主导国际经济，让发展中国家面对竞争与依赖压力。 答案纸参考：F5，第230页。
Bahasa Melayu: Dominasi negara maju dalam pasaran dan modal menimbulkan cabaran persaingan serta kebergantungan ekonomi. Rujukan skema: F5, halaman 230."
Sarawak Bintulu2023_Q40,radio,F5 Bab 10,A,B,C,D,A,Sarawak Bintulu/Picture40.png,"中文：无核武区防止区域核武部署及相关威胁，有助维护和平与安全。 答案纸参考：F5，第244页。
Bahasa Melayu: Zon bebas senjata nuklear mencegah ancaman dan penempatan senjata nuklear untuk memelihara keamanan. Rujukan skema: F5, halaman 244."
Johor Bahru2023_Q1,radio,F4 Bab 1,A,B,C,D,C,Johor Bahru/Picture1.png,"中文：Siantan 是通过苏丹与公主联姻取得的地区，不属于武力征服地区；Pahang、Kelantan 和 Inderagiri 属于征服所得。（答案纸参考：F4，第7页。）
Bahasa Melayu: Siantan diperoleh melalui perkahwinan sultan dengan puteri, bukan penaklukan. Pahang, Kelantan dan Inderagiri merupakan wilayah taklukan. (Rujukan skema: T4, ms. 7.)"
Johor Bahru2023_Q2,radio,F4 Bab 1,A,B,C,D,A,Johor Bahru/Picture2.png,"中文：《马六甲海事法》第5条规定，在船上杀人须处死，以维持航行秩序和船上安全。（答案纸参考：F4，第11页。）
Bahasa Melayu: Fasal 5 Undang-Undang Laut Melaka menetapkan hukuman mati bagi pembunuhan di atas kapal untuk menjaga ketenteraman dan keselamatan pelayaran. (Rujukan skema: T4, ms. 11.)"
Johor Bahru2023_Q3,radio,F4 Bab 2,A,B,C,D,B,Johor Bahru/Picture3.png,"中文：光荣革命、美国革命和法国革命都推动人民权利的观念，强调政府权力须考虑人民的意愿。（答案纸参考：F4，第25页。）
Bahasa Melayu: Revolusi Keagungan, Amerika dan Perancis meningkatkan kesedaran tentang hak rakyat serta pemerintahan yang mengambil kira kehendak rakyat. (Rujukan skema: T4, ms. 25.)"
Johor Bahru2023_Q4,radio,F4 Bab 2,A,B,C,D,D,Johor Bahru/Picture4.png,"中文：英国严厉镇压地方抗争，使民族主义者调整斗争方式，转向较温和的教育、写作和组织活动，而非民族意识完全消失。（答案纸参考：F4，第33页。）
Bahasa Melayu: Tindakan keras British menyebabkan perjuangan beralih kepada pendekatan lebih sederhana melalui pendidikan, penulisan dan pertubuhan, bukannya kesedaran kebangsaan terhapus. (Rujukan skema: T4, ms. 33.)"
Johor Bahru2023_Q5,radio,F4 Bab 3,A,B,C,D,C,Johor Bahru/Picture5.png,"中文：德国入侵苏联是扩张行动的一部分，目的是控制欧洲、取得更广阔的领土和资源。（答案纸参考：F4，第60页。）
Bahasa Melayu: Serangan Jerman terhadap Rusia merupakan sebahagian peluasan kuasa untuk menguasai Eropah serta memperoleh wilayah dan sumber. (Rujukan skema: T4, ms. 60.)"
Johor Bahru2023_Q6,radio,F4 Bab 3,A,B,C,D,C,Johor Bahru/Picture6.png,"中文：日本利用以马来人为主的队伍对抗 MPAJA，使反日斗争与族群关系纠缠，增加马来人与华人的紧张关系。（答案纸参考：F4，第75页。）
Bahasa Melayu: Penggunaan pasukan Melayu oleh Jepun untuk menentang MPAJA memburukkan hubungan dan menimbulkan ketegangan antara orang Melayu dengan orang Cina. (Rujukan skema: T4, ms. 75.)"
Johor Bahru2023_Q7,radio,F4 Bab 4,A,B,C,D,D,Johor Bahru/Picture7.png,"中文：白皮书提出建立中央行政及由英国承担政府责任，即 III 和 IV。题干编号6274应为6724。（答案纸参考：F4，第96页。）
Bahasa Melayu: Kertas Putih mencadangkan pentadbiran pusat dan British mengambil alih tanggungjawab pemerintahan, iaitu III dan IV. Nombor 6274 dalam soalan sepatutnya 6724. (Rujukan skema: T4, ms. 96.)"
Johor Bahru2023_Q8,radio,F4 Bab 4,A,B,C,D,A,Johor Bahru/Picture8.png,"中文：英国看中砂拉越的经济资源，因此施压 Brooke 家族移交砂拉越，以便控制资源和经济利益。（答案纸参考：F4，第107页。）
Bahasa Melayu: British berminat terhadap kekayaan ekonomi Sarawak lalu mendesak keluarga Brooke menyerahkannya bagi menguasai sumber dan kepentingan ekonomi. (Rujukan skema: T4, ms. 107.)"
Johor Bahru2023_Q9,radio,F4 Bab 5,A,B,C,D,B,Johor Bahru/Picture9.png,"中文：马来亚联邦1948取代 Malayan Union，恢复统治者地位，并采用较严格的公民权条件。（答案纸参考：F4，第126页。）
Bahasa Melayu: Persekutuan Tanah Melayu 1948 menggantikan Malayan Union, memulihkan kedudukan Raja-raja Melayu dan mengetatkan syarat kewarganegaraan. (Rujukan skema: T4, ms. 126.)"
Johor Bahru2023_Q10,radio,F4 Bab 5,A,B,C,D,B,Johor Bahru/Picture10.png,"中文：1948年联邦下的马来州恢复为英国保护邦，区别于直接作为英国殖民地的 Malayan Union 安排。（答案纸参考：F4，第137页。）
Bahasa Melayu: Negeri-negeri Melayu kembali menjadi negeri naungan British dalam Persekutuan Tanah Melayu 1948, berbeza daripada kedudukan tanah jajahan di bawah Malayan Union. (Rujukan skema: T4, ms. 137.)"
Johor Bahru2023_Q11,radio,F4 Bab 6,A,B,C,D,D,Johor Bahru/Picture11.png,"中文：共产党破坏胶园、烟房和袭击工人，目的是使经济瘫痪，削弱英国政府的收入及控制能力。（答案纸参考：F4，第149页。）
Bahasa Melayu: Komunis merosakkan ladang getah, rumah asap dan menyerang pekerja untuk melumpuhkan ekonomi serta melemahkan pendapatan dan penguasaan British. (Rujukan skema: T4, ms. 149.)"
Johor Bahru2023_Q12,radio,F4 Bab 6,A,B,C,D,A,Johor Bahru/Picture12.png,"中文：Briggs 计划通过新村安置和村委员会，即 I、II，切断共产党与民众之间的粮食、药物及情报联系。（答案纸参考：F4，第157页。）
Bahasa Melayu: Rancangan Briggs melibatkan penempatan baharu dan jawatankuasa kampung, iaitu I dan II, untuk memutuskan bekalan makanan, ubat serta maklumat kepada komunis. (Rujukan skema: T4, ms. 157.)"
Johor Bahru2023_Q13,radio,F4 Bab 7,A,B,C,D,B,Johor Bahru/Picture13.png,"中文：Sistem Ahli 成员负责部门，地位类似部长，并受英国最高专员领导，因此选择 I 和 IV；成员并非由统治者会议直接任命。（答案纸参考：F4，第179页。）
Bahasa Melayu: Anggota Sistem Ahli mengendalikan jabatan seperti menteri dan berada di bawah Pesuruhjaya Tinggi British, maka I dan IV dipilih. Mereka tidak dilantik terus oleh Majlis Raja-Raja. (Rujukan skema: T4, ms. 179.)"
Johor Bahru2023_Q14,radio,F4 Bab 7,A,B,C,D,C,Johor Bahru/Picture14.png,"中文：各族在不同语言和课程的源流学校学习，日常接触较少，使共同认同及团结更难形成。（答案纸参考：F4，第180页。）
Bahasa Melayu: Sekolah vernakular menggunakan bahasa dan kurikulum berbeza, menyebabkan interaksi antara kaum terbatas dan perpaduan sukar dipupuk. (Rujukan skema: T4, ms. 180.)"
Johor Bahru2023_Q15,radio,F4 Bab 8,A,B,C,D,C,Johor Bahru/Picture15.png,"中文：1955年联邦选举的候选人须掌握英语和马来语，因此英语能力符合条件；当时年龄要求为21岁。（答案纸参考：F4，第200页。）
Bahasa Melayu: Calon pilihan raya persekutuan 1955 perlu menguasai bahasa Inggeris dan bahasa Melayu. Oleh itu, penguasaan bahasa Inggeris memenuhi syarat; had umur ketika itu ialah 21 tahun. (Rujukan skema: T4, ms. 200.)"
Johor Bahru2023_Q16,radio,F4 Bab 8,A,B,C,D,D,Johor Bahru/Picture16.png,"中文：投票体现公民对国家的责任，因为选民参与选择代表并决定政府的组成。（答案纸参考：F4，第207页。）
Bahasa Melayu: Mengundi menunjukkan tanggungjawab warganegara kerana pengundi memilih wakil dan menentukan pembentukan kerajaan. (Rujukan skema: T4, ms. 207.)"
Johor Bahru2023_Q17,radio,F4 Bab 9,A,B,C,D,A,Johor Bahru/Picture17.png,"中文：Reid 委员会的任务是制定独立国家的宪法草案，并听取各方意见。（答案纸参考：F4，第220页。）
Bahasa Melayu: Suruhanjaya Reid ditugaskan menggubal rangka perlembagaan negara merdeka serta menerima pandangan pelbagai pihak. (Rujukan skema: T4, ms. 220.)"
Johor Bahru2023_Q18,radio,F4 Bab 9,A,B,C,D,D,Johor Bahru/Picture18.png,"中文：1957年马来亚联邦协议成为1957年联邦宪法的基础，确立独立后的政府、统治者和公民权安排。（答案纸参考：F4，第225页。）
Bahasa Melayu: Perjanjian Persekutuan Tanah Melayu 1957 menjadi asas Perlembagaan Persekutuan 1957 yang menetapkan pemerintahan, kedudukan raja dan kewarganegaraan negara merdeka. (Rujukan skema: T4, ms. 225.)"
Johor Bahru2023_Q19,radio,F4 Bab 10,A,B,C,D,C,Johor Bahru/Picture19.png,"中文：独立庆典的重要地点是 Merdeka 体育场和 Kelab Selangor 草场，即 II、III；分别举行独立宣告和午夜降升旗仪式。（答案纸参考：F4，第236页。）
Bahasa Melayu: Lokasi utama sambutan kemerdekaan ialah Stadium Merdeka dan Padang Kelab Selangor, iaitu II dan III, untuk pengisytiharan kemerdekaan serta upacara menurunkan dan menaikkan bendera. (Rujukan skema: T4, ms. 236.)"
Johor Bahru2023_Q20,radio,F4 Bab 10,A,B,C,D,B,Johor Bahru/Picture20.png,"中文：马来亚通过谈判取得独立，领导人与英国达成协议，因此主要过程没有依靠流血战争。（答案纸参考：F4，第241页。）
Bahasa Melayu: Tanah Melayu mencapai kemerdekaan melalui rundingan dan persetujuan dengan British, maka proses utamanya tidak melalui peperangan berdarah. (Rujukan skema: T4, ms. 241.)"
Johor Bahru2023_Q21,radio,F5 Bab 1,A,B,C,D,B,Johor Bahru/Picture21.png,"中文：课本将 supernuus 或 superanus 解释为至高无上，并说明它指自由独立的国家，因此 B（独立国家）符合课本语境。（课本已核：F5，第4页。）
Bahasa Melayu: Buku teks menerangkan supernuus atau superanus sebagai agung atau tertinggi dan merujuk negara yang bebas serta merdeka. Oleh itu, B menepati konteks buku teks. (Buku teks disemak: T5, ms. 4.)"
Johor Bahru2023_Q22,radio,F5 Bab 1,A,B,C,D,A,Johor Bahru/Picture22.png,"中文：尊重国旗、国徽和国歌等国家象征，能培养爱国精神及对国家的忠诚。（答案纸参考：F5，第14页。）
Bahasa Melayu: Menghormati lambang negara seperti bendera, Jata Negara dan lagu kebangsaan memupuk patriotisme serta kesetiaan kepada negara. (Rujukan skema: T5, ms. 14.)"
Johor Bahru2023_Q23,radio,F5 Bab 2,A,B,C,D,D,Johor Bahru/Picture23.png,"中文：马来非联邦州的法律由 Majlis Negeri 制定，反映州级行政机构在法律发展中的作用。（答案纸参考：F5，第26页。）
Bahasa Melayu: Undang-undang Negeri-negeri Melayu Tidak Bersekutu digubal oleh Majlis Negeri, menunjukkan peranan pentadbiran negeri dalam perkembangan perundangan. (Rujukan skema: T5, ms. 26.)"
Johor Bahru2023_Q24,radio,F5 Bab 2,A,B,C,D,C,Johor Bahru/Picture24.png,"中文：1963年修宪设立婆罗洲高等法院，配合沙巴和砂拉越加入马来西亚及两地司法需要。（答案纸参考：F5，第30页。）
Bahasa Melayu: Pindaan perlembagaan 1963 mewujudkan Mahkamah Tinggi Borneo bagi memenuhi keperluan kehakiman Sabah dan Sarawak selepas menyertai Malaysia. (Rujukan skema: T5, ms. 30.)"
Johor Bahru2023_Q25,radio,F5 Bab 3,A,B,C,D,D,Johor Bahru/Picture25.png,"中文：马六甲苏丹国时期，苏丹是伊斯兰宗教领袖，负责维护及推动宗教事务。（答案纸参考：F5，第38页。）
Bahasa Melayu: Pada zaman Kesultanan Melayu Melaka, sultan merupakan ketua agama Islam yang memelihara dan memajukan urusan agama. (Rujukan skema: T5, ms. 38.)"
Johor Bahru2023_Q26,radio,F5 Bab 3,A,B,C,D,C,Johor Bahru/Picture26.png,"中文：SUHAKAM 负责促进及保护人权，包括提高认识、提出建议和调查侵犯人权的投诉。（答案纸参考：F5，第51页。）
Bahasa Melayu: SUHAKAM mempromosikan serta melindungi hak asasi manusia melalui kesedaran, cadangan dan penyiasatan aduan pelanggaran hak. (Rujukan skema: T5, ms. 51.)"
Johor Bahru2023_Q27,radio,F5 Bab 4,A,B,C,D,A,Johor Bahru/Picture27.png,"中文：联邦政府拥有较大的权力，是为确保国家稳定和发展，即 I、II，让涉及全国的政策能够协调执行。（答案纸参考：F5，第68页。）
Bahasa Melayu: Kuasa lebih besar diberikan kepada Kerajaan Persekutuan bagi menjamin kestabilan dan kemajuan negara, iaitu I dan II, melalui penyelarasan dasar seluruh negara. (Rujukan skema: T5, ms. 68.)"
Johor Bahru2023_Q28,radio,F5 Bab 4,A,B,C,D,C,Johor Bahru/Picture28.png,"中文：这些房屋计划共同帮助人民拥有负担得起的住宅。答案 C 强调中等收入群体，但不同计划也涵盖低收入者，例如 Rumah Mesra Rakyat。（答案纸参考：F5，第77页。）
Bahasa Melayu: Program perumahan membantu rakyat memiliki rumah mampu milik. Jawapan C menekankan golongan berpendapatan sederhana, namun sesetengah program seperti Rumah Mesra Rakyat turut menyasarkan golongan berpendapatan rendah. (Rujukan skema: T5, ms. 77.)"
Johor Bahru2023_Q29,radio,F5 Bab 5,A,B,C,D,A,Johor Bahru/Picture29.png,"中文：菲律宾总统 Macapagal 以历史主张提出沙巴领土要求，成为菲律宾反对马来西亚成立的因素。（答案纸参考：F5，第97页。）
Bahasa Melayu: Presiden Filipina Macapagal menuntut Sabah berdasarkan dakwaan sejarah, menyebabkan Filipina menentang pembentukan Malaysia. (Rujukan skema: T5, ms. 97.)"
Johor Bahru2023_Q30,radio,F5 Bab 5,A,B,C,D,D,Johor Bahru/Picture30.png,"中文：马来西亚通过联合国和外交渠道处理成立马来西亚引起的争议，寻求国际支持及和平解决。（答案纸参考：F5，第107页。）
Bahasa Melayu: Malaysia menggunakan saluran Pertubuhan Bangsa-Bangsa Bersatu dan diplomasi untuk mendapatkan sokongan antarabangsa serta menyelesaikan pertikaian pembentukan Malaysia secara aman. (Rujukan skema: T5, ms. 107.)"
Johor Bahru2023_Q31,radio,F5 Bab 6,A,B,C,D,B,Johor Bahru/Picture31.png,"中文：Operasi Hammer 在砂拉越安置居民，切断共产党与民众的支援网络，做法类似马来亚的 Briggs 计划。（答案纸参考：F5，第122页。）
Bahasa Melayu: Operasi Hammer di Sarawak menempatkan semula penduduk untuk memutuskan hubungan dan bantuan kepada komunis, seumpama Rancangan Briggs di Tanah Melayu. (Rujukan skema: T5, ms. 122.)"
Johor Bahru2023_Q32,radio,F5 Bab 6,A,B,C,D,C,Johor Bahru/Picture32.png,"中文：技术训练提供实际职业技能，使求职者更符合行业需求，从而增加就业机会和减少失业。（答案纸参考：F5，第128页。）
Bahasa Melayu: Latihan teknikal membekalkan kemahiran pekerjaan yang diperlukan industri, sekali gus meningkatkan peluang pekerjaan dan mengurangkan pengangguran. (Rujukan skema: T5, ms. 128.)"
Johor Bahru2023_Q33,radio,F5 Bab 7,A,B,C,D,B,Johor Bahru/Picture33.png,"中文：Aminuddin Baki 报告建议职业技能课程及多种课程选择，即 I、IV，使教育更符合不同学生和就业需要。（答案纸参考：F5，第145页。）
Bahasa Melayu: Laporan Aminuddin Baki mencadangkan kursus kemahiran dan pelbagai aliran, iaitu I dan IV, agar pendidikan memenuhi keperluan murid serta pekerjaan. (Rujukan skema: T5, ms. 145.)"
Johor Bahru2023_Q34,radio,F5 Bab 7,A,B,C,D,B,Johor Bahru/Picture34.png,"中文：Rukun Negara 的自由社会目标容许人民实践各自的宗教、习俗和文化，同时尊重其他族群。（答案纸参考：F5，第158页。）
Bahasa Melayu: Matlamat masyarakat liberal dalam Rukun Negara membolehkan rakyat mengamalkan agama, adat dan budaya masing-masing sambil menghormati kaum lain. (Rujukan skema: T5, ms. 158.)"
Johor Bahru2023_Q35,radio,F5 Bab 8,A,B,C,D,A,Johor Bahru/Picture35.png,"中文：DEB 的两大目标是消除贫穷和重组社会，即 I、II，以减少经济差距及按族群划分经济工作的情况。（答案纸参考：F5，第167页。）
Bahasa Melayu: Dua matlamat DEB ialah membasmi kemiskinan dan menyusun semula masyarakat, iaitu I dan II, bagi mengurangkan jurang ekonomi serta pengenalan kaum mengikut kegiatan ekonomi. (Rujukan skema: T5, ms. 167.)"
Johor Bahru2023_Q36,radio,F5 Bab 8,A,B,C,D,A,Johor Bahru/Picture36.png,"中文：MARDI 的智能农业和技术研究提高耕作效率及农产品产量，帮助农业现代化。（答案纸参考：F5，第179页。）
Bahasa Melayu: Pertanian pintar dan penyelidikan teknologi MARDI meningkatkan kecekapan serta hasil pertanian, sekali gus memodenkan sektor tersebut. (Rujukan skema: T5, ms. 179.)"
Johor Bahru2023_Q37,radio,F5 Bab 9,A,B,C,D,D,Johor Bahru/Picture37.png,"中文：冷战的国际局势影响马来西亚的外交政策，国家逐步调整立场，以国家利益和安全为优先。（答案纸参考：F5，第197页。）
Bahasa Melayu: Keadaan antarabangsa semasa Perang Dingin mempengaruhi perubahan dasar luar Malaysia yang mengutamakan kepentingan serta keselamatan negara. (Rujukan skema: T5, ms. 197.)"
Johor Bahru2023_Q38,radio,F5 Bab 9,A,B,C,D,C,Johor Bahru/Picture38.png,"中文：英联邦运动会让成员国运动员和人民交流，有助加强成员国关系；提升旅游和国家形象也可能发生，但本题强调英联邦合作。（答案纸参考：F5，第207页。）
Bahasa Melayu: Sukan Komanwel menggalakkan interaksi atlet dan rakyat untuk mengeratkan hubungan negara anggota. Pelancongan serta imej negara juga boleh meningkat, namun fokus soalan ialah kerjasama Komanwel. (Rujukan skema: T5, ms. 207.)"
Johor Bahru2023_Q39,radio,F5 Bab 9,A,B,C,D,A,Johor Bahru/Picture39.png,"中文：Tunku Abdul Rahman 担任 OIC 秘书长，推动成员国合作，并捍卫穆斯林社会的权益和福利。（答案纸参考：F5，第214页。）
Bahasa Melayu: Sebagai Setiausaha Agung OIC, Tunku Abdul Rahman menggalakkan kerjasama negara anggota serta memperjuangkan kepentingan dan kebajikan masyarakat Islam. (Rujukan skema: T5, ms. 214.)"
Johor Bahru2023_Q40,radio,F5 Bab 10,A,B,C,D,D,Johor Bahru/Picture40.png,"中文：Global Peace Mission 和 Humanitarian Care Malaysia 向叙利亚受害者提供人道援助，因此选择 III、IV。（答案纸参考：F5，第236页。）
Bahasa Melayu: Global Peace Mission dan Humanitarian Care Malaysia memberikan bantuan kemanusiaan kepada mangsa di Syria, maka III dan IV dipilih. (Rujukan skema: T5, ms. 236.)"
Johor Kota Tinggi2023_Q1,radio,F4 Bab 1,A,B,C,D,A,Johor Kota Tinggi/Picture1.png,"中文：Bendahara除了行政首长及摄政职责，也是军队统帅；财政由Penghulu Bendahari负责。 答案纸参考：F4，第8页。
Bahasa Melayu: Bendahara juga menjadi ketua turus angkatan tentera selain ketua pentadbir dan pemangku sultan; kewangan tugas Penghulu Bendahari. Rujukan skema: F4, halaman 8."
Johor Kota Tinggi2023_Q2,radio,F4 Bab 1,A,B,C,D,B,Johor Kota Tinggi/Picture2.png,"中文：中央与属地分层治理让政府有效管理广阔领土，体现统治者组织行政的智慧。 答案纸参考：F4，第9页。
Bahasa Melayu: Pentadbiran pusat dan jajahan membolehkan pengurusan wilayah yang tersusun serta menunjukkan kebijaksanaan pemerintah. Rujukan skema: F4, halaman 9."
Johor Kota Tinggi2023_Q3,radio,F4 Bab 2,A,B,C,D,A,Johor Kota Tinggi/Picture3.png,"中文：课本说明，1914年奥斯曼帝国发布宗教裁决，号召受西方殖民统治的穆斯林共同抗争，所以 A 符合题目所问的行动；团结合作是泛伊斯兰主义更广泛的目标。（课本已核：F4，第27页。）
Bahasa Melayu: Buku teks menyatakan empayar Uthmaniyah mengeluarkan fatwa pada 1914 untuk menyeru umat Islam yang dijajah Barat berjuang bersama. Oleh itu, A menepati tindakan yang ditanya, manakala kerjasama ialah tujuan lebih umum Pan-Islamisme. (Buku teks disemak: T4, ms. 27.)"
Johor Kota Tinggi2023_Q4,radio,F4 Bab 2,A,B,C,D,C,Johor Kota Tinggi/Picture4.png,"中文：Jose Rizal通过宣传运动、著作及改革诉求唤醒菲律宾人，并非以武装革命为主要方式。 答案纸参考：F4，第28页。
Bahasa Melayu: Jose Rizal mempelopori gerakan propaganda melalui penulisan dan tuntutan pembaharuan, bukan perjuangan bersenjata utama. Rujukan skema: F4, halaman 28."
Johor Kota Tinggi2023_Q5,radio,F4 Bab 2,A,B,C,D,D,Johor Kota Tinggi/Picture5.png,"中文：Pak Sako的小说唤醒民族意识并强调自由的可贵，故III和IV正确。 答案纸参考：F4，第34页。
Bahasa Melayu: Novel Pak Sako membangkitkan kesedaran kebangsaan dan nikmat kebebasan. MakaIII danIV tepat. Rujukan skema: F4, halaman 34."
Johor Kota Tinggi2023_Q6,radio,F4 Bab 2,A,B,C,D,B,Johor Kota Tinggi/Picture6.png,"中文：在马来亚出生的印度社群更重视当地生活及共同身份，形成区别于只关注印度祖国的本地认同。 答案纸参考：F4，第42页。
Bahasa Melayu: Masyarakat India kelahiran Tanah Melayu membentuk identiti tempatan dan memberi perhatian kepada kehidupan di negara ini. Rujukan skema: F4, halaman 42."
Johor Kota Tinggi2023_Q7,radio,F4 Bab 3,A,B,C,D,A,Johor Kota Tinggi/Picture7.png,"中文：墨索里尼与希特勒以扩张和取得殖民地宣称恢复国家尊严，造成侵略而非和平。 答案纸参考：F4，第58页。
Bahasa Melayu: Mussolini dan Hitler memperluas wilayah untuk mendapatkan tanah jajahan atas alasan memulihkan maruah negara. Rujukan skema: F4, halaman 58."
Johor Kota Tinggi2023_Q8,radio,F4 Bab 3,A,B,C,D,D,Johor Kota Tinggi/Picture8.png,"中文：日军宣传自己是拯救者，以宗教及当地语言争取居民好感，故III和IV正确。 答案纸参考：F4，第68页。
Bahasa Melayu: Poster menonjolkan Jepun sebagai penyelamat untuk memenangi hati penduduk tempatan. MakaIII danIV tepat. Rujukan skema: F4, halaman 68."
Johor Kota Tinggi2023_Q9,radio,F4 Bab 3,A,B,C,D,B,Johor Kota Tinggi/Picture9.png,"中文：日本投降使KRIS失去所依赖的政治支持与机会，马来亚和印尼共同独立计划未能落实。 答案纸参考：F4，第81页。
Bahasa Melayu: Penyerahan Jepun menyebabkan KRIS kehilangan peluang melaksanakan kemerdekaan Tanah Melayu bersama Indonesia. Rujukan skema: F4, halaman 81."
Johor Kota Tinggi2023_Q10,radio,F4 Bab 4,A,B,C,D,C,Johor Kota Tinggi/Picture10.png,"中文：马来亚联盟把原有保护国关系转成直接殖民地，削弱苏丹主权，是白皮书实施的重要结果。 答案纸参考：F4，第96-97页。
Bahasa Melayu: Malayan Union menjadikan negeri naungan tanah jajahan langsung dan melemahkan kedaulatan sultan. Rujukan skema: F4, halaman 96-97."
Johor Kota Tinggi2023_Q11,radio,F4 Bab 4,A,B,C,D,C,Johor Kota Tinggi/Picture11.png,"中文：割让砂拉越使居民原有自治希望及地位受到影响，改为英国直接殖民，因而反对。 答案纸参考：F4，第109-110页。
Bahasa Melayu: Penyerahan Sarawak menjejaskan taraf berkerajaan sendiri dan menjadikannya jajahan British, lalu ditentang penduduk. Rujukan skema: F4, halaman 109-110."
Johor Kota Tinggi2023_Q12,radio,F4 Bab 5,A,B,C,D,A,Johor Kota Tinggi/Picture12.png,"中文：1948年联邦恢复马来州保护国地位，并为之后自治发展创造条件，因此原答案I和II；国家元首职位属于1957年。 答案纸参考：F4，第132-133页。
Bahasa Melayu: PTM1948 mengembalikan taraf naungan dan menyediakan asas perkembangan berkerajaan sendiri. Skema memilihI danII; jawatanYDPA berkaitan1957. Rujukan skema: F4, halaman 132-133."
Johor Kota Tinggi2023_Q13,radio,F4 Bab 6,A,B,C,D,C,Johor Kota Tinggi/Picture13.png,"中文：双溪 siput欧洲种植园经理被杀是宣布紧急状态的直接触发事件；Bukit Kepong和Gurney遇害发生较后。 答案纸参考：F4，第148页。
Bahasa Melayu: Pembunuhan pengurus ladang Eropah di Sungai Siput mencetuskan darurat; serangan Bukit Kepong dan pembunuhan Gurney berlaku kemudian. Rujukan skema: F4, halaman 148."
Johor Kota Tinggi2023_Q14,radio,F4 Bab 6,A,B,C,D,C,Johor Kota Tinggi/Picture14.png,"中文：独立削弱马共以反殖民为由武装斗争的理由，因此英国在紧急状态中推动独立。题表1948年7月17日应核为6月。 答案纸参考：F4，第161页。
Bahasa Melayu: Kemerdekaan melemahkan alasan PKM menentang penjajahan. Tarikh17Julai1948 dalam jadual perlu disemak sebagai Jun. Rujukan skema: F4, halaman 161."
Johor Kota Tinggi2023_Q15,radio,F4 Bab 7,A,B,C,D,A,Johor Kota Tinggi/Picture15.png,"中文：CLC通过较宽松公民权让非马来居民取得共同国家身份，配合其他经济妥协促进和谐。 答案纸参考：F4，第177页。
Bahasa Melayu: CLC mencadangkan kelonggaran kewarganegaraan sebagai sebahagian tolak ansur untuk membina identiti dan muhibah bersama. Rujukan skema: F4, halaman 177."
Johor Kota Tinggi2023_Q16,radio,F4 Bab 7,A,B,C,D,D,Johor Kota Tinggi/Picture16.png,"中文：拉萨报告1956年列出普通小学、普通类型小学及国语中学安排，符合图中学校及语言组合。 答案纸参考：F4，第183页。
Bahasa Melayu: Laporan Razak1956 mencadangkan Sekolah Umum, Sekolah Jenis Umum dan Sekolah Menengah Kebangsaan dengan bahasa seperti dalam jadual. Rujukan skema: F4, halaman 183."
Johor Kota Tinggi2023_Q17,radio,F4 Bab 8,A,B,C,D,D,Johor Kota Tinggi/Picture17.png,"中文：1955年候选人须为联邦公民并能使用英语，故III和IV正确；年龄须21岁以上，不是18岁。 答案纸参考：F4，第200页。
Bahasa Melayu: Calon1955 perlu warganegara PTM dan berpengetahuan bahasa Inggeris. MakaIII danIV tepat; syarat umur ialah21tahun, bukan18. Rujukan skema: F4, halaman 200."
Johor Kota Tinggi2023_Q18,radio,F4 Bab 9,A,B,C,D,B,Johor Kota Tinggi/Picture18.png,"中文：里德委员会负责拟定独立宪法，研究意见及制度安排，不负责举行选举。 答案纸参考：F4，第220-221页。
Bahasa Melayu: Suruhanjaya Reid merangka Perlembagaan PTM merdeka melalui penelitian cadangan dan struktur negara. Rujukan skema: F4, halaman 220-221."
Johor Kota Tinggi2023_Q19,radio,F4 Bab 10,A,B,C,D,A,Johor Kota Tinggi/Picture19.png,"中文：物质准备涵盖国家象征以突出身份；礼宾训练及部长服装是庆典委员会工作，故I和II符合这里分类。国花最终于1960年确定。 答案纸参考：F4，第236页。
Bahasa Melayu: Persediaan fizikal melibatkan lambang untuk menonjolkan identiti; protokol dan pakaian menteri berkaitan Jawatankuasa Sambutan. MakaI danII tepat, walaupun bunga kebangsaan dimuktamadkan pada1960. Rujukan skema: F4, halaman 236."
Johor Kota Tinggi2023_Q20,radio,F4 Bab 10,A,B,C,D,C,Johor Kota Tinggi/Picture20.png,"中文：红皮书记录并监督乡区发展及设施建设，让政府检查基础设施项目进度。 答案纸参考：F4，第242页。
Bahasa Melayu: Buku Merah memantau rancangan pembangunan luar bandar termasuk prasarana untuk menilai pelaksanaan projek. Rujukan skema: F4, halaman 242."
Johor Kota Tinggi2023_Q21,radio,F5 Bab 1,A,B,C,D,C,Johor Kota Tinggi/Picture21.png,"中文：课本四类主权为传统、现代、法律及国际主权，故X为传统。 答案纸参考：F5，第6-7页。
Bahasa Melayu: Empat jenis kedaulatan ialah tradisional, moden, undang-undang dan antarabangsa. X ialah tradisional. Rujukan skema: F5, halaman 6-7."
Johor Kota Tinggi2023_Q22,radio,F5 Bab 7,A,B,C,D,B,Johor Kota Tinggi/Picture22.png,"中文：共同遵守国家原则培养各族团结，减少冲突并维护国家主权。 答案纸参考：F5，第13页。
Bahasa Melayu: Penghayatan Rukun Negara membentuk perpaduan kaum yang membantu mempertahankan kedaulatan. Rujukan skema: F5, halaman 13."
Johor Kota Tinggi2023_Q23,radio,F5 Bab 2,A,B,C,D,D,Johor Kota Tinggi/Picture23.png,"中文：独立宪法采用英国Westminster议会模式，并按当地君主及联邦条件调整。 答案纸参考：F5，第27页。
Bahasa Melayu: Perlembagaan1957 disesuaikan daripada model Westminster Britain mengikut keperluan beraja dan Persekutuan tempatan. Rujukan skema: F5, halaman 27."
Johor Kota Tinggi2023_Q24,radio,F5 Bab 2,A,B,C,D,B,Johor Kota Tinggi/Picture24.png,"中文：1963年马来西亚成立加入新成员，需要修改宪法；新加坡分离则是1965年。 答案纸参考：F5，第30页。
Bahasa Melayu: Pembentukan Malaysia1963 memerlukan pindaan Perlembagaan; pemisahan Singapura berkaitan1965. Rujukan skema: F5, halaman 30."
Johor Kota Tinggi2023_Q25,radio,F5 Bab 3,A,B,C,D,D,Johor Kota Tinggi/Picture25.png,"中文：国家元首职位延续君主在联邦层面的地位，形成君主立宪制度，并非绝对王权。 答案纸参考：F5，第41页。
Bahasa Melayu: JawatanYDPA meneruskan institusi beraja pada peringkat Persekutuan melalui Raja Berperlembagaan. Rujukan skema: F5, halaman 41."
Johor Kota Tinggi2023_Q26,radio,F5 Bab 3,A,B,C,D,C,Johor Kota Tinggi/Picture26.png,"中文：国家元首是课本所述立法、行政及司法权力的宪政源头，各机构依宪法独立履职。 答案纸参考：F5，第52页。
Bahasa Melayu: YDPA ialah punca kuasa ketiga-tiga badan menurut buku teks, sementara setiap badan menjalankan fungsi berasingan mengikut Perlembagaan. Rujukan skema: F5, halaman 52."
Johor Kota Tinggi2023_Q27,radio,F5 Bab 4,A,B,C,D,B,Johor Kota Tinggi/Picture27.png,"中文：财政与公民权属于联邦，伊斯兰法及地方政府属州，故I和IV正确。 答案纸参考：F5，第69页。
Bahasa Melayu: Kewangan dan kewarganegaraan ialah Senarai Persekutuan; undang-undang Islam serta kerajaan tempatan ialah bidang negeri. MakaI danIV tepat. Rujukan skema: F5, halaman 69."
Johor Kota Tinggi2023_Q28,radio,F5 Bab 4,A,B,C,D,C,Johor Kota Tinggi/Picture28.png,"中文：FELCRA整合并复兴闲置土地，提高生产及地方居民收入。 答案纸参考：F5，第72页。
Bahasa Melayu: FELCRA menyatukan dan memulihkan tanah terbiar bagi meningkatkan pengeluaran serta pendapatan penduduk. Rujukan skema: F5, halaman 72."
Johor Kota Tinggi2023_Q29,radio,F5 Bab 5,A,B,C,D,B,Johor Kota Tinggi/Picture29.png,"中文：Azahari希望以文莱、沙巴及砂拉越组成Borneo联合，与马来西亚建议竞争，因此反对。 答案纸参考：F5，第97页。
Bahasa Melayu: A.M.Azahari mahu membentuk Kesatuan Borneo melibatkan Brunei, Sabah dan Sarawak, lalu menentang cadangan Malaysia. Rujukan skema: F5, halaman 97."
Johor Kota Tinggi2023_Q30,radio,F5 Bab 5,A,B,C,D,B,Johor Kota Tinggi/Picture30.png,"中文：马来西亚透过外交沟通与国际支持应对对抗，避免冲突扩大，所以I和IV正确。 答案纸参考：F5，第108-109页。
Bahasa Melayu: Malaysia menggunakan diplomasi dan sokongan negara luar untuk menangani konfrontasi. MakaI danIV tepat. Rujukan skema: F5, halaman 108-109."
Johor Kota Tinggi2023_Q31,radio,F5 Bab 6,A,B,C,D,D,Johor Kota Tinggi/Picture31.png,"中文：这一阶段共产党杀害安全人员并炸毁公共设施及场所，故III和IV符合课本描述。 答案纸参考：F5，第124-125页。
Bahasa Melayu: Pada fasa ini komunis membunuh anggota keselamatan dan mengebom tempat awam. MakaIII danIV tepat. Rujukan skema: F5, halaman 124-125."
Johor Kota Tinggi2023_Q32,radio,F5 Bab 6,A,B,C,D,A,Johor Kota Tinggi/Picture32.png,"中文：寻找新出口市场与多元经济活动降低对橡胶锡矿的依赖，故I和II正确。 答案纸参考：F5，第127页。
Bahasa Melayu: Pasaran baharu dan kepelbagaian kegiatan ekonomi mengurangkan kebergantungan pada getah serta bijih timah. MakaI danII tepat. Rujukan skema: F5, halaman 127."
Johor Kota Tinggi2023_Q33,radio,F5 Bab 7,A,B,C,D,B,Johor Kota Tinggi/Picture33.png,"中文：共同语言及课程增加学生共同经验，让教育成为团结各族的平台。 答案纸参考：F5，第145页。
Bahasa Melayu: Bahasa dan kurikulum seragam membina pengalaman bersama untuk mewujudkan perpaduan rakyat. Rujukan skema: F5, halaman 145."
Johor Kota Tinggi2023_Q34,radio,F5 Bab 7,A,B,C,D,D,Johor Kota Tinggi/Picture34.png,"中文：公平社会让人民有同等机会分享财富并参与竞争，不受压迫，所以III和IV符合题意。 答案纸参考：F5，第158页。
Bahasa Melayu: Masyarakat adil memberi peluang sama menikmati kekayaan dan bersaing tanpa penindasan. MakaIII danIV tepat. Rujukan skema: F5, halaman 158."
Johor Kota Tinggi2023_Q35,radio,F5 Bab 8,A,B,C,D,C,Johor Kota Tinggi/Picture35.png,"中文：区域土地发展推动橡胶与棕油等商业种植，故II和III正确。 答案纸参考：F5，第171页。
Bahasa Melayu: Pembangunan tanah wilayah mengusahakan tanaman komersial getah dan kelapa sawit. MakaII danIII tepat. Rujukan skema: F5, halaman 171."
Johor Kota Tinggi2023_Q36,radio,F5 Bab 8,A,B,C,D,A,Johor Kota Tinggi/Picture36.png,"中文：DPN社会策略包括教育、工商社会及健康改善，提升人民能力与生活。 答案纸参考：F5，第175页。
Bahasa Melayu: Strategi sosialDPN meliputi pendidikan, masyarakat perdagangan dan peningkatan kesihatan rakyat. Rujukan skema: F5, halaman 175."
Johor Kota Tinggi2023_Q37,radio,F5 Bab 9,A,B,C,D,D,Johor Kota Tinggi/Picture37.png,"中文：国家需要包括保障海外国民及经济、安全利益，因此III和IV最直接符合外交的国家利益。 答案纸参考：F5，第197页。
Bahasa Melayu: Keperluan nasional merangkumi kebajikan rakyat di luar negara dan kepentingan ekonomi serta keamanan. MakaIII danIV tepat. Rujukan skema: F5, halaman 197."
Johor Kota Tinggi2023_Q38,radio,F5 Bab 9,A,B,C,D,A,Johor Kota Tinggi/Picture38.png,"中文：英联邦运动会与经济合作加强成员关系，故I和II正确；ZOPFAN属于东盟。 答案纸参考：F5，第206-207页。
Bahasa Melayu: Sukan Komanwel dan kerjasama ekonomi mengeratkan hubungan anggota. MakaI danII tepat; ZOPFAN berkaitanASEAN. Rujukan skema: F5, halaman 206-207."
Johor Kota Tinggi2023_Q39,radio,F5 Bab 9,A,B,C,D,D,Johor Kota Tinggi/Picture39.png,"中文：马来西亚支持巴勒斯坦建立独立国家，维护其政治权利，不是向当地输出战争武器。 答案纸参考：F5，第216页。
Bahasa Melayu: Malaysia menyokong negara Palestin merdeka dan hak rakyatnya, bukan membekalkan senjata perang. Rujukan skema: F5, halaman 216."
Johor Kota Tinggi2023_Q40,radio,F5 Bab 10,A,B,C,D,A,Johor Kota Tinggi/Picture40.png,"中文：这些NGO向受难居民提供食物、医疗及福利等援助，不代替政府建立外交关系。 答案纸参考：F5，第234页。
Bahasa Melayu: NGO menyalurkan makanan, rawatan dan bantuan kebajikan kepada mangsa, bukan menggantikan diplomasi kerajaan. Rujukan skema: F5, halaman 234."
Johor Kulai Set 12023_Q1,radio,F4 Bab 1,A,B,C,D,B,Johor Kulai Set 1/Picture1.png,"中文：征服地区是通过战争取得的领土，与自愿接受宗主权的友好地区不同。 答案纸参考：F4，第7页。
Bahasa Melayu: Wilayah taklukan diperoleh melalui peperangan, berbeza daripada wilayah yang menerima ketuanan secara sukarela. Rujukan skema: F4, halaman 7."
Johor Kulai Set 12023_Q2,radio,F4 Bab 1,A,B,C,D,C,Johor Kulai Set 1/Picture2.png,"中文：海事法第9条规定导航者严重疏忽导致撞船及损坏可判死刑，强调其安全责任。 答案纸参考：F4，第11页。
Bahasa Melayu: Fasal9 menetapkan hukuman bunuh jika kecuaian malim menyebabkan pelanggaran dan kerosakan kapal. Rujukan skema: F4, halaman 11."
Johor Kulai Set 12023_Q3,radio,F4 Bab 2,A,B,C,D,A,Johor Kulai Set 1/Picture3.png,"中文：法国革命推翻专制及等级特权，随后建立共和国，而不是巩固王权。 答案纸参考：F4，第25页。
Bahasa Melayu: Revolusi Perancis menentang monarki mutlak dan keistimewaan golongan tertentu lalu membawa Republik Perancis. Rujukan skema: F4, halaman 25."
Johor Kulai Set 12023_Q4,radio,F4 Bab 2,A,B,C,D,D,Johor Kulai Set 1/Picture4.png,"中文：这些作家借文学、评论及创作传播民族意识，让读者关心民族与国家未来。 答案纸参考：F4，第33页。
Bahasa Melayu: Penulis tersebut membangkitkan kesedaran nasionalisme melalui penulisan kreatif dan kritikan masyarakat. Rujukan skema: F4, halaman 33."
Johor Kulai Set 12023_Q5,radio,F4 Bab 3,A,B,C,D,C,Johor Kulai Set 1/Picture5.png,"中文：盟军迷惑德国对登陆地点的判断，并从西面推进，为解放欧洲创造机会，故II和III正确。 答案纸参考：F4，第63页。
Bahasa Melayu: Bersekutu mengelirukan tempat pendaratan dan mara dari arah barat. MakaII danIII menepati operasi yang dijelaskan. Rujukan skema: F4, halaman 63."
Johor Kulai Set 12023_Q6,radio,F4 Bab 3,A,B,C,D,D,Johor Kulai Set 1/Picture6.png,"中文：马来军团抵抗日本入侵及暴行，保护人民与国土，原答案强调反抗残酷统治。 答案纸参考：F4，第74页。
Bahasa Melayu: Rejimen Askar Melayu mempertahankan tanah air daripada serangan dan kekejaman Jepun. Rujukan skema: F4, halaman 74."
Johor Kulai Set 12023_Q7,radio,F4 Bab 4,A,B,C,D,B,Johor Kulai Set 1/Picture7.png,"中文：《Utusan Melayu》报道联盟削弱王权及人民反对意见，推动公众抗议。 答案纸参考：F4，第102页。
Bahasa Melayu: Utusan Melayu menyuarakan bantahan terhadap Malayan Union dan menyedarkan rakyat tentang kesannya. Rujukan skema: F4, halaman 102."
Johor Kulai Set 12023_Q8,radio,F4 Bab 4,A,B,C,D,A,Johor Kulai Set 1/Picture8.png,"中文：Charles Brooke遗嘱主张维护砂拉越人民权益，Vyner的割让违背其意愿，是反对理由之一。 答案纸参考：F4，第109页。
Bahasa Melayu: Penyerahan oleh Vyner mengetepikan wasiat Charles Brooke tentang kepentingan rakyat Sarawak. Rujukan skema: F4, halaman 109."
Johor Kulai Set 12023_Q9,radio,F4 Bab 5,A,B,C,D,C,Johor Kulai Set 1/Picture9.png,"中文：统治者与UMNO提出新制度，以及马来人的团结反对，促成联邦取代联盟，故II和III正确。 答案纸参考：F4，第132-133页。
Bahasa Melayu: Cadangan raja danUMNO serta penentangan orang Melayu terhadap Malayan Union membawa PTM1948. MakaII danIII tepat. Rujukan skema: F4, halaman 132-133."
Johor Kulai Set 12023_Q10,radio,F4 Bab 5,A,B,C,D,A,Johor Kulai Set 1/Picture10.png,"中文：联邦保障马来人特殊地位并恢复统治者权威，回应联盟引起的忧虑。 答案纸参考：F4，第136页。
Bahasa Melayu: Perjanjian1948 melindungi kedudukan istimewa orang Melayu dan memulihkan kuasa raja. Rujukan skema: F4, halaman 136."
Johor Kulai Set 12023_Q11,radio,F4 Bab 6,A,B,C,D,B,Johor Kulai Set 1/Picture11.png,"中文：破坏锡矿、橡胶及工人住房使生产停顿，削弱国家与英国经济。 答案纸参考：F4，第149页。
Bahasa Melayu: Serangan lombong, pokok getah dan rumah kongsi mengganggu pengeluaran untuk melumpuhkan ekonomi. Rujukan skema: F4, halaman 149."
Johor Kulai Set 12023_Q12,radio,F4 Bab 6,A,B,C,D,D,Johor Kulai Set 1/Picture12.png,"中文：特别警察守卫种植园及矿场，保护经济资源免受共产党破坏。 答案纸参考：F4，第153页。
Bahasa Melayu: Special Constables mengawal ladang dan lombong daripada serangan komunis. Rujukan skema: F4, halaman 153."
Johor Kulai Set 12023_Q13,radio,F4 Bab 7,A,B,C,D,D,Johor Kulai Set 1/Picture13.png,"中文：成员由英国最高专员任命并负责部门，是影子内阁训练制度，不是选举产生。 答案纸参考：F4，第179页。
Bahasa Melayu: Ahli dilantik Pesuruhjaya Tinggi British dan menjaga portfolio dalam kabinet bayangan, bukan dipilih melalui pilihan raya. Rujukan skema: F4, halaman 179."
Johor Kulai Set 12023_Q14,radio,F4 Bab 7,A,B,C,D,A,Johor Kulai Set 1/Picture14.png,"中文：Woodhead报告建议重视英语，并改善沙巴及砂拉越教育管理与教师训练。 答案纸参考：F4，第182页。
Bahasa Melayu: Laporan Woodhead mencadangkan keutamaan bahasa Inggeris serta pembaikan pentadbiran pendidikan dan latihan guru. Rujukan skema: F4, halaman 182."
Johor Kulai Set 12023_Q15,radio,F4 Bab 8,A,B,C,D,C,Johor Kulai Set 1/Picture15.png,"中文：1955年选举训练人民选代表并证明本地自治能力，开辟独立道路。 答案纸参考：F4，第198页。
Bahasa Melayu: Pilihan raya1955 membina pengalaman memilih wakil dan merintis jalan ke arah kemerdekaan. Rujukan skema: F4, halaman 198."
Johor Kulai Set 12023_Q16,radio,F4 Bab 8,A,B,C,D,B,Johor Kulai Set 1/Picture16.png,"中文：要求取消最高专员否决权并减少英国行政权，扩大本地内阁责任，故I和IV正确。 答案纸参考：F4，第206页。
Bahasa Melayu: Kabinet meminta pembatalan veto dan mengurangkan kuasa pentadbiran British. MakaI danIV tepat. Rujukan skema: F4, halaman 206."
Johor Kulai Set 12023_Q17,radio,F4 Bab 9,A,B,C,D,C,Johor Kulai Set 1/Picture17.png,"中文：委员会举行讨论会研究各种意见与宪政问题，最终拟定独立宪法。 答案纸参考：F4，第221页。
Bahasa Melayu: Suruhanjaya mengadakan persidangan untuk membincangkan pelbagai isu dan menggubal Perlembagaan merdeka. Rujukan skema: F4, halaman 221."
Johor Kulai Set 12023_Q18,radio,F4 Bab 9,A,B,C,D,D,Johor Kulai Set 1/Picture18.png,"中文：1957年协议形成联邦独立宪法，确立权力、人民权益及君主立宪制度。 答案纸参考：F4，第224页。
Bahasa Melayu: Perjanjian1957 membentuk Perlembagaan PTM merdeka yang menetapkan kuasa, hak rakyat dan Raja Berperlembagaan. Rujukan skema: F4, halaman 224."
Johor Kulai Set 12023_Q19,radio,F4 Bab 10,A,B,C,D,B,Johor Kulai Set 1/Picture19.png,"中文：庆典及设施展示独立国家身份，让国家在国际及人民面前拥有共同象征。 答案纸参考：F4，第236页。
Bahasa Melayu: Persediaan sambutan menonjolkan identiti dan lambang bersama negara merdeka. Rujukan skema: F4, halaman 236."
Johor Kulai Set 12023_Q20,radio,F4 Bab 10,A,B,C,D,C,Johor Kulai Set 1/Picture20.png,"中文：纪念奖章绘有东姑头像及马来半岛地图，故II和III符合课本描述。 答案纸参考：F4，第239页。
Bahasa Melayu: Pingat tersebut mempunyai gambar Tunku dan peta Semenanjung Tanah Melayu. MakaII danIII tepat. Rujukan skema: F4, halaman 239."
Johor Kulai Set 12023_Q21,radio,F5 Bab 1,A,B,C,D,D,Johor Kulai Set 1/Picture21.png,"中文：马来语主权指国家最高权力，可以自主统治，不只是领袖个人伟大。 答案纸参考：F5，第4页。
Bahasa Melayu: Kedaulatan dalam bahasa Melayu bermaksud kekuasaan tertinggi negara untuk memerintah sendiri. Rujukan skema: F5, halaman 4."
Johor Kulai Set 12023_Q22,radio,F5 Bab 1,A,B,C,D,C,Johor Kulai Set 1/Picture22.png,"中文：人民理解并实践国家原则，培养尊重与团结，协助维护主权。 答案纸参考：F5，第13页。
Bahasa Melayu: Rakyat menghayati Rukun Negara untuk membina hormat dan perpaduan bagi menjaga kedaulatan. Rujukan skema: F5, halaman 13."
Johor Kulai Set 12023_Q23,radio,F5 Bab 2,A,B,C,D,B,Johor Kulai Set 1/Picture23.png,"中文：霹雳州议会讨论及制定州法律，开启更制度化立法过程。 答案纸参考：F5，第25页。
Bahasa Melayu: Majlis Negeri Perak membincangkan dan menggubal undang-undang negeri melalui institusi yang tersusun. Rujukan skema: F5, halaman 25."
Johor Kulai Set 12023_Q24,radio,F5 Bab 2,A,B,C,D,C,Johor Kulai Set 1/Picture24.png,"中文：成立马来西亚加入沙巴、砂拉越及新加坡，1963年宪法须按新组成调整。 答案纸参考：F5，第30页。
Bahasa Melayu: Pembentukan Malaysia1963 memasukkan negeri baharu dan memerlukan pindaan Perlembagaan. Rujukan skema: F5, halaman 30."
Johor Kulai Set 12023_Q25,radio,F5 Bab 3,A,B,C,D,B,Johor Kulai Set 1/Picture25.png,"中文：联邦宪法承认君主地位与权限，保障制度延续，同时限制在宪政框架内。 答案纸参考：F5，第41页。
Bahasa Melayu: Perlembagaan mengiktiraf kedudukan dan kuasa raja dalam kerangka Raja Berperlembagaan. Rujukan skema: F5, halaman 41."
Johor Kulai Set 12023_Q26,radio,F5 Bab 3,A,B,C,D,A,Johor Kulai Set 1/Picture26.png,"中文：投票让人民选择代表，参与决定政府与政策方向，是民主责任。 答案纸参考：F5，第50页。
Bahasa Melayu: Mengundi membolehkan rakyat memilih wakil dan menentukan kepimpinan kerajaan sebagai tanggungjawab demokrasi. Rujukan skema: F5, halaman 50."
Johor Kulai Set 12023_Q27,radio,F5 Bab 4,A,B,C,D,D,Johor Kulai Set 1/Picture27.png,"中文：宪法分别赋予中央与州行政及立法权限，故III和IV是这里问的两类权力。 答案纸参考：F5，第68页。
Bahasa Melayu: Perlembagaan memperuntukkan kuasa perundangan dan pemerintahan antara Persekutuan dengan negeri. MakaIII danIV tepat. Rujukan skema: F5, halaman 68."
Johor Kulai Set 12023_Q28,radio,F5 Bab 4,A,B,C,D,A,Johor Kulai Set 1/Picture28.png,"中文：2014年房屋措施重视可负担房屋，让更多家庭有能力拥有住所。 答案纸参考：F5，第76-77页。
Bahasa Melayu: Langkah perumahan2014 menekankan rumah mampu milik supaya lebih ramai keluarga memiliki rumah sendiri. Rujukan skema: F5, halaman 76-77."
Johor Kulai Set 12023_Q29,radio,F5 Bab 5,A,B,C,D,C,Johor Kulai Set 1/Picture29.png,"中文：与新加坡联合有助控制当地共产主义势力，避免威胁扩及马来亚。 答案纸参考：F5，第93页。
Bahasa Melayu: Penggabungan Singapura membantu membendung pengaruh komunis yang boleh mengancam Tanah Melayu. Rujukan skema: F5, halaman 93."
Johor Kulai Set 12023_Q30,radio,F5 Bab 5,A,B,C,D,A,Johor Kulai Set 1/Picture30.png,"中文：1965年印尼政治变化后展开谈判，最终1966年结束对抗。题表把Suharto在1965年9月30日直接称总统是简化或笔误。 答案纸参考：F5，第108页。
Bahasa Melayu: Perubahan politik Indonesia1965 membawa rundingan dan penamatan konfrontasi pada1966. Jadual yang terus menyebutSuharto menjadi presiden pada30September1965 tidak tepat. Rujukan skema: F5, halaman 108."
Johor Kulai Set 12023_Q31,radio,F5 Bab 6,A,B,C,D,D,Johor Kulai Set 1/Picture31.png,"中文：边境合作让邻国协调安全行动，阻断共产党跨境活动；Hammer行动则针对砂拉越。 答案纸参考：F5，第125页。
Bahasa Melayu: Perjanjian Kerjasama Sempadan menyelaraskan tindakan negara jiran untuk menyekat pergerakan komunis; OperasiHammer berkaitan Sarawak. Rujukan skema: F5, halaman 125."
Johor Kulai Set 12023_Q32,radio,F5 Bab 6,A,B,C,D,A,Johor Kulai Set 1/Picture32.png,"中文：技术及职业训练提高就业技能，帮助失业者应对工作机会不足。 答案纸参考：F5，第128页。
Bahasa Melayu: Latihan vokasional dan teknikal meningkatkan kemahiran pekerjaan untuk menangani pengangguran. Rujukan skema: F5, halaman 128."
Johor Kulai Set 12023_Q33,radio,F5 Bab 7,A,B,C,D,C,Johor Kulai Set 1/Picture33.png,"中文：Aminuddin Baki建议多科系学校及国民学校，提供技能学习和共同教育体验，故II和III正确。 答案纸参考：F5，第145页。
Bahasa Melayu: Kajian Aminuddin Baki mencadangkan sekolah aneka jurusan dan kebangsaan untuk kemahiran serta pengalaman bersama. MakaII danIII tepat. Rujukan skema: F5, halaman 145."
Johor Kulai Set 12023_Q34,radio,F5 Bab 7,A,B,C,D,A,Johor Kulai Set 1/Picture34.png,"中文：尊重宪法崇高地位，接受其作为国家制度与权力基础，是实践“维护宪法”。 答案纸参考：F5，第159页。
Bahasa Melayu: Menerima kemuliaan Perlembagaan sebagai asas institusi dan kuasa negara menepati Keluhuran Perlembagaan. Rujukan skema: F5, halaman 159."
Johor Kulai Set 12023_Q35,radio,F5 Bab 8,A,B,C,D,A,Johor Kulai Set 1/Picture35.png,"中文：FELDA开发新土地并安置农业居民，扩大收入机会。它成立于1956年，早于DEB，题干说在DEB下成立不准确。 答案纸参考：F5，第170页。
Bahasa Melayu: FELDA membuka tanah baharu dan menempatkan peneroka untuk peluang pendapatan. Ia ditubuhkan pada1956 sebelumDEB, bukan baru di bawah dasar itu. Rujukan skema: F5, halaman 170."
Johor Kulai Set 12023_Q36,radio,F5 Bab 8,A,B,C,D,B,Johor Kulai Set 1/Picture36.png,"中文：接触新技术、训练及商业知识让土著企业适应现代生产并提高竞争能力。 答案纸参考：F5，第177页。
Bahasa Melayu: Pendedahan teknologi baharu dan latihan membantu bumiputera bersaing dalam perniagaan moden. Rujukan skema: F5, halaman 177."
Johor Kulai Set 12023_Q37,radio,F5 Bab 9,A,B,C,D,D,Johor Kulai Set 1/Picture37.png,"中文：国际环境及历史联系影响外交方向，故III和IV符合课本标准因素；贸易也与国家需要有关。 答案纸参考：F5，第197页。
Bahasa Melayu: Persekitaran luar dan ikatan sejarah ialah faktor dasar luar yang dinyatakan buku teks. MakaIII danIV tepat; perdagangan juga berkaitan kepentingan nasional. Rujukan skema: F5, halaman 197."
Johor Kulai Set 12023_Q38,radio,F5 Bab 9,A,B,C,D,B,Johor Kulai Set 1/Picture38.png,"中文：种族隔离侵犯非白人权利，马来西亚反对它是维护人权与平等。 答案纸参考：F5，第207页。
Bahasa Melayu: Apartheid menindas hak bukan kulit putih; penentangan Malaysia mempertahankan hak asasi manusia. Rujukan skema: F5, halaman 207."
Johor Kulai Set 12023_Q39,radio,F5 Bab 9,A,B,C,D,D,Johor Kulai Set 1/Picture39.png,"中文：提倡温和与包容反驳把穆斯林概括为暴力、落后等刻板印象。 答案纸参考：F5，第215页。
Bahasa Melayu: Nilai kesederhanaan menolak tohmahan dan stereotaip terhadap masyarakat Islam melalui sikap seimbang serta toleransi. Rujukan skema: F5, halaman 215."
Johor Kulai Set 12023_Q40,radio,F5 Bab 10,A,B,C,D,B,Johor Kulai Set 1/Picture40.png,"中文：援助巴勒斯坦旨在维护其人民权利及正义，缓解侵害与苦难。 答案纸参考：F5，第234页。
Bahasa Melayu: Malaysia membantu Palestin untuk menuntut pembelaan, hak dan keadilan rakyatnya. Rujukan skema: F5, halaman 234."
Johor Kulai Set 22023_Q1,radio,F4 Bab 1,A,B,C,D,B,Johor Kulai Set 2/Picture1.png,"中文：马六甲的六项特征包括政府、人民、主权、法律、势力范围及王权象征，因此X是政府。 答案纸参考：F4，第6-7页。
Bahasa Melayu: Enam ciri Melaka merangkumi kerajaan, rakyat, kedaulatan, undang-undang, wilayah pengaruh dan lambang kebesaran. X ialah kerajaan. Rujukan skema: F4, halaman 6-7."
Johor Kulai Set 22023_Q2,radio,F4 Bab 1,A,B,C,D,A,Johor Kulai Set 2/Picture2.png,"中文：苏丹把属地行政授权给四大臣，使其管理各自势力地区，而非只限单一城镇。 答案纸参考：F4，第8页。
Bahasa Melayu: Sultan memberikan kuasa pentadbiran wilayah kepada Pembesar Berempat untuk mengurus kawasan masing-masing. Rujukan skema: F4, halaman 8."
Johor Kulai Set 22023_Q3,radio,F4 Bab 2,A,B,C,D,C,Johor Kulai Set 2/Picture3.png,"中文：革命改变法国统治制度，结束专制并迈向共和；攻占Bastille是革命初期事件，不是终结方式。 答案纸参考：F4，第25页。
Bahasa Melayu: Revolusi mengubah sistem pemerintahan Perancis daripada monarki mutlak kepada republik; serangan Bastille ialah peristiwa awal. Rujukan skema: F4, halaman 25."
Johor Kulai Set 22023_Q4,radio,F4 Bab 2,A,B,C,D,D,Johor Kulai Set 2/Picture4.png,"中文：Za'ba通过报刊及创作表达教育、社会进步与民族意识，采用思想宣传而非武装斗争。 答案纸参考：F4，第33页。
Bahasa Melayu: Za'ba menyampaikan idea pendidikan, kemajuan dan kesedaran bangsa melalui penulisan serta akhbar. Rujukan skema: F4, halaman 33."
Johor Kulai Set 22023_Q5,radio,F4 Bab 3,A,B,C,D,A,Johor Kulai Set 2/Picture5.png,"中文：法西斯极端民族主义强调恢复意大利尊严、地位及国家形象，支持扩张并压倒个人自由。 答案纸参考：F4，第58页。
Bahasa Melayu: Fasisme menekankan nasionalisme melampau untuk memulihkan maruah dan imej Itali serta menyokong peluasan kuasa. Rujukan skema: F4, halaman 58."
Johor Kulai Set 22023_Q6,radio,F4 Bab 3,A,B,C,D,C,Johor Kulai Set 2/Picture6.png,"中文：使用马来人部队对抗主要华人成员的MPAJA，导致军事冲突转化成族群紧张。 答案纸参考：F4，第75页。
Bahasa Melayu: Penggunaan pasukan Melayu menentang MPAJA menimbulkan ketegangan kaum kerana perbezaan komposisi pasukan. Rujukan skema: F4, halaman 75."
Johor Kulai Set 22023_Q7,radio,F4 Bab 4,A,B,C,D,D,Johor Kulai Set 2/Picture7.png,"中文：白皮书说明联盟把马来州行政直接交给英国，改变保护国关系并削弱王权。 答案纸参考：F4，第96页。
Bahasa Melayu: Kertas Putih menerangkan pengambilalihan pemerintahan Tanah Melayu oleh British melalui Malayan Union. Rujukan skema: F4, halaman 96."
Johor Kulai Set 22023_Q8,radio,F4 Bab 4,A,B,C,D,B,Johor Kulai Set 2/Picture8.png,"中文：原答案B说明英国向Brooke施压促成割让，但题干问英国为何要砂拉越，B并未解释动机。课本真正动机包括资源及投资利益，现有选项不完整。 答案纸参考：F4，第107页。
Bahasa Melayu: SkemaB menyatakan desakan British sebagai faktor penyerahan, tetapi tidak menjawab sebab British berminat. Buku teks menyebut kepentingan sumber dan pelaburan yang tidak jelas dalam pilihan. Rujukan skema: F4, halaman 107."
Johor Kulai Set 22023_Q9,radio,F4 Bab 5,A,B,C,D,A,Johor Kulai Set 2/Picture9.png,"中文：1948年联邦设联邦议会机构，新加坡保持独立殖民地，故I和II正确；由最高专员而非每州总督领导。 答案纸参考：F4，第134-135页。
Bahasa Melayu: PTM1948 membentuk Majlis Mesyuarat Persekutuan dan Singapura kekal jajahan berasingan. MakaI danII tepat. Rujukan skema: F4, halaman 134-135."
Johor Kulai Set 22023_Q10,radio,F4 Bab 5,A,B,C,D,D,Johor Kulai Set 2/Picture10.png,"中文：联邦恢复统治者主权及地位，D符合原答案；C收紧公民权也是真实特点，选项有内容重叠。 答案纸参考：F4，第136-137页。
Bahasa Melayu: Persekutuan memulihkan kedudukan raja, makaD menepati skema. Syarat kewarganegaraan yang ketat dalamC juga benar sebagai ciri perjanjian. Rujukan skema: F4, halaman 136-137."
Johor Kulai Set 22023_Q11,radio,F4 Bab 6,A,B,C,D,C,Johor Kulai Set 2/Picture11.png,"中文：破坏铁路妨碍货运与产业运作，以削弱英国经济；断铁路是手段，经济瘫痪是目的。 答案纸参考：F4，第148页。
Bahasa Melayu: Sabotaj kereta api mengganggu pengangkutan dan kegiatan ekonomi British; pemutusan landasan ialah cara, ekonomi lemah ialah tujuan. Rujukan skema: F4, halaman 148."
Johor Kulai Set 22023_Q12,radio,F4 Bab 6,A,B,C,D,B,Johor Kulai Set 2/Picture12.png,"中文：Briggs计划把居民迁入新村，切断民运向森林共产党供应食物、药物及情报。 答案纸参考：F4，第157页。
Bahasa Melayu: Rancangan Briggs memutuskan hubungan PKM dengan Min Yuen melalui penempatan semula supaya bekalan disekat. Rujukan skema: F4, halaman 157."
Johor Kulai Set 22023_Q13,radio,F4 Bab 7,A,B,C,D,D,Johor Kulai Set 2/Picture13.png,"中文：成员具有部长级职务，并组成影子内阁训练本地行政，故III和IV正确；任命者是最高专员。 答案纸参考：F4，第179页。
Bahasa Melayu: Ahli bertaraf menteri dalam kabinet bayangan. MakaIII danIV tepat; pelantikan oleh Pesuruhjaya Tinggi. Rujukan skema: F4, halaman 179."
Johor Kulai Set 22023_Q14,radio,F4 Bab 7,A,B,C,D,A,Johor Kulai Set 2/Picture14.png,"中文：Barnes报告建议小学使用马来语或英语、中学使用英语，符合这组语言安排。 答案纸参考：F4，第180页。
Bahasa Melayu: Laporan Barnes mencadangkan bahasa Melayu atau Inggeris di sekolah rendah dan Inggeris di sekolah menengah. Rujukan skema: F4, halaman 180."
Johor Kulai Set 22023_Q15,radio,F4 Bab 8,A,B,C,D,B,Johor Kulai Set 2/Picture15.png,"中文：原答案B写马来语，但课本1955年候选人条件是懂英语。题目选项没有对应英语，因此可能把B语言写错；不可把它记成历史事实。 答案纸参考：F4，第200页。
Bahasa Melayu: SkemaB menyebut bahasa Melayu, tetapi syarat calon1955 dalam buku teks ialah berpengetahuan bahasa Inggeris. Tiada pilihan sepadan, maka bahasa dalamB mungkin tersalah cetak. Rujukan skema: F4, halaman 200."
Johor Kulai Set 22023_Q16,radio,F4 Bab 8,A,B,C,D,D,Johor Kulai Set 2/Picture16.png,"中文：本地内阁逐步取得行政权，减少英国直接控制，为自治及独立作准备。 答案纸参考：F4，第206-207页。
Bahasa Melayu: Kabinet tempatan mengurangkan kuasa pentadbiran British sebagai persediaan berkerajaan sendiri dan merdeka. Rujukan skema: F4, halaman 206-207."
Johor Kulai Set 22023_Q17,radio,F4 Bab 9,A,B,C,D,B,Johor Kulai Set 2/Picture17.png,"中文：里德委员会负责拟定独立联邦宪法；收集沙巴砂拉越意见是后来科博尔委员会工作。 答案纸参考：F4，第220页。
Bahasa Melayu: Suruhanjaya Reid merangka Perlembagaan PTM merdeka; tinjauan Sabah danSarawak tugas Cobbold kemudian. Rujukan skema: F4, halaman 220."
Johor Kulai Set 22023_Q18,radio,F4 Bab 9,A,B,C,D,A,Johor Kulai Set 2/Picture18.png,"中文：依法自动取得的公民权属于法律实施方式，不需要另行申请才能生效；出生条件要按当时协议理解。 答案纸参考：F4，第224页。
Bahasa Melayu: Kewarganegaraan yang diperoleh secara automatik menurut peruntukan ialah kuat kuasa undang-undang. Rujukan skema: F4, halaman 224."
Johor Kulai Set 22023_Q19,radio,F4 Bab 10,A,B,C,D,C,Johor Kulai Set 2/Picture19.png,"中文：庆典委员会布置旗帜与灯饰，营造独立庆祝气氛，让庆典更热闹庄重。 答案纸参考：F4，第237页。
Bahasa Melayu: Jawatankuasa Sambutan menghias bendera dan lampu untuk memeriahkan sambutan kemerdekaan. Rujukan skema: F4, halaman 237."
Johor Kulai Set 22023_Q20,radio,F4 Bab 10,A,B,C,D,C,Johor Kulai Set 2/Picture20.png,"中文：独立宣告标志自由国家及主权国家诞生，故II和III正确。英国统治结束也是真实结果，因此IV不应被理解为错。 答案纸参考：F4，第240页。
Bahasa Melayu: Pemasyhuran menandakan negara merdeka dan berdaulat lahir, makaII danIII tepat. Berakhirnya pentadbiran British juga benar, jadiIV bukan salah dari segi sejarah. Rujukan skema: F4, halaman 240."
Johor Kulai Set 22023_Q21,radio,F5 Bab 1,A,B,C,D,D,Johor Kulai Set 2/Picture21.png,"中文：Ibnu Khaldun强调团体凝聚与归属精神是形成国家权力的重要基础。 答案纸参考：F5，第5页。
Bahasa Melayu: Ibnu Khaldun menekankan semangat kekitaan sebagai asas kekuasaan dan pembentukan negara. Rujukan skema: F5, halaman 5."
Johor Kulai Set 22023_Q22,radio,F5 Bab 1,A,B,C,D,A,Johor Kulai Set 2/Picture22.png,"中文：共同展示不同文化说明人民能尊重多样性并维护族群团结。 答案纸参考：F5，第13页。
Bahasa Melayu: Paparan budaya pelbagai kaum menunjukkan penghormatan terhadap kepelbagaian dan kepentingan mengekalkan perpaduan. Rujukan skema: F5, halaman 13."
Johor Kulai Set 22023_Q23,radio,F5 Bab 2,A,B,C,D,C,Johor Kulai Set 2/Picture23.png,"中文：州议会会议形成制度化法律讨论，推动现代国家法律的发展。 答案纸参考：F5，第25页。
Bahasa Melayu: Mesyuarat Majlis Negeri merintis pembentukan undang-undang melalui institusi perbincangan rasmi. Rujukan skema: F5, halaman 25."
Johor Kulai Set 22023_Q24,radio,F5 Bab 2,A,B,C,D,B,Johor Kulai Set 2/Picture24.png,"中文：1963年修宪改变高等法院结构，并设立婆罗洲高等法院，故I和IV正确。 答案纸参考：F5，第30页。
Bahasa Melayu: Pindaan1963 mengubah struktur Mahkamah Atasan dan membentuk Mahkamah Tinggi Borneo. MakaI danIV tepat. Rujukan skema: F5, halaman 30."
Johor Kulai Set 22023_Q25,radio,F5 Bab 3,A,B,C,D,D,Johor Kulai Set 2/Picture25.png,"中文：柔佛及登嘉楼宪法规定国家制度并限制领土权力转让，维护州的主权。 答案纸参考：F5，第39页。
Bahasa Melayu: Perlembagaan Johor danTerengganu mengatur pemerintahan serta mempertahankan kedaulatan negeri. Rujukan skema: F5, halaman 39."
Johor Kulai Set 22023_Q26,radio,F5 Bab 3,A,B,C,D,A,Johor Kulai Set 2/Picture26.png,"中文：SUHAKAM宣传并保护马来西亚人权，通过研究、教育及调查相关问题履职。 答案纸参考：F5，第51页。
Bahasa Melayu: SUHAKAM mempromosi dan melindungi hak asasi manusia diMalaysia melalui pendidikan serta penelitian aduan. Rujukan skema: F5, halaman 51."
Johor Kulai Set 22023_Q27,radio,F5 Bab 4,A,B,C,D,D,Johor Kulai Set 2/Picture27.png,"中文：外交及公民权属于联邦，文化体育与福利属于共同权限，故III和IV正确。 答案纸参考：F5，第69页。
Bahasa Melayu: Hal ehwal luar negeri dan kewarganegaraan ialah kuasa Persekutuan. MakaIII danIV tepat. Rujukan skema: F5, halaman 69."
Johor Kulai Set 22023_Q28,radio,F5 Bab 4,A,B,C,D,B,Johor Kulai Set 2/Picture28.png,"中文：可负担房屋计划协助中等收入家庭购买房屋，原答案B对应此目标群体，实际资格还按各计划规定。 答案纸参考：F5，第77页。
Bahasa Melayu: Program rumah mampu milik membantu golongan pertengahan membeli rumah; kelayakan khusus tertakluk pada setiap skim. Rujukan skema: F5, halaman 77."
Johor Kulai Set 22023_Q29,radio,F5 Bab 5,A,B,C,D,C,Johor Kulai Set 2/Picture29.png,"中文：反对政党把马来西亚视为新殖民安排，担心英国影响延续，因而反对。 答案纸参考：F5，第97页。
Bahasa Melayu: Parti penentang menganggap Malaysia sebagai penjajahan baharu yang meneruskan pengaruh British. Rujukan skema: F5, halaman 97."
Johor Kulai Set 22023_Q30,radio,F5 Bab 5,A,B,C,D,A,Johor Kulai Set 2/Picture30.png,"中文：马来西亚以外交谈判及国际协调处理对抗，避免发动全面战争。 答案纸参考：F5，第108页。
Bahasa Melayu: Malaysia menggunakan diplomasi dan rundingan untuk menyelesaikan konfrontasi tanpa melancarkan perang menyeluruh. Rujukan skema: F5, halaman 108."
Johor Kulai Set 22023_Q31,radio,F5 Bab 6,A,B,C,D,C,Johor Kulai Set 2/Picture31.png,"中文：Hammer把居民集中安置，类似Briggs的新村策略，以阻断对共产党支援。 答案纸参考：F5，第122页。
Bahasa Melayu: Operasi Hammer menempatkan semula penduduk seperti Rancangan Briggs untuk memutuskan bantuan kepada komunis. Rujukan skema: F5, halaman 122."
Johor Kulai Set 22023_Q32,radio,F5 Bab 6,A,B,C,D,B,Johor Kulai Set 2/Picture32.png,"中文：职业及技术训练赋予青年工作技能，提升就业能力以降低失业。 答案纸参考：F5，第128页。
Bahasa Melayu: Latihan vokasional dan teknikal meningkatkan kemahiran belia untuk mengurangkan pengangguran. Rujukan skema: F5, halaman 128."
Johor Kulai Set 22023_Q33,radio,F5 Bab 7,A,B,C,D,D,Johor Kulai Set 2/Picture33.png,"中文：多科系学校与技能课程适合不同学生能力并培养熟练劳动，故III和IV正确。 答案纸参考：F5，第145页。
Bahasa Melayu: Sekolah aneka jurusan dan kursus kemahiran melahirkan tenaga kerja terlatih mengikut kebolehan murid. MakaIII danIV tepat. Rujukan skema: F5, halaman 145."
Johor Kulai Set 22023_Q34,radio,F5 Bab 7,A,B,C,D,B,Johor Kulai Set 2/Picture34.png,"中文：该纪念标志的月星对应“信奉上苍”，须按这枚标志的说明理解。 答案纸参考：F5，第157页。
Bahasa Melayu: Bulan dan bintang dalam logo ulang tahun tersebut melambangkan Kepercayaan kepada Tuhan. Rujukan skema: F5, halaman 157."
Johor Kulai Set 22023_Q35,radio,F5 Bab 8,A,B,C,D,A,Johor Kulai Set 2/Picture35.png,"中文：无人机可把农药及液体肥料喷洒到稻田，减少人工及提高作业效率。 答案纸参考：F5，第179页。
Bahasa Melayu: Dron menyembur racun dan baja cecair di sawah untuk mempercepat kerja serta meningkatkan kecekapan. Rujukan skema: F5, halaman 179."
Johor Kulai Set 22023_Q36,radio,F5 Bab 8,A,B,C,D,C,Johor Kulai Set 2/Picture36.png,"中文：政府机构提供青年培训，提高就业技能及收入以消除贫困。表中的DPN名称应为Dasar Pembangunan Nasional，标准时期为1991至2000年。 答案纸参考：F5，第176页。
Bahasa Melayu: Latihan belia di agensi kerajaan meningkatkan pekerjaan dan pendapatan untuk membasmi kemiskinan. Nama rasmi ialah Dasar Pembangunan Nasional dengan tempoh1991–2000. Rujukan skema: F5, halaman 176."
Johor Kulai Set 22023_Q37,radio,F5 Bab 9,A,B,C,D,D,Johor Kulai Set 2/Picture37.png,"中文：外交必须照顾海外马来西亚人的安全与福利，是维护国家利益的一部分。 答案纸参考：F5，第197页。
Bahasa Melayu: Dasar luar menjaga kebajikan rakyat Malaysia di luar negara sebagai sebahagian kepentingan nasional. Rujukan skema: F5, halaman 197."
Johor Kulai Set 22023_Q38,radio,F5 Bab 9,A,B,C,D,A,Johor Kulai Set 2/Picture38.png,"中文：科伦坡计划提供教育与发展援助，包括到成员国学习机会，符合继续升学需要。 答案纸参考：F5，第206页。
Bahasa Melayu: Rancangan Colombo membantu pendidikan dan latihan di negara anggota, sesuai bagi peluang melanjutkan pelajaran. Rujukan skema: F5, halaman 206."
Johor Kulai Set 22023_Q39,radio,F5 Bab 9,A,B,C,D,B,Johor Kulai Set 2/Picture39.png,"中文：温和价值反驳把穆斯林同暴力、贫困及落后挂钩的刻板印象。 答案纸参考：F5，第215页。
Bahasa Melayu: Nilai kesederhanaan menolak tohmahan3K dan menonjolkan sikap seimbang masyarakat Islam. Rujukan skema: F5, halaman 215."
Johor Kulai Set 22023_Q40,radio,F5 Bab 10,A,B,C,D,C,Johor Kulai Set 2/Picture40.png,"中文：志愿援助帮助战争与灾害受害者，改善弱势群体生活，不等于执行政府外交或军事任务。 答案纸参考：F5，第234页。
Bahasa Melayu: Kesukarelawanan membantu golongan tidak bernasib baik akibat konflik dan bencana, bukan tugas diplomatik atau ketenteraan. Rujukan skema: F5, halaman 234."
Johor Muar2023_Q1,radio,F4 Bab 1,A,B,C,D,B,Johor Muar/Picture1.png,"中文：属国自愿承认马六甲宗主权，属于保护关系，不一定经过战争取得。 答案纸参考：F4，第7页。
Bahasa Melayu: Wilayah naungan menerima ketuanan Melaka secara sukarela dan tidak semestinya ditakluk melalui perang. Rujukan skema: F4, halaman 7."
Johor Muar2023_Q2,radio,F4 Bab 1,A,B,C,D,D,Johor Muar/Picture2.png,"中文：中央行政分工让陆上治安与海上防卫受到有效管理，建立和平环境。 答案纸参考：F4，第9页。
Bahasa Melayu: Pembahagian tugas pentadbiran pusat memastikan keselamatan darat dan laut diurus dengan berkesan. Rujukan skema: F4, halaman 9."
Johor Muar2023_Q3,radio,F4 Bab 2,A,B,C,D,C,Johor Muar/Picture3.png,"中文：Thomas Jefferson起草美国独立宣言，提出殖民地脱离英国及人民权利。 答案纸参考：F4，第25页。
Bahasa Melayu: Thomas Jefferson menulis Perisytiharan Kemerdekaan Amerika tentang kebebasan daripadaBritish dan hak rakyat. Rujukan skema: F4, halaman 25."
Johor Muar2023_Q4,radio,F4 Bab 2,A,B,C,D,B,Johor Muar/Picture4.png,"中文：吉打苏丹抵抗英国东印度公司，要求收回槟城，故I和IV正确。 答案纸参考：F4，第32页。
Bahasa Melayu: Sultan Kedah menentangSHTI untuk mendapatkan semulaPulauPinang. MakaI danIV tepat. Rujukan skema: F4, halaman 32."
Johor Muar2023_Q5,radio,F4 Bab 3,A,B,C,D,A,Johor Muar/Picture5.png,"中文：法西斯以极端民族主义宣称恢复国家尊严与形象，为扩张提供理由。 答案纸参考：F4，第58页。
Bahasa Melayu: Fasisme menggunakan nasionalisme melampau untuk memulihkan maruah dan imejItali serta menyokong peluasan. Rujukan skema: F4, halaman 58."
Johor Muar2023_Q6,radio,F4 Bab 3,A,B,C,D,A,Johor Muar/Picture6.png,"中文：Tengku Mahmood主持印度广播鼓舞马来亚抗日，因贡献被称马来亚之虎。 答案纸参考：F4，第76页。
Bahasa Melayu: Tengku Mahmood mengelolakan siaran radio dariIndia untuk membangkitkan penentangan terhadapJepun dan digelarHarimauMalaya. Rujukan skema: F4, halaman 76."
Johor Muar2023_Q7,radio,F4 Bab 4,A,B,C,D,D,Johor Muar/Picture7.png,"中文：联盟统一行政，保障英国投资、防务及外来居民劳力资源。 答案纸参考：F4，第96页。
Bahasa Melayu: MalayanUnion menyatukan pentadbiran untuk kepentingan pelaburan, pertahanan dan tenaga kerjaBritish. Rujukan skema: F4, halaman 96."
Johor Muar2023_Q8,radio,F4 Bab 4,A,B,C,D,B,Johor Muar/Picture8.png,"中文：Brooke割让后，砂拉越成为英国直接殖民地，自治地位受影响。 答案纸参考：F4，第108页。
Bahasa Melayu: Penyerahan olehBrooke menjadikanSarawak tanah jajahanBritish dan menjejaskan pemerintahan sendiri. Rujukan skema: F4, halaman 108."
Johor Muar2023_Q9,radio,F4 Bab 5,A,B,C,D,C,Johor Muar/Picture9.png,"中文：工作委员会讨论新联邦协议基础，拟定取代马来亚联盟的安排。 答案纸参考：F4，第126页。
Bahasa Melayu: JawatankuasaKerja membincangkan asas perjanjian baharu untuk menggantikanMalayanUnion. Rujukan skema: F4, halaman 126."
Johor Muar2023_Q10,radio,F4 Bab 5,A,B,C,D,B,Johor Muar/Picture10.png,"中文：联邦恢复马来统治者主权，强化王室地位；国家元首职位是1957年。 答案纸参考：F4，第136页。
Bahasa Melayu: PTM1948 memulihkan kuasa dan kedudukanRaja-rajaMelayu; jawatanYDPA diperkenalkan pada1957. Rujukan skema: F4, halaman 136."
Johor Muar2023_Q11,radio,F4 Bab 6,A,B,C,D,A,Johor Muar/Picture11.png,"中文：共产党制造暴力使人民认为英国无法维护秩序，削弱对政府信任。 答案纸参考：F4，第149页。
Bahasa Melayu: Keganasan komunis menyebabkan penduduk hilang keyakinan terhadap kemampuanBritish menjaga keamanan. Rujukan skema: F4, halaman 149."
Johor Muar2023_Q12,radio,F4 Bab 6,A,B,C,D,A,Johor Muar/Picture12.png,"中文：争取民心措施鼓励群众支持政府并拒绝支援共产党，提高反共合作。 答案纸参考：F4，第159页。
Bahasa Melayu: Kempen memenangi hati dan fikiran menggalakkan rakyat bekerjasama menentang komunis. Rujukan skema: F4, halaman 159."
Johor Muar2023_Q13,radio,F4 Bab 7,A,B,C,D,B,Johor Muar/Picture13.png,"中文：成员制度给予本地行政经验，成为自治独立基础，故I和IV正确。 答案纸参考：F4，第179页。
Bahasa Melayu: SistemAhli memberi pengalaman pentadbiran dan asas kemerdekaan. MakaI danIV tepat. Rujukan skema: F4, halaman 179."
Johor Muar2023_Q14,radio,F4 Bab 7,A,B,C,D,D,Johor Muar/Picture14.png,"中文：条例面对母语教育等反对，原答案D概括族群异议；财政及教师不足也是课本限制，不能只记一个原因。 答案纸参考：F4，第181页。
Bahasa Melayu: Ordinan1952 menghadapi bantahan mengenai pendidikan vernakular. SkemaD merujuk tentangan kaum; kewangan dan guru juga kekangan. Rujukan skema: F4, halaman 181."
Johor Muar2023_Q15,radio,F4 Bab 8,A,B,C,D,C,Johor Muar/Picture15.png,"中文：1954年伦敦访问争取增加联邦议会民选议员，为大选与自治铺路。 答案纸参考：F4，第199页。
Bahasa Melayu: Lawatan1954 menuntut bilangan anggotaMPP yang dipilih rakyat sebagai persediaan pilihan raya. Rujukan skema: F4, halaman 199."
Johor Muar2023_Q16,radio,F4 Bab 8,A,B,C,D,C,Johor Muar/Picture16.png,"中文：取消最高专员否决权减少英国控制，使本地内阁承担更多决策。 答案纸参考：F4，第206页。
Bahasa Melayu: Pembatalan veto PesuruhjayaTinggi mengurangkan kawalanBritish dan memperluas kuasa kabinet. Rujukan skema: F4, halaman 206."
Johor Muar2023_Q17,radio,F4 Bab 9,A,B,C,D,D,Johor Muar/Picture17.png,"中文：委员会向居民征求建议并接受备忘录，以了解独立宪法需要。 答案纸参考：F4，第221页。
Bahasa Melayu: Suruhanjaya meminta cadangan dan memorandum penduduk untuk merangkaPerlembagaan merdeka. Rujukan skema: F4, halaman 221."
Johor Muar2023_Q18,radio,F4 Bab 9,A,B,C,D,B,Johor Muar/Picture18.png,"中文：B申请指申请或登记公民权，区别于自动法律实施及归化。图题1958疑笔误，应核1957协议。 答案纸参考：F4，第224页。
Bahasa Melayu: B permohonan merujuk permohonan atau pendaftaran, berbeza daripada kuatkuasa undang-undang dan naturalisasi. Tahun1958 perlu disemak sebagai1957. Rujukan skema: F4, halaman 224."
Johor Muar2023_Q19,radio,F4 Bab 10,A,B,C,D,C,Johor Muar/Picture19.png,"中文：Abdul Razak通过广播公布独立庆典节目，让公众了解活动。 答案纸参考：F4，第236页。
Bahasa Melayu: AbdulRazak mengumumkan aturcara sambutan melaluiRadioMalaya supaya rakyat mengetahui aktivitinya. Rujukan skema: F4, halaman 236."
Johor Muar2023_Q20,radio,F4 Bab 10,A,B,C,D,D,Johor Muar/Picture20.png,"中文：101响礼炮庆祝主权国家成立，象征独立于殖民统治。 答案纸参考：F4，第240页。
Bahasa Melayu: 101das tembakan meriam meraikan pembentukan negara berdaulat dan kemerdekaan. Rujukan skema: F4, halaman 240."
Johor Muar2023_Q21,radio,F5 Bab 1,A,B,C,D,C,Johor Muar/Picture21.png,"中文：马来语主权指国家统治的最高权力，可以自主治理。 答案纸参考：F5，第4页。
Bahasa Melayu: Kedaulatan dalam bahasaMelayu ialah kuasa tertinggi terhadap pemerintahan negara. Rujukan skema: F5, halaman 4."
Johor Muar2023_Q22,radio,F5 Bab 1,A,B,C,D,C,Johor Muar/Picture22.png,"中文：提供入侵情报并加入安全部队，增强国家侦察与防卫。 答案纸参考：F5，第15页。
Bahasa Melayu: Maklumat pencerobohan dan penyertaan pasukan keselamatan mengukuhkan pertahanan negara. Rujukan skema: F5, halaman 15."
Johor Muar2023_Q23,radio,F5 Bab 2,A,B,C,D,B,Johor Muar/Picture23.png,"中文：1948年协议建立联邦制度，是之后独立宪法发展的基础。 答案纸参考：F5，第26页。
Bahasa Melayu: Perjanjian1948 membentukPersekutuan sebagai asas perkembanganPerlembagaan merdeka. Rujukan skema: F5, halaman 26."
Johor Muar2023_Q24,radio,F5 Bab 2,A,B,C,D,C,Johor Muar/Picture24.png,"中文：沙巴州元首按州内阁建议履职，不是独自决定全部行政。 答案纸参考：F5，第31页。
Bahasa Melayu: Yangdi-PertuaNegeriSabah menjalankan pentadbiran mengikut nasihatKabinetNegeri. Rujukan skema: F5, halaman 31."
Johor Muar2023_Q25,radio,F5 Bab 3,A,B,C,D,B,Johor Muar/Picture25.png,"中文：英国在马来联邦州推行驻扎官制度，建议影响行政，宗教习俗除外。 答案纸参考：F5，第39页。
Bahasa Melayu: British memperkenalkanSistemResiden diNNMB yang menasihati pentadbiran kecuali agama dan adat. Rujukan skema: F5, halaman 39."
Johor Muar2023_Q26,radio,F5 Bab 3,A,B,C,D,A,Johor Muar/Picture26.png,"中文：SUHAKAM促进及保护马来西亚人权，不是赋予无限制自由。 答案纸参考：F5，第51页。
Bahasa Melayu: SUHAKAM mempromosi dan melindungi hakasasi rakyatMalaysia, bukan kebebasan mutlak. Rujukan skema: F5, halaman 51."
Johor Muar2023_Q27,radio,F5 Bab 4,A,B,C,D,A,Johor Muar/Picture27.png,"中文：地方政府维护道路及公共卫生，服务当地居民，故I和II正确。 答案纸参考：F5，第71页。
Bahasa Melayu: KerajaanTempatan menyenggara jalan dan menjaga kesihatan awam. MakaI danII tepat. Rujukan skema: F5, halaman 71."
Johor Muar2023_Q28,radio,F5 Bab 4,A,B,C,D,C,Johor Muar/Picture28.png,"中文：RASCOM及ESSCOM协调安全力量，保护人民与国家免受威胁。 答案纸参考：F5，第78页。
Bahasa Melayu: RASCOM danESSCOM menyelaras keselamatan untuk melindungi rakyat serta negara. Rujukan skema: F5, halaman 78."
Johor Muar2023_Q29,radio,F5 Bab 5,A,B,C,D,D,Johor Muar/Picture29.png,"中文：马来西亚扩大贸易市场，让新加坡商人与企业取得更广销路。 答案纸参考：F5，第97页。
Bahasa Melayu: Malaysia membuka peluang pasaran lebih luas kepada pedagang dan pengusahaSingapura. Rujukan skema: F5, halaman 97."
Johor Muar2023_Q30,radio,F5 Bab 5,A,B,C,D,A,Johor Muar/Picture30.png,"中文：向安理会投诉通过国际制度处理攻击，是外交方式而非挑衅。 答案纸参考：F5，第107页。
Bahasa Melayu: Aduan kepadaMajlisKeselamatanPBB ialah pendekatan diplomatik melalui saluran antarabangsa. Rujukan skema: F5, halaman 107."
Johor Muar2023_Q31,radio,F5 Bab 6,A,B,C,D,C,Johor Muar/Picture31.png,"中文：RASCOM负责砂拉越第三省拉让区域，结合防务对抗共产党。 答案纸参考：F5，第122页。
Bahasa Melayu: RASCOM meliputiBahagianKetigaSarawak di kawasanRajang untuk menangani komunis. Rujukan skema: F5, halaman 122."
Johor Muar2023_Q32,radio,F5 Bab 6,A,B,C,D,B,Johor Muar/Picture32.png,"中文：职业技术训练让失业者取得技能，提高工作机会。 答案纸参考：F5，第128页。
Bahasa Melayu: Latihan vokasional dan teknikal meningkatkan kemahiran untuk peluang pekerjaan. Rujukan skema: F5, halaman 128."
Johor Muar2023_Q33,radio,F5 Bab 7,A,B,C,D,D,Johor Muar/Picture33.png,"中文：多科系学校提供不同课程，培养国家需要的熟练劳动力。 答案纸参考：F5，第145页。
Bahasa Melayu: Sekolah aneka jurusan melahirkan tenaga kerja mahir melalui kursus mengikut kebolehan. Rujukan skema: F5, halaman 145."
Johor Muar2023_Q34,radio,F5 Bab 7,A,B,C,D,D,Johor Muar/Picture34.png,"中文：进步社会运用科学科技，持续创新并改善生活。 答案纸参考：F5，第158页。
Bahasa Melayu: Masyarakat progresif mengikuti kemajuan sains dan teknologi untuk meningkatkan kehidupan. Rujukan skema: F5, halaman 158."
Johor Muar2023_Q35,radio,F5 Bab 8,A,B,C,D,A,Johor Muar/Picture35.png,"中文：LPP协助农民合作社，提供组织服务及经济机会。 答案纸参考：F5，第169页。
Bahasa Melayu: LPP membantu petani dalam kegiatan koperasi bagi perkhidmatan dan peluang ekonomi. Rujukan skema: F5, halaman 169."
Johor Muar2023_Q36,radio,F5 Bab 8,A,B,C,D,B,Johor Muar/Picture36.png,"中文：股权重组增加土著企业资产拥有，减少族群经济差距。 答案纸参考：F5，第178页。
Bahasa Melayu: Penyusunan saham meningkatkan bahagianbumiputera dalam sektor korporat dan mengurangkan jurang. Rujukan skema: F5, halaman 178."
Johor Muar2023_Q37,radio,F5 Bab 9,A,B,C,D,B,Johor Muar/Picture37.png,"中文：外交政策指导国家面对国际政治经济变化的行动与选择。 答案纸参考：F5，第196页。
Bahasa Melayu: Dasarluar mempengaruhi tindakan negara menghadapi perkembangan antarabangsa. Rujukan skema: F5, halaman 196."
Johor Muar2023_Q38,radio,F5 Bab 9,A,B,C,D,D,Johor Muar/Picture38.png,"中文：种族隔离歧视非白人并侵犯人权，因此马来西亚反对。 答案纸参考：F5，第207页。
Bahasa Melayu: Apartheid mendiskriminasi kaum dan melanggar hakasasi, lalu ditentangMalaysia. Rujukan skema: F5, halaman 207."
Johor Muar2023_Q39,radio,F5 Bab 9,A,B,C,D,D,Johor Muar/Picture39.png,"中文：D清真中心与伊斯兰银行符合经济合作；II国际伊斯兰大学也属课本OIC成果，C存在内容重叠。 答案纸参考：F5，第216-217页。
Bahasa Melayu: SkemaD memilih hubhalal dan perbankanIslam. UIA dalamII juga manfaatOIC, makaC turut mempunyai kandungan benar. Rujukan skema: F5, halaman 216-217."
Johor Muar2023_Q40,radio,F5 Bab 10,A,B,C,D,A,Johor Muar/Picture40.png,"中文：2004年海啸毁坏亚齐及斯里兰卡设施，NGO重建医疗、学校及住所，回应自然灾害。 答案纸参考：F5，第237页。
Bahasa Melayu: Tsunami2004 memusnahkanAceh danSriLanka; NGO membina semula kemudahan sebagai bantuan bencana alam. Rujukan skema: F5, halaman 237."
Kedah2023_Q1,radio,F4 Bab 1,A,B,C,D,D,Kedah/Picture1.png,"中文：D：Laksamana负责海上安全及领导海军；陆上治安由Temenggung负责。 答案纸参考：F4第9页。
Bahasa Melayu: D: Laksamana menjaga keselamatan di laut dan mengetuai angkatan laut; keamanan di darat di bawah Temenggung. Rujukan skema: T4 ms.9."
Kedah2023_Q2,radio,F4 Bab 1,A,B,C,D,A,Kedah/Picture2.png,"中文：A：臣民向统治者效忠，并遵守命令、履行义务，这是君民相互关系中的人民责任。 答案纸参考：F4第13页。
Bahasa Melayu: A: Rakyat memberikan kesetiaan serta mematuhi arahan pemerintah sebagai tanggungjawab dalam hubungan pemerintah dengan rakyat. Rujukan skema: T4 ms.13."
Kedah2023_Q3,radio,F4 Bab 2,A,B,C,D,D,Kedah/Picture3.png,"中文：D：英国设立Biro Siasatan Politik以监视和控制包括Islah在内的政治及民族主义活动。 答案纸参考：F4第24–25页。
Bahasa Melayu: D: British menubuhkan Biro Siasatan Politik untuk mengawasi dan mengawal kegiatan politik serta nasionalisme termasuk gerakan Islah. Rujukan skema: T4 ms.24–25."
Kedah2023_Q4,radio,F4 Bab 3,A,B,C,D,B,Kedah/Picture4.png,"中文：B：日本优待马来人与印度人，却残酷对待华人，差别待遇造成猜疑，使族群关系疏远。 答案纸参考：F4第35页。
Bahasa Melayu: B: Layanan baik kepada orang Melayu dan India tetapi kejam terhadap orang Cina menimbulkan prasangka dan merenggangkan perpaduan kaum. Rujukan skema: T4 ms.35."
Kedah2023_Q5,radio,F4 Bab 2,A,B,C,D,A,Kedah/Picture5.png,"中文：A（I、II）：两场革命都反对君主的专制权力，并强调人民权利；光荣革命的结果是限制王权，并非废除君主制度。
Bahasa Melayu: A (I dan II): Kedua-duanya menentang kuasa mutlak raja dan menegaskan hak rakyat. Revolusi Keagungan mengehadkan kuasa raja, bukan menghapuskan institusi raja."
Kedah2023_Q6,radio,F4 Bab 2,A,B,C,D,B,Kedah/Picture6.png,"中文：B：宗教学者到访及传播改革思想，使Madrasah al-Masyhur成为接受Islah和民族主义思想的渠道。
Bahasa Melayu: B: Kunjungan ulama menyebarkan idea pembaharuan Islam dan nasionalisme melalui Madrasah al-Masyhur."
Kedah2023_Q7,radio,F4 Bab 4,A,B,C,D,A,Kedah/Picture7.png,"中文：A：马来统治者支持马来大会，配合各马来组织的反对行动，以维护王权及马来人的地位。 答案纸参考：F4第100页。
Bahasa Melayu: A: Raja-raja Melayu menyokong Kongres Melayu yang menyatukan bantahan terhadap Malayan Union demi mempertahankan kedaulatan raja dan kedudukan orang Melayu. Rujukan skema: T4 ms.100."
Kedah2023_Q8,radio,F4 Bab 4,A,B,C,D,D,Kedah/Picture8.png,"中文：D：Rukun 13是砂拉越反割让运动中的激进秘密组织，目标是除掉英国高级官员，Duncan Stewart遇刺与此有关。 答案纸参考：F4第112页。
Bahasa Melayu: D: Rukun 13 ialah kumpulan sulit radikal dalam gerakan antipenyerahan Sarawak yang menyasarkan pegawai tinggi British, termasuk Duncan Stewart. Rujukan skema: T4 ms.112."
Kedah2023_Q9,radio,F4 Bab 5,A,B,C,D,D,Kedah/Picture9.png,"中文：D：工作委员会建议把马来各州纳入一个行政单位，同时恢复统治者地位并保障马来人的特殊地位。 答案纸参考：F4第127页。
Bahasa Melayu: D: Jawatankuasa Kerja mencadangkan penyatuan negeri-negeri Melayu dalam satu unit pentadbiran, di samping memulihkan kedudukan raja dan menjaga kedudukan istimewa orang Melayu. Rujukan skema: T4 ms.127."
Kedah2023_Q10,radio,F4 Bab 5,A,B,C,D,A,Kedah/Picture10.png,"中文：A（I、II）：1948年联邦由英国最高专员领导，出生地主义适用于rakyat raja等限定群体，并非无限制开放给所有移民。 答案纸参考：F4第134–135页。
Bahasa Melayu: A (I dan II): Persekutuan 1948 diketuai Pesuruhjaya Tinggi British dan prinsip jus soli terpakai kepada golongan tertentu seperti rakyat raja, bukan semua imigran secara terbuka. Rujukan skema: T4 ms.134–135."
Kedah2023_Q11,radio,F4 Bab 6,A,B,C,D,B,Kedah/Picture11.png,"中文：B：印尼共产党未能掌握爪哇后，其成员把共产主义影响扩展到马来亚，成为本地共产思想的传播来源之一。 答案纸参考：F4第146页。
Bahasa Melayu: B: Selepas gagal menguasai Pulau Jawa, anggota PKI berusaha menyebarkan fahaman komunis ke Tanah Melayu. Rujukan skema: T4 ms.146."
Kedah2023_Q12,radio,F4 Bab 6,A,B,C,D,D,Kedah/Picture12.png,"中文：D（III、IV）：全国登记及身份证制度确认居民身份，让当局较容易区分合法居民与共产分子。 答案纸参考：F4第156页。
Bahasa Melayu: D (III dan IV): Sistem pendaftaran kebangsaan dan kad pengenalan membolehkan pihak berkuasa mengenal pasti penduduk serta membezakan orang awam daripada komunis. Rujukan skema: T4 ms.156."
Kedah2023_Q13,radio,F4 Bab 7,A,B,C,D,D,Kedah/Picture13.png,"中文：D（III、IV）：CLC通过跨族群讨论解决政治分歧、改善族群关系，以建立和谐社会。 答案纸参考：F4第174页。
Bahasa Melayu: D (III dan IV): CLC membincangkan masalah antara kaum untuk membetulkan keadaan politik dan mewujudkan hubungan yang harmoni. Rujukan skema: T4 ms.174."
Kedah2023_Q14,radio,F4 Bab 7,A,B,C,D,B,Kedah/Picture14.png,"中文：B：Sistem Ahli把部门职责交给本地领袖，让他们取得行政经验，为自治和独立作准备。 答案纸参考：F4第178页。
Bahasa Melayu: B: Sistem Ahli memberikan tanggungjawab jabatan kepada pemimpin tempatan untuk melatih mereka mentadbir sebelum berkerajaan sendiri. Rujukan skema: T4 ms.178."
Kedah2023_Q15,radio,F4 Bab 8,A,B,C,D,A,Kedah/Picture15.png,"中文：A：1955年联邦立法议会体现各族共同参与和分享权力，证明独立前已经形成族群间的合作与妥协。 答案纸参考：F4第205页。
Bahasa Melayu: A: Majlis Perundangan Persekutuan 1955 memperlihatkan perkongsian kuasa antara kaum melalui penyertaan bersama dalam pentadbiran. Rujukan skema: T4 ms.205."
Kedah2023_Q16,radio,F4 Bab 8,A,B,C,D,C,Kedah/Picture16.png,"中文：C（II、III）：候选人必须是联邦公民并掌握英语及马来语；候选人的年龄条件是21岁以上，不是18岁。 答案纸参考：F4第200页。
Bahasa Melayu: C (II dan III): Calon mesti warganegara Persekutuan dan berpengetahuan dalam bahasa Inggeris serta bahasa Melayu. Had umur calon ialah 21 tahun, bukan 18 tahun. Rujukan skema: T4 ms.200."
Kedah2023_Q17,radio,F4 Bab 9,A,B,C,D,C,Kedah/Picture17.png,"中文：C：1956年伦敦谈判取得英国同意让马来亚独立，并确定1957年8月31日为独立日期。 答案纸参考：F4第218页。
Bahasa Melayu: C: Rundingan London 1956 memperoleh persetujuan British untuk memberikan kemerdekaan kepada Tanah Melayu pada 31 Ogos 1957. Rujukan skema: T4 ms.218."
Kedah2023_Q18,radio,F4 Bab 9,A,B,C,D,D,Kedah/Picture18.png,"中文：D：1957年联邦协定包括伊斯兰教的地位、公民权及议会民主等核心内容。 答案纸参考：F4第224页。
Bahasa Melayu: D: Perjanjian Persekutuan 1957 merangkumi kedudukan agama Islam, kewarganegaraan dan pengamalan demokrasi berparlimen. Rujukan skema: T4 ms.224."
Kedah2023_Q19,radio,F4 Bab 10,A,B,C,D,A,Kedah/Picture19.png,"中文：A：Gandhi强调独立包括自由处理本国事务和管理国家，即摆脱外国控制后自行决定国家方向。 答案纸参考：F4第234页。
Bahasa Melayu: A: Mahatma Gandhi menekankan kebebasan mengurus negara tanpa penguasaan kuasa asing. Rujukan skema: T4 ms.234."
Kedah2023_Q20,radio,F4 Bab 10,A,B,C,D,C,Kedah/Picture20.png,"中文：C：1957年8月31日独立宣言象征外国殖民统治结束，马来亚成为独立的主权国家。 答案纸参考：F4第240页。
Bahasa Melayu: C: Pengisytiharan kemerdekaan pada 31 Ogos 1957 menandakan tamatnya penjajahan asing dan kelahiran negara yang merdeka serta berdaulat. Rujukan skema: T4 ms.240."
Kedah2023_Q21,radio,F5 Bab 1,A,B,C,D,B,Kedah/Picture21.png,"中文：B：阿拉伯语daulah的主权概念指一个政府所拥有的统治权力。 答案纸参考：F5第4页。
Bahasa Melayu: B: Dalam bahasa Arab, daulah merujuk kuasa pemerintahan sesebuah kerajaan. Rujukan skema: T5 ms.4."
Kedah2023_Q22,radio,F5 Bab 1,A,B,C,D,C,Kedah/Picture22.png,"中文：C：国家元首是国家最高首领，首相则领导政府及内阁；必须区分Ketua Negara与Ketua Kerajaan。 答案纸参考：F5第8页。
Bahasa Melayu: C: Yang di-Pertuan Agong ialah Ketua Utama Negara, manakala Perdana Menteri ialah Ketua Kerajaan yang memimpin pentadbiran dan kabinet. Rujukan skema: T5 ms.8."
Kedah2023_Q23,radio,F5 Bab 2,A,B,C,D,A,Kedah/Picture23.png,"中文：A：Charter of Justice引入英国法律并建立法院，课本所列目标是保护海峡殖民地原有居民。 答案纸参考：F5第23页。
Bahasa Melayu: A: Charter of Justice memperkenalkan undang-undang Inggeris dan mahkamah dengan matlamat melindungi penduduk asal Negeri-negeri Selat. Rujukan skema: T5 ms.23."
Kedah2023_Q24,radio,F5 Bab 2,A,B,C,D,C,Kedah/Picture24.png,"中文：C（II、III）：议会民主制度及公民权属于宪法的现代特点；马来语及马来人特殊地位属于传统特点。 答案纸参考：F5第28页。
Bahasa Melayu: C (II dan III): Demokrasi Berparlimen dan kewarganegaraan ialah ciri moden, manakala bahasa Melayu dan kedudukan istimewa orang Melayu ialah ciri tradisional. Rujukan skema: T5 ms.28."
Kedah2023_Q25,radio,F5 Bab 3,A,B,C,D,B,Kedah/Picture25.png,"中文：B：Mohor Besar是统治者主权及合法权威的象征，用于正式王室文件。 答案纸参考：F5第44页。
Bahasa Melayu: B: Mohor Besar melambangkan kedaulatan dan kewibawaan pemerintah serta digunakan pada dokumen rasmi diraja. Rujukan skema: T5 ms.44."
Kedah2023_Q26,radio,F5 Bab 3,A,B,C,D,A,Kedah/Picture26.png,"中文：A（I、II）：国家元首维护马来人及土著特殊地位，同时保障其他族群的合法利益。 答案纸参考：F5第49页。
Bahasa Melayu: A (I dan II): Yang di-Pertuan Agong memelihara kedudukan istimewa orang Melayu dan bumiputera serta melindungi kepentingan sah kaum lain. Rujukan skema: T5 ms.49."
Kedah2023_Q27,radio,F5 Bab 4,A,B,C,D,D,Kedah/Picture27.png,"中文：D：公共福利属于联邦与州政府共同处理的Senarai Bersama；农业及森林一般列在州权限。 答案纸参考：F5第69–70页。
Bahasa Melayu: D: Kebajikan awam berada dalam Senarai Bersama yang melibatkan kerajaan Persekutuan dan negeri, manakala pertanian serta perhutanan berada dalam Senarai Negeri. Rujukan skema: T5 ms.69–70."
Kedah2023_Q28,radio,F5 Bab 4,A,B,C,D,C,Kedah/Picture28.png,"中文：C：FELDA开发新土地并安置居民开展农业，使低收入农村家庭获得土地及生计。 答案纸参考：F5第72页。
Bahasa Melayu: C: FELDA membangunkan tanah baharu dan menempatkan penduduk untuk kegiatan pertanian bagi meningkatkan taraf hidup masyarakat luar bandar. Rujukan skema: T5 ms.72."
Kedah2023_Q29,radio,F5 Bab 5,A,B,C,D,C,Kedah/Picture29.png,"中文：C：Lord Brassey主张联合英属地区，以形成更大的殖民区域；此属英国官员早期提出的合并构想。 答案纸参考：F5第91页。
Bahasa Melayu: C: Lord Brassey mencadangkan penggabungan wilayah British untuk membentuk tanah jajahan yang lebih besar. Rujukan skema: T5 ms.91."
Kedah2023_Q30,radio,F5 Bab 5,A,B,C,D,A,Kedah/Picture30.png,"中文：A：成立马来西亚可共同应付共产主义威胁，因此安全因素与加速独立、区域发展一起成为成立理由。 答案纸参考：F5第93页。
Bahasa Melayu: A: Keselamatan, khususnya membendung ancaman komunis, menjadi faktor pembentukan Malaysia bersama usaha mempercepat kemerdekaan dan pembangunan wilayah. Rujukan skema: T5 ms.93."
Kedah2023_Q31,radio,F5 Bab 6,A,B,C,D,B,Kedah/Picture31.png,"中文：B：沙巴及砂拉越面积广大，居民分散，增加建设道路和交通联系的距离、成本与难度。 答案纸参考：F5第117页。
Bahasa Melayu: B: Saiz Sabah dan Sarawak yang besar serta petempatan berselerak menyukarkan dan meningkatkan kos pembinaan sistem perhubungan serta pengangkutan. Rujukan skema: T5 ms.117."
Kedah2023_Q32,radio,F5 Bab 6,A,B,C,D,B,Kedah/Picture32.png,"中文：B：各族不同的语言、宗教及文化，需要长期互相理解，因而成为推动团结与国家整合的挑战。 答案纸参考：F5第118页。
Bahasa Melayu: B: Kepelbagaian bahasa, agama dan budaya memerlukan persefahaman berterusan, lalu menjadi cabaran kepada perpaduan kaum dan integrasi nasional. Rujukan skema: T5 ms.118."
Kedah2023_Q33,radio,F5 Bab 7,A,B,C,D,A,Kedah/Picture33.png,"中文：A：UKM以马来语作为重要教学媒介，提升国家语言在高等教育及学术领域的地位。 答案纸参考：F5第145页。
Bahasa Melayu: A: UKM ditubuhkan untuk memartabatkan bahasa Melayu sebagai bahasa ilmu dan pengantar dalam pendidikan tinggi. Rujukan skema: T5 ms.145."
Kedah2023_Q34,radio,F5 Bab 7,A,B,C,D,A,Kedah/Picture34.png,"中文：A：Aminuddin Baki研究加强技术及职业教育，让教育制度培养国家发展所需的技术人才。 答案纸参考：F5第149页。
Bahasa Melayu: A: Kajian Aminuddin Baki memperkukuh pendidikan teknik dan vokasional untuk melahirkan tenaga mahir bagi pembangunan negara. Rujukan skema: T5 ms.149."
Kedah2023_Q35,radio,F5 Bab 8,A,B,C,D,B,Kedah/Picture35.png,"中文：B：Buku Hijau鼓励种植粮食及利用土地生产，增加国内食物供应并改善人民收入。 答案纸参考：F5第169页。
Bahasa Melayu: B: Rancangan Buku Hijau menggalakkan pengeluaran makanan dan penggunaan tanah secara produktif untuk menambah bekalan makanan serta pendapatan rakyat. Rujukan skema: T5 ms.169."
Kedah2023_Q36,radio,F5 Bab 8,A,B,C,D,C,Kedah/Picture36.png,"中文：C：Lembaga Pertubuhan Peladang协助农民组织及合作社活动，使农民能联合取得服务、资源及市场机会。 答案纸参考：F5第169页。
Bahasa Melayu: C: Lembaga Pertubuhan Peladang membantu petani melalui pertubuhan dan kegiatan koperasi untuk meningkatkan kerjasama serta kemudahan pertanian. Rujukan skema: T5 ms.169."
Kedah2023_Q37,radio,F5 Bab 9,A,B,C,D,C,Kedah/Picture37.png,"中文：C（II、III）：维护独立及国家利益是外交政策的重要目标；题目中的人民福祉也是广义目标，故应按答案纸选列出II、III的组合。 答案纸参考：F5第196页。
Bahasa Melayu: C (II dan III): Mempertahankan kemerdekaan dan melindungi kepentingan nasional ialah matlamat dasar luar. Kesejahteraan rakyat juga matlamat umum, tetapi kombinasi II dan III ialah jawapan skema. Rujukan skema: T5 ms.196."
Kedah2023_Q38,radio,F5 Bab 9,A,B,C,D,D,Kedah/Picture38.png,"中文：D：外交关系必须支持贸易、投资和市场，因此国家经济利益会影响马来西亚的外交政策。 答案纸参考：F5第197页。
Bahasa Melayu: D: Kepentingan ekonomi mempengaruhi dasar luar kerana hubungan antarabangsa membantu perdagangan, pelaburan dan peluasan pasaran negara. Rujukan skema: T5 ms.197."
Kedah2023_Q39,radio,F5 Bab 10,A,B,C,D,A,Kedah/Picture39.png,"中文：A：1989年Langkawi宣言强调保护环境，成员国承诺合作应付污染及环境恶化。 答案纸参考：F5第238页。
Bahasa Melayu: A: Deklarasi Langkawi 1989 menegaskan pemeliharaan alam sekitar dan kerjasama menangani pencemaran serta kemerosotan alam. Rujukan skema: T5 ms.238."
Kedah2023_Q40,radio,F5 Bab 10,A,B,C,D,C,Kedah/Picture40.png,"中文：C：1992年里约地球峰会通过Agenda 21，提出兼顾环境保护、社会及经济的可持续发展行动。 答案纸参考：F5第239页。
Bahasa Melayu: C: Sidang Kemuncak Bumi 1992 di Rio de Janeiro menghasilkan Agenda 21 sebagai pelan tindakan pembangunan mampan yang mengimbangi alam sekitar, masyarakat dan ekonomi. Rujukan skema: T5 ms.239."
Melaka2023_Q1,radio,F4 Bab 1,A,B,C,D,D,Melaka/Picture1.png,"中文：nobat、御用器物和王印是统治者身份与主权的象征，故选D。 答案纸参考：F4第7页。
Bahasa Melayu: Nobat, regalia dan cop mohor melambangkan kedudukan serta kedaulatan pemerintah, D. Rujukan skema: T4 ms.7."
Melaka2023_Q2,radio,F4 Bab 1,A,B,C,D,C,Melaka/Picture2.png,"中文：Laksamana是海军统帅，负责海上安全和舰队行动。 答案纸参考：F4第9页。
Bahasa Melayu: Laksamana ialah panglima angkatan laut yang menjaga keselamatan laut serta operasi armada. Rujukan skema: T4 ms.9."
Melaka2023_Q3,radio,F4 Bab 2,A,B,C,D,D,Melaka/Picture3.png,"中文：这些领袖推动1932年革命，终结泰国绝对君权并实行君主立宪。 答案纸参考：F4第31页。
Bahasa Melayu: Tokoh ini menggerakkan revolusi 1932 yang menamatkan raja mutlak Thailand dan mewujudkan Raja Berperlembagaan. Rujukan skema: T4 ms.31."
Melaka2023_Q4,radio,F4 Bab 2,A,B,C,D,A,Melaka/Picture4.png,"中文：宗教改革知识分子通过报刊和madrasah传播Islah思想、教育及进步意识，I、II正确。 答案纸参考：F4第36页。
Bahasa Melayu: Intelektual agama menyebarkan Islah melalui akhbar dan madrasah untuk pendidikan serta kemajuan; I dan II betul. Rujukan skema: T4 ms.36."
Melaka2023_Q5,radio,F4 Bab 3,A,B,C,D,C,Melaka/Picture5.png,"中文：Wilson主张民族自决，按民族确定国家边界，让人民决定政治归属。 答案纸参考：F4第56页。
Bahasa Melayu: Wilson menyarankan penentuan nasib sendiri dengan sempadan berasaskan bangsa supaya rakyat menentukan kedudukan politik. Rujukan skema: T4 ms.56."
Melaka2023_Q6,radio,F4 Bab 3,A,B,C,D,A,Melaka/Picture6.png,"中文：战争造成巨大伤亡与破坏，说明应珍惜和平、避免冲突升级。 答案纸参考：F4第67页。
Bahasa Melayu: Kematian dan kemusnahan besar akibat perang mengingatkan kita menghargai keamanan serta mengelakkan konflik. Rujukan skema: T4 ms.67."
Melaka2023_Q7,radio,F4 Bab 4,A,B,C,D,B,Melaka/Picture7.png,"中文：宽松jus soli公民权是Malayan Union特征，涵盖出生条件及未成年子女资格。 答案纸参考：F4第97页。
Bahasa Melayu: Kewarganegaraan jus soli longgar ialah ciri Malayan Union, termasuk syarat kelahiran serta kelayakan anak bawah umur. Rujukan skema: T4 ms.97."
Melaka2023_Q8,radio,F4 Bab 4,A,B,C,D,A,Melaka/Picture8.png,"中文：1946年马来大会联合各组织反Malayan Union，并推动UMNO成立。 答案纸参考：F4第105页。
Bahasa Melayu: Kongres Melayu 1946 menyatukan pertubuhan menentang Malayan Union dan membawa penubuhan UMNO. Rujukan skema: T4 ms.105."
Melaka2023_Q9,radio,F4 Bab 5,A,B,C,D,C,Melaka/Picture9.png,"中文：hartal抗议英国拒绝人民宪法建议；题干20 September有误，全国hartal为20 Oktober 1947。 答案纸参考：F4第131页。
Bahasa Melayu: Hartal membantah penolakan Perlembagaan Rakyat; tarikh 20 September dalam soalan tersilap, hartal seluruh negara ialah 20 Oktober 1947. Rujukan skema: T4 ms.131."
Melaka2023_Q10,radio,F4 Bab 5,A,B,C,D,D,Melaka/Picture10.png,"中文：父亲符合Rakyat Raja或Rakyat British资格，Mary虽海外出生仍可依法自动取得公民权。 答案纸参考：F4第135页。
Bahasa Melayu: Kelayakan bapa sebagai Rakyat Raja atau Rakyat British membolehkan Mary yang lahir di luar negeri menjadi warganegara secara kuat kuasa undang-undang. Rujukan skema: T4 ms.135."
Melaka2023_Q11,radio,F4 Bab 6,A,B,C,D,C,Melaka/Picture11.png,"中文：工会法令限制被共产党控制的工会活动，阻断其宣传和组织渠道。 答案纸参考：F4第147页。
Bahasa Melayu: Ordinan kesatuan sekerja menyekat kegiatan kesatuan yang dikuasai komunis untuk membendung pengaruh serta organisasinya. Rujukan skema: T4 ms.147."
Melaka2023_Q12,radio,F4 Bab 6,A,B,C,D,A,Melaka/Picture12.png,"中文：答案纸A把Home Guard配为保护矿工，但课本主要职责是保护村镇；矿场及园丘保安更对应Special Constables。其余配对也错置，保留A并注明问题。 答案纸参考：F4第155页。
Bahasa Melayu: Skema A memasangkan Home Guard dengan pekerja lombong, tetapi tugas utama buku teks ialah mempertahankan kampung; keselamatan lombong dan ladang lebih sesuai Special Constables. Pasangan lain juga tersalah, maka A dikekalkan dengan masalah dicatat. Rujukan skema: T4 ms.155."
Melaka2023_Q13,radio,F4 Bab 7,A,B,C,D,C,Melaka/Picture13.png,"中文：RIDA援助马来乡村商业与工业，扩大经济机会以解决族群经济差距。 答案纸参考：F4第177页。
Bahasa Melayu: RIDA membantu perniagaan dan perusahaan desa Melayu untuk meluaskan peluang serta mengurangkan jurang ekonomi. Rujukan skema: T4 ms.177."
Melaka2023_Q14,radio,F4 Bab 7,A,B,C,D,A,Melaka/Picture14.png,"中文：各源流学校语言、课程和社会环境分隔，学生缺乏交流，使团结困难。 答案纸参考：F4第180页。
Bahasa Melayu: Sekolah vernakular berbeza bahasa, kurikulum dan persekitaran, mengurangkan interaksi sehingga perpaduan sukar dicapai. Rujukan skema: T4 ms.180."
Melaka2023_Q15,radio,F4 Bab 8,A,B,C,D,D,Melaka/Picture15.png,"中文：1954年谈判讨论联邦立法议会选举及成员组成，为多数民选席位争取安排。 答案纸参考：F4第199页。
Bahasa Melayu: Rundingan 1954 membincangkan keanggotaan MPP dan pilihan raya untuk memperjuangkan majoriti ahli dipilih rakyat. Rujukan skema: T4 ms.199."
Melaka2023_Q16,radio,F4 Bab 8,A,B,C,D,D,Melaka/Picture16.png,"中文：1955年首次由多数民选议员组成的机构是联邦立法议会。 答案纸参考：F4第205页。
Bahasa Melayu: Majlis yang majoriti ahlinya dipilih selepas pilihan raya 1955 ialah Majlis Perundangan Persekutuan. Rujukan skema: T4 ms.205."
Melaka2023_Q17,radio,F4 Bab 9,A,B,C,D,B,Melaka/Picture17.png,"中文：这些人士代表马来君主参加赴伦敦独立代表团，与联盟领袖共同谈判。 答案纸参考：F4第216页。
Bahasa Melayu: Tokoh ini mewakili Raja-raja Melayu dalam rombongan kemerdekaan ke London bersama pemimpin Perikatan. Rujukan skema: T4 ms.216."
Melaka2023_Q18,radio,F4 Bab 9,A,B,C,D,C,Melaka/Picture18.png,"中文：各组织向Reid委员会提出公民权意见，关系族群归属、资格与共同国家身份。 答案纸参考：F4第222页。
Bahasa Melayu: Pertubuhan mengemukakan pandangan kewarganegaraan kepada Suruhanjaya Reid tentang kelayakan dan identiti negara bersama. Rujukan skema: T4 ms.222."
Melaka2023_Q19,radio,F4 Bab 10,A,B,C,D,D,Melaka/Picture19.png,"中文：实体准备包括体育馆、宫殿和国家象征，彰显独立国家身份。 答案纸参考：F4第236页。
Bahasa Melayu: Persediaan fizikal seperti stadium, istana dan lambang kebangsaan menonjolkan identiti negara merdeka. Rujukan skema: T4 ms.236."
Melaka2023_Q20,radio,F4 Bab 10,A,B,C,D,A,Melaka/Picture20.png,"中文：降下Union Jack和最后奏英国国歌标志英国殖民统治结束。 答案纸参考：F4第238页。
Bahasa Melayu: Penurunan Union Jack dan lagu British menandakan berakhirnya pentadbiran serta penjajahan Britain. Rujukan skema: T4 ms.238."
Melaka2023_Q21,radio,F5 Bab 1,A,B,C,D,C,Melaka/Picture21.png,"中文：国际主权指国家地位获国际组织承认，是课本列出的主权类型之一。 答案纸参考：F5第7页。
Bahasa Melayu: Kedaulatan antarabangsa merujuk pengiktirafan negara oleh pertubuhan antarabangsa dan ialah salah satu jenis kedaulatan. Rujukan skema: T5 ms.7."
Melaka2023_Q22,radio,F5 Bab 1,A,B,C,D,C,Melaka/Picture22.png,"中文：共同使用国语及权力分享精神促进交流、包容与跨族合作，II、III正确。 答案纸参考：F5第13页。
Bahasa Melayu: Bahasa kebangsaan dan semangat perkongsian kuasa memupuk komunikasi, penerimaan serta kerjasama kaum; II dan III betul. Rujukan skema: T5 ms.13."
Melaka2023_Q23,radio,F5 Bab 2,A,B,C,D,B,Melaka/Picture23.png,"中文：1957年协议建立共同公民身份，让不同族群拥有联邦公民地位。 答案纸参考：F5第27页。
Bahasa Melayu: Perjanjian 1957 membentuk kewarganegaraan sama untuk rakyat pelbagai kaum dalam persekutuan. Rujukan skema: T5 ms.27."
Melaka2023_Q24,radio,F5 Bab 2,A,B,C,D,A,Melaka/Picture24.png,"中文：1965年新加坡分离后，宪法删除涉及新加坡的外交、国防等事项，故选A。 答案纸参考：F5第31页。
Bahasa Melayu: Selepas pemisahan Singapura 1965, perkara hubungan luar dan pertahanan berkaitan Singapura dimansuhkan daripada perlembagaan, A. Rujukan skema: T5 ms.31."
Melaka2023_Q25,radio,F5 Bab 3,A,B,C,D,B,Melaka/Picture25.png,"中文：Durbar让君主与英国官员讨论联邦马来州行政事务。 答案纸参考：F5第42页。
Bahasa Melayu: Durbar membolehkan raja dan pegawai British membincangkan hal ehwal pentadbiran NNMB. Rujukan skema: T5 ms.42."
Melaka2023_Q26,radio,F5 Bab 3,A,B,C,D,A,Melaka/Picture26.png,"中文：内阁集体负责，不能支持共同决定的部长应辞职，以维持一致立场。 答案纸参考：F5第54页。
Bahasa Melayu: Jemaah Menteri bertanggungjawab bersama; menteri yang tidak dapat menyokong keputusan bersama perlu meletakkan jawatan. Rujukan skema: T5 ms.54."
Melaka2023_Q27,radio,F5 Bab 4,A,B,C,D,A,Melaka/Picture27.png,"中文：住宅区垃圾收集和清洁是地方政府负责的公共服务。 答案纸参考：F5第71页。
Bahasa Melayu: Pengumpulan sampah dan kebersihan kawasan perumahan ialah perkhidmatan kerajaan tempatan. Rujukan skema: T5 ms.71."
Melaka2023_Q28,radio,F5 Bab 4,A,B,C,D,C,Melaka/Picture28.png,"中文：RASCOM成立以协调Rajang地区安全行动，对抗共产党威胁。 答案纸参考：F5第78页。
Bahasa Melayu: RASCOM menyelaraskan operasi keselamatan kawasan Rajang untuk membanteras ancaman komunis. Rujukan skema: T5 ms.78."
Melaka2023_Q29,radio,F5 Bab 5,A,B,C,D,D,Melaka/Picture29.png,"中文：Sarawak与Singapura在1963年加入马来西亚；Brunei和Thailand未加入，III、IV正确。 答案纸参考：F5第90页。
Bahasa Melayu: Sarawak dan Singapura menyertai Malaysia pada 1963, bukan Brunei atau Thailand; III dan IV betul. Rujukan skema: T5 ms.90."
Melaka2023_Q30,radio,F5 Bab 5,A,B,C,D,D,Melaka/Picture30.png,"中文：部分Sabah人士希望先建立Borneo州联合体，因而反对当时的马来西亚方案。 答案纸参考：F5第96页。
Bahasa Melayu: Sebahagian pihak di Sabah lebih berminat membentuk Kesatuan Negeri Borneo, lalu menolak cadangan Malaysia ketika itu. Rujukan skema: T5 ms.96."
Melaka2023_Q31,radio,F5 Bab 6,A,B,C,D,A,Melaka/Picture31.png,"中文：族群骚乱及持续政治紧张威胁联邦稳定，促使新加坡分离。 答案纸参考：F5第119页。
Bahasa Melayu: Rusuhan kaum dan ketegangan politik mengancam kestabilan sehingga membawa pemisahan Singapura. Rujukan skema: T5 ms.119."
Melaka2023_Q32,radio,F5 Bab 6,A,B,C,D,A,Melaka/Picture32.png,"中文：依赖橡胶出口及原料价格下跌使收入不稳定，是第一马来西亚计划需解决的问题。 答案纸参考：F5第127页。
Bahasa Melayu: Pergantungan eksport getah dan kejatuhan harga bahan mentah menyebabkan pendapatan tidak stabil, isu Rancangan Malaysia Pertama. Rujukan skema: T5 ms.127."
Melaka2023_Q33,radio,F5 Bab 7,A,B,C,D,B,Melaka/Picture33.png,"中文：Tatarakyat和历史教育培养公民责任、爱国及共同认同，I、IV正确。 答案纸参考：F5第145页。
Bahasa Melayu: Tatarakyat dan Sejarah memupuk tanggungjawab warganegara, patriotisme serta identiti bersama; I dan IV betul. Rujukan skema: T5 ms.145."
Melaka2023_Q34,radio,F5 Bab 7,A,B,C,D,A,Melaka/Picture34.png,"中文：国家原则旨在建立利用科学技术进步的社会，而非个人主义社会。 答案纸参考：F5第158页。
Bahasa Melayu: Rukun Negara menghasratkan masyarakat progresif yang memanfaatkan kemajuan sains dan teknologi, bukan individualistik. Rujukan skema: T5 ms.158."
Melaka2023_Q35,radio,F5 Bab 8,A,B,C,D,A,Melaka/Picture35.png,"中文：居民住房改善反映收入、设施及生活条件提升，证明DEB提高生活水平。 答案纸参考：F5第168页。
Bahasa Melayu: Pembaikan rumah peneroka menunjukkan peningkatan pendapatan, kemudahan dan taraf hidup hasil DEB. Rujukan skema: T5 ms.168."
Melaka2023_Q36,radio,F5 Bab 8,A,B,C,D,B,Melaka/Picture36.png,"中文：DARA和KETENGAH发展土地、设施与就业，带动落后区域经济。 答案纸参考：F5第171页。
Bahasa Melayu: DARA dan KETENGAH membangunkan tanah, kemudahan serta pekerjaan untuk kemajuan wilayah ketinggalan. Rujukan skema: T5 ms.171."
Melaka2023_Q37,radio,F5 Bab 9,A,B,C,D,B,Melaka/Picture37.png,"中文：外交政策建立与外国的良好关系，支持国家安全与合作利益。 答案纸参考：F5第196页。
Bahasa Melayu: Dasar luar memupuk hubungan baik dengan negara lain demi keselamatan dan kerjasama negara. Rujukan skema: T5 ms.196."
Melaka2023_Q38,radio,F5 Bab 9,A,B,C,D,B,Melaka/Picture38.png,"中文：ZOPFAN宣言推动东南亚和平、自由、中立，防止大国干预。 答案纸参考：F5第210页。
Bahasa Melayu: Deklarasi ZOPFAN menggalakkan rantau aman, bebas dan berkecuali tanpa campur tangan kuasa besar. Rujukan skema: T5 ms.210."
Melaka2023_Q39,radio,F5 Bab 10,A,B,C,D,C,Melaka/Picture39.png,"中文：AFTA降低贸易壁垒、扩大区域贸易和投资，加强经济合作。 答案纸参考：F5第230页。
Bahasa Melayu: AFTA mengurangkan halangan perdagangan serta memperluas perdagangan dan pelaburan untuk kerjasama ekonomi. Rujukan skema: T5 ms.230."
Melaka2023_Q40,radio,F5 Bab 10,A,B,C,D,A,Melaka/Picture40.png,"中文：马来西亚主张Antartika为全人类共同遗产，避免被少数大国垄断。 答案纸参考：F5第240页。
Bahasa Melayu: Malaysia mencadangkan Antartika sebagai warisan sejagat supaya tidak dikuasai segelintir kuasa besar. Rujukan skema: T5 ms.240."
Negeri Sembilan2023_Q1,radio,F4 Bab 1,A,B,C,D,C,Negeri Sembilan/Picture1.png,"中文：C：王室印玺、仪仗等Lambang Kebesaran象征统治者的主权，是马六甲民族国家特点之一。 答案纸参考：F4第6–7页。
Bahasa Melayu: C: Lambang kebesaran seperti nobat dan cap mohor melambangkan kedaulatan pemerintah serta menjadi ciri negara bangsa Melaka. Rujukan skema: T4 ms.6–7."
Negeri Sembilan2023_Q2,radio,F4 Bab 1,A,B,C,D,A,Negeri Sembilan/Picture2.png,"中文：A：人民通过劳动及服役向统治者效忠，例如担任战船划手；制定法律及管理辖区属于统治阶层职责。 答案纸参考：F4第13页。
Bahasa Melayu: A: Rakyat menunjukkan kesetiaan melalui tenaga dan khidmat seperti menjadi pengayuh kapal perang; penggubalan undang-undang ialah urusan pemerintah. Rujukan skema: T4 ms.13."
Negeri Sembilan2023_Q3,radio,F4 Bab 2,A,B,C,D,D,Negeri Sembilan/Picture3.png,"中文：D：明治天皇采用西方模式推动现代化，让日本富强，从而取得外国对日本的尊重。 答案纸参考：F4第27页。
Bahasa Melayu: D: Mikado Meiji memodenkan Jepun mengikut model Barat untuk mengukuhkan negara dan mendapatkan penghormatan negara luar. Rujukan skema: T4 ms.27."
Negeri Sembilan2023_Q4,radio,F4 Bab 2,A,B,C,D,A,Negeri Sembilan/Picture4.png,"中文：A（I、II）：宗教知识分子通过报刊传播Islah思想，并建立madrasah推广教育和民族意识。 答案纸参考：F4第36页。
Bahasa Melayu: A (I dan II): Intelektual berpendidikan agama menerbitkan akhbar untuk menyebarkan idea Islah dan menubuhkan madrasah bagi membangkitkan kesedaran nasionalisme. Rujukan skema: T4 ms.36."
Negeri Sembilan2023_Q5,radio,F4 Bab 3,A,B,C,D,D,Negeri Sembilan/Picture5.png,"中文：D：盟军在诺曼底登陆的D-Day行动打开西欧战线，并推动法国摆脱德国占领。 答案纸参考：F4第63页。
Bahasa Melayu: D: Pendaratan D-Day di Normandy membuka medan serangan di Eropah Barat dan membolehkan Perancis dibebaskan daripada penaklukan Jerman. Rujukan skema: T4 ms.63."
Negeri Sembilan2023_Q6,radio,F4 Bab 3,A,B,C,D,D,Negeri Sembilan/Picture6.png,"中文：D：Gurchan Singh通过传单与宣传揭露日本统治的暴行，鼓励人民反抗，使用Singa作署名。 答案纸参考：F4第78页。
Bahasa Melayu: D: Gurchan Singh menyebarkan risalah dan propaganda anti-Jepun untuk mendedahkan kekejaman Jepun serta membangkitkan penentangan, dengan nama samaran Singa. Rujukan skema: T4 ms.78."
Negeri Sembilan2023_Q7,radio,F4 Bab 4,A,B,C,D,C,Negeri Sembilan/Picture7.png,"中文：C（II、III）：马来统治者向伦敦寄抗议信，并尝试把Malayan Union争议提交英国高等法院。 答案纸参考：F4第100–101页。
Bahasa Melayu: C (II dan III): Raja-raja Melayu menghantar surat bantahan ke London dan membawa kes Malayan Union ke Mahkamah Tinggi England. Rujukan skema: T4 ms.100–101."
Negeri Sembilan2023_Q8,radio,F4 Bab 4,A,B,C,D,B,Negeri Sembilan/Picture8.png,"中文：B：SBUB把沙巴交给英国政府，配合英国控制战略地区和资源的利益；王位继承问题属于砂拉越布鲁克王朝背景。 答案纸参考：F4第114–115页。
Bahasa Melayu: B: Penyerahan Sabah oleh SBUB memenuhi kepentingan British untuk menguasai wilayah strategik dan sumbernya; masalah pewarisan takhta berkaitan Sarawak. Rujukan skema: T4 ms.114–115."
Negeri Sembilan2023_Q9,radio,F4 Bab 5,A,B,C,D,B,Negeri Sembilan/Picture9.png,"中文：B：Perlembagaan Rakyat主张统一且平等的公民权，并把马来亚与新加坡结合，而非分开。 答案纸参考：F4第130页。
Bahasa Melayu: B: Perlembagaan Rakyat mencadangkan kewarganegaraan yang sama dan penyatuan Tanah Melayu dengan Singapura, bukannya pemisahan. Rujukan skema: T4 ms.130."
Negeri Sembilan2023_Q10,radio,F4 Bab 5,A,B,C,D,C,Negeri Sembilan/Picture10.png,"中文：C（II、III）：1948年联邦立法议会负责司法、通讯等事项；财政和公民权属联邦行政议会的重要范围。 答案纸参考：F4第134页。
Bahasa Melayu: C (II dan III): Majlis Perundangan Persekutuan meliputi bidang kehakiman dan komunikasi, manakala kewangan serta kewarganegaraan berkaitan Majlis Eksekutif. Rujukan skema: T4 ms.134."
Negeri Sembilan2023_Q11,radio,F4 Bab 6,A,B,C,D,C,Negeri Sembilan/Picture11.png,"中文：C：共产主义主张由国家控制经济和生产资料，取代私人资本的支配。 答案纸参考：F4第146页。
Bahasa Melayu: C: Komunisme memperjuangkan pemilikan ekonomi dan alat pengeluaran oleh negara bagi menggantikan penguasaan kapitalis persendirian. Rujukan skema: T4 ms.146."
Negeri Sembilan2023_Q12,radio,F4 Bab 6,A,B,C,D,B,Negeri Sembilan/Picture12.png,"中文：B：英国以紧急法令取缔被视为激进的组织，包括AWAS及PETA，以限制它们的政治活动。 答案纸参考：F4第152页。
Bahasa Melayu: B: British mengharamkan pertubuhan yang dianggap radikal seperti AWAS dan PETA melalui Undang-undang Darurat. Rujukan skema: T4 ms.152."
Negeri Sembilan2023_Q13,radio,F4 Bab 7,A,B,C,D,C,Negeri Sembilan/Picture13.png,"中文：C：CLC建议成立RIDA，协助马来人的经济及教育发展，促进各族更平衡地参与经济。 答案纸参考：F4第177页。
Bahasa Melayu: C: CLC mencadangkan penubuhan RIDA untuk meningkatkan ekonomi dan pendidikan orang Melayu serta mengurangkan jurang antara kaum. Rujukan skema: T4 ms.177."
Negeri Sembilan2023_Q14,radio,F4 Bab 7,A,B,C,D,C,Negeri Sembilan/Picture14.png,"中文：C：全国会议、全国大会及联盟党都通过跨族群政治合作推动独立，显示协商比各自行动更有效。 答案纸参考：F4第186–187页。
Bahasa Melayu: C: Persidangan Kebangsaan, Konvensyen Kebangsaan dan Parti Perikatan menjayakan usaha kemerdekaan melalui kerjasama politik antara kaum. Rujukan skema: T4 ms.186–187."
Negeri Sembilan2023_Q15,radio,F4 Bab 8,A,B,C,D,A,Negeri Sembilan/Picture15.png,"中文：A：吉隆坡UMNO与雪兰莪MCA的市议会选举合作，发展成联盟党合作模式。 答案纸参考：F4第197页。
Bahasa Melayu: A: Kerjasama UMNO Kuala Lumpur dengan MCA Selangor dalam pilihan raya perbandaran menjadi asas pembentukan Parti Perikatan. Rujukan skema: T4 ms.197."
Negeri Sembilan2023_Q16,radio,F4 Bab 8,A,B,C,D,A,Negeri Sembilan/Picture16.png,"中文：A（I、II）：1955年选举后的行政安排取代Sistem Ahli，东姑成为首席部长；英国最高专员并未完全失去权力。 答案纸参考：F4第204页。
Bahasa Melayu: A (I dan II): Selepas pilihan raya 1955, Sistem Ahli dimansuhkan dan Tunku Abdul Rahman menjadi Ketua Menteri; Pesuruhjaya Tinggi British masih mempunyai kuasa. Rujukan skema: T4 ms.204."
Negeri Sembilan2023_Q17,radio,F4 Bab 9,A,B,C,D,B,Negeri Sembilan/Picture17.png,"中文：B：PAS认为宪法草案的公民权安排过于宽松，可能影响马来人的利益，因此提出批评。 答案纸参考：F4第223页。
Bahasa Melayu: B: PAS mengkritik syarat kewarganegaraan yang dianggap terlalu longgar kerana dikhuatiri menggugat kepentingan orang Melayu. Rujukan skema: T4 ms.223."
Negeri Sembilan2023_Q18,radio,F4 Bab 9,A,B,C,D,C,Negeri Sembilan/Picture18.png,"中文：C（II、III）：公民权及伊斯兰教地位明确列入1957年联邦协定的核心内容。 答案纸参考：F4第224–225页。
Bahasa Melayu: C (II dan III): Kewarganegaraan dan kedudukan agama Islam merupakan inti pati yang dinyatakan dalam Perjanjian Persekutuan Tanah Melayu 1957. Rujukan skema: T4 ms.224–225."
Negeri Sembilan2023_Q19,radio,F4 Bab 10,A,B,C,D,A,Negeri Sembilan/Picture19.png,"中文：A：升联邦国旗及鸣炮101响象征独立庆典与主权国家的成立，并非只宣布未来的独立日期。 答案纸参考：F4第240页。
Bahasa Melayu: A: Pengibaran bendera Persekutuan dan 101 das tembakan menandakan kelahiran negara berdaulat pada sambutan kemerdekaan. Rujukan skema: T4 ms.240."
Negeri Sembilan2023_Q20,radio,F4 Bab 10,A,B,C,D,D,Negeri Sembilan/Picture20.png,"中文：D：独立后须用本地官员取代欧洲官员，让国家行政真正由本国人民掌握。 答案纸参考：F4第242页。
Bahasa Melayu: D: Selepas merdeka, jawatan pegawai Eropah perlu digantikan oleh pegawai tempatan supaya pentadbiran dikendalikan rakyat sendiri. Rujukan skema: T4 ms.242."
Negeri Sembilan2023_Q21,radio,F5 Bab 1,A,B,C,D,D,Negeri Sembilan/Picture21.png,"中文：D：联邦宪法是最高法律，为国家法律制度、政府权力及人民权利提供基本依据。 答案纸参考：F5第9页。
Bahasa Melayu: D: Perlembagaan Persekutuan ialah undang-undang tertinggi dan panduan asas sistem perundangan, kuasa kerajaan serta hak rakyat. Rujukan skema: T5 ms.9."
Negeri Sembilan2023_Q22,radio,F5 Bab 1,A,B,C,D,B,Negeri Sembilan/Picture22.png,"中文：B（I、IV）：人民应与各族合作并支持政府发展政策；执行法律及分配国家资源主要是政府责任。 答案纸参考：F5第12页。
Bahasa Melayu: B (I dan IV): Rakyat memupuk kerjasama antara kaum dan menyokong usaha kerajaan; pelaksanaan undang-undang serta pengagihan kekayaan ialah tanggungjawab pemerintah. Rujukan skema: T5 ms.12."
Negeri Sembilan2023_Q23,radio,F5 Bab 2,A,B,C,D,A,Negeri Sembilan/Picture23.png,"中文：A：英国时期的海峡殖民地由Majlis Undangan Negeri制定法律；须与马来各州及联邦立法机构区分。 答案纸参考：F5第26页。
Bahasa Melayu: A: Majlis Undangan Negeri menggubal undang-undang bagi Negeri-negeri Selat dalam pentadbiran British, berbeza daripada badan perundangan negeri Melayu. Rujukan skema: T5 ms.26."
Negeri Sembilan2023_Q24,radio,F5 Bab 3,A,B,C,D,A,Negeri Sembilan/Picture24.png,"中文：A：选举让人民选择代表及领导者，构成民主制度中人民参与政府的基本机制。 答案纸参考：F5第29页。
Bahasa Melayu: A: Pilihan raya membolehkan rakyat memilih pemimpin dan wakil, lalu menjadi asas penyertaan rakyat dalam demokrasi. Rujukan skema: T5 ms.29."
Negeri Sembilan2023_Q25,radio,F5 Bab 3,A,B,C,D,B,Negeri Sembilan/Picture25.png,"中文：B（I、IV）：宪法保障宗教自由和教育权；言论自由有法律限制，而国家元首由统治者会议选出。 答案纸参考：F5第51页。
Bahasa Melayu: B (I dan IV): Perlembagaan menjamin kebebasan beragama dan hak pendidikan. Kebebasan bersuara tertakluk pada undang-undang dan Ketua Negara dipilih Majlis Raja-Raja. Rujukan skema: T5 ms.51."
Negeri Sembilan2023_Q26,radio,F5 Bab 3,A,B,C,D,A,Negeri Sembilan/Picture26.png,"中文：A：君主立宪中的君主可在政党争执时发挥超越党派的稳定作用，形成制衡机制。 答案纸参考：F5第56页。
Bahasa Melayu: A: Raja Berperlembagaan membantu meredakan pertikaian politik melalui kedudukan yang mengatasi kepentingan kepartian, lalu berfungsi sebagai semak dan imbang. Rujukan skema: T5 ms.56."
Negeri Sembilan2023_Q27,radio,F5 Bab 4,A,B,C,D,C,Negeri Sembilan/Picture27.png,"中文：C（II、III）：联邦获得较大权限以建立强有力的中央政府，协调全国事务并确保稳定和发展。 答案纸参考：F5第68页。
Bahasa Melayu: C (II dan III): Kuasa lebih besar kepada Persekutuan membentuk kerajaan pusat yang kuat bagi menjamin kestabilan serta kemajuan negara. Rujukan skema: T5 ms.68."
Negeri Sembilan2023_Q28,radio,F5 Bab 4,A,B,C,D,D,Negeri Sembilan/Picture28.png,"中文：D：国家理事会协调联邦与州的行政，特别是共同涉及的财政、土地及地方政府事务。 答案纸参考：F5第81页。
Bahasa Melayu: D: Majlis Negara menyelaraskan pentadbiran Persekutuan dengan negeri, khususnya dalam urusan kewangan, tanah dan kerajaan tempatan. Rujukan skema: T5 ms.81."
Negeri Sembilan2023_Q29,radio,F5 Bab 5,A,B,C,D,B,Negeri Sembilan/Picture29.png,"中文：B：Donald Stephens及Temenggung Jugah访问马来亚以观察发展成果，了解加入马来西亚可能带来的发展机会。 答案纸参考：F5第98页。
Bahasa Melayu: B: Lawatan Donald Stephens dan Temenggung Jugah bertujuan meninjau kemajuan Tanah Melayu serta memahami manfaat pembangunan melalui pembentukan Malaysia. Rujukan skema: T5 ms.98."
Negeri Sembilan2023_Q30,radio,F5 Bab 5,A,B,C,D,A,Negeri Sembilan/Picture30.png,"中文：A：马来西亚以谈判和外交途径应付印尼对抗，寻求和平解决，而非发动报复攻击。 答案纸参考：F5第108–109页。
Bahasa Melayu: A: Malaysia mengadakan siri rundingan dan menggunakan diplomasi untuk menyelesaikan konfrontasi Indonesia secara aman. Rujukan skema: T5 ms.108–109."
Negeri Sembilan2023_Q31,radio,F5 Bab 6,A,B,C,D,B,Negeri Sembilan/Picture31.png,"中文：B（I、IV）：Hammer行动与Briggs计划都通过迁移居民及宵禁，切断共产分子取得食物和居民援助的渠道。 答案纸参考：F5第122页。
Bahasa Melayu: B (I dan IV): Operasi Hammer dan Rancangan Briggs melibatkan pemindahan penduduk serta perintah berkurung untuk memutuskan bekalan dan hubungan komunis dengan orang awam. Rujukan skema: T5 ms.122."
Negeri Sembilan2023_Q32,radio,F5 Bab 6,A,B,C,D,C,Negeri Sembilan/Picture32.png,"中文：C：暂停报刊出版可限制煽动性或失实消息的传播。题干把骚乱写成16日；主要族群骚乱发生于1969年5月13日，16日是MAGERAN成立日期。 答案纸参考：F5第130页。
Bahasa Melayu: C: Penggantungan penerbitan akhbar membantu menyekat berita palsu dan hasutan. Rusuhan utama berlaku pada 13 Mei 1969; 16 Mei ialah tarikh penubuhan MAGERAN, bukan tarikh utama rusuhan. Rujukan skema: T5 ms.130."
Negeri Sembilan2023_Q33,radio,F5 Bab 7,A,B,C,D,D,Negeri Sembilan/Picture33.png,"中文：D：DBP出版马来语书籍及资料，使国家语言能用于教育、知识传播和文学发展。 答案纸参考：F5第149页。
Bahasa Melayu: D: DBP menerbitkan buku dan bahan dalam bahasa Melayu untuk pendidikan, penyebaran ilmu serta perkembangan bahasa kebangsaan. Rujukan skema: T5 ms.149."
Negeri Sembilan2023_Q34,radio,F5 Bab 7,A,B,C,D,D,Negeri Sembilan/Picture34.png,"中文：D：国家文化政策以本地原住人民文化为基础，同时接受合适的其他文化元素，伊斯兰教是重要元素。 答案纸参考：F5第150页。
Bahasa Melayu: D: Dasar Kebudayaan Kebangsaan berteraskan kebudayaan rakyat asal, menerima unsur budaya lain yang sesuai dan menjadikan Islam unsur penting. Rujukan skema: T5 ms.150."
Negeri Sembilan2023_Q35,radio,F5 Bab 8,A,B,C,D,A,Negeri Sembilan/Picture35.png,"中文：A：Buku Hijau鼓励短期农作物及充分利用土地，增加粮食生产与人民收入。 答案纸参考：F5第169页。
Bahasa Melayu: A: Rancangan Buku Hijau menggalakkan tanaman jangka pendek dan penggunaan tanah untuk meningkatkan pengeluaran makanan serta pendapatan rakyat. Rujukan skema: T5 ms.169."
Negeri Sembilan2023_Q36,radio,F5 Bab 8,A,B,C,D,C,Negeri Sembilan/Picture36.png,"中文：C：第二长期规划推行Dasar Pembangunan Nasional，包含区域发展及重新调整股权资本等策略。 答案纸参考：F5第178–179页。
Bahasa Melayu: C: Dasar Pembangunan Nasional dilaksanakan dalam Rancangan Jangka Panjang Kedua melalui pembangunan wilayah dan penyusunan semula modal saham. Rujukan skema: T5 ms.178–179."
Negeri Sembilan2023_Q37,radio,F5 Bab 9,A,B,C,D,D,Negeri Sembilan/Picture37.png,"中文：D：中国与印度自古通过贸易及人民交流与本区域联系，这些历史纽带影响外交关系。 答案纸参考：F5第197页。
Bahasa Melayu: D: Ikatan sejarah melalui perdagangan dan hubungan penduduk dengan China serta India mempengaruhi hubungan diplomatik Malaysia. Rujukan skema: T5 ms.197."
Negeri Sembilan2023_Q38,radio,F5 Bab 9,A,B,C,D,D,Negeri Sembilan/Picture38.png,"中文：D（III、IV）：东盟通过经济整合及降低商品税促进区内贸易，不是共同控制所有商品价格。 答案纸参考：F5第211页。
Bahasa Melayu: D (III dan IV): ASEAN menyokong integrasi ekonomi dan pengurangan cukai barangan untuk meningkatkan perdagangan serantau. Rujukan skema: T5 ms.211."
Negeri Sembilan2023_Q39,radio,F5 Bab 10,A,B,C,D,B,Negeri Sembilan/Picture39.png,"中文：B：AFTA降低成员间商品关税，使交易成本减少，推动东盟区域内贸易。 答案纸参考：F5第230页。
Bahasa Melayu: B: AFTA mengurangkan tarif barangan antara anggota supaya kos perdagangan berkurang dan perdagangan serantau meningkat. Rujukan skema: T5 ms.230."
Negeri Sembilan2023_Q40,radio,F5 Bab 10,A,B,C,D,A,Negeri Sembilan/Picture40.png,"中文：A：叙利亚政治冲突及内战引发人道危机，促使马来西亚人民提供援助并关注受影响居民。 答案纸参考：F5第236页。
Bahasa Melayu: A: Krisis politik dan perang di Syria menimbulkan masalah kemanusiaan yang mendapat perhatian serta bantuan rakyat Malaysia. Rujukan skema: T5 ms.236."
Pahang2023_Q1,radio,F4 Bab 1,A,B,C,D,B,Pahang/Picture1.png,"中文：早期马来世界国家特征包括君主、法律、人民及势力范围，故选法律B。 答案纸参考：F4第4页。
Bahasa Melayu: Ciri negara bangsa Alam Melayu ialah raja, undang-undang, rakyat dan wilayah pengaruh; B betul. Rujukan skema: T4 ms.4."
Pahang2023_Q2,radio,F4 Bab 1,A,B,C,D,C,Pahang/Picture2.png,"中文：法律规定统治、司法及居民责任，为马六甲行政提供依据。 答案纸参考：F4第10页。
Bahasa Melayu: Undang-undang mengatur pemerintahan, kehakiman dan tanggungjawab penduduk sebagai asas pentadbiran Melaka. Rujukan skema: T4 ms.10."
Pahang2023_Q3,radio,F4 Bab 2,A,B,C,D,D,Pahang/Picture3.png,"中文：民族主义推动摆脱殖民和政治控制，让人民取得自主治理的自由。 答案纸参考：F4第22页。
Bahasa Melayu: Nasionalisme mendorong pembebasan daripada penjajahan dan kawalan politik untuk pemerintahan sendiri. Rujukan skema: T4 ms.22."
Pahang2023_Q4,radio,F4 Bab 2,A,B,C,D,C,Pahang/Picture4.png,"中文：Manchu政府未能阻止西方干涉与势力扩张，引发中国民族主义者反对。 答案纸参考：F4第26页。
Bahasa Melayu: Kegagalan Dinasti Manchu menghalang pengaruh serta campur tangan Barat membangkitkan penentangan nasionalis China. Rujukan skema: T4 ms.26."
Pahang2023_Q5,radio,F4 Bab 2,A,B,C,D,A,Pahang/Picture5.png,"中文：这些宗教报刊刊登Islah改革思想，鼓励穆斯林教育、社会及经济进步。 答案纸参考：F4第34页。
Bahasa Melayu: Akhbar agama menyebarkan idea pembaharuan Islah untuk kemajuan pendidikan, sosial dan ekonomi umat Islam. Rujukan skema: T4 ms.34."
Pahang2023_Q6,radio,F4 Bab 2,A,B,C,D,D,Pahang/Picture6.png,"中文：al-Jamiah al-Khairiah增进社群福利与组织合作，唤醒经商及经济进步意识，按答案选D。 答案纸参考：F4第42页。
Bahasa Melayu: al-Jamiah al-Khairiah membantu kebajikan dan kerjasama masyarakat serta membangkitkan semangat perniagaan dan kemajuan ekonomi, D mengikut skema. Rujukan skema: T4 ms.42."
Pahang2023_Q7,radio,F4 Bab 3,A,B,C,D,A,Pahang/Picture7.png,"中文：日本工业需要原料和市场，推动向资源丰富的亚洲地区扩张。 答案纸参考：F4第64页。
Bahasa Melayu: Perindustrian Jepun memerlukan bahan mentah dan pasaran, lalu mendorong peluasan kuasa di Asia. Rujukan skema: T4 ms.64."
Pahang2023_Q8,radio,F4 Bab 3,A,B,C,D,B,Pahang/Picture8.png,"中文：有效作战策略和集中攻击优势让日军快速取胜，I、IV正确。 答案纸参考：F4第66页。
Bahasa Melayu: Strategi berkesan dan penguasaan serangan membolehkan kemaraan pantas Jepun; I dan IV betul. Rujukan skema: T4 ms.66."
Pahang2023_Q9,radio,F4 Bab 3,A,B,C,D,C,Pahang/Picture9.png,"中文：搜集情报、破坏及宣传是Operasi Semut的活动，应B。答案纸C的Zipper为英国重返马来亚计划，不吻合；Semut实际主要在Sarawak，题干地区亦不严谨。 答案纸参考：F4第77页。
Bahasa Melayu: Risikan, sabotaj dan propaganda ialah kegiatan Operasi Semut, B. Skema C, Zipper, ialah rancangan British kembali ke Tanah Melayu, tidak sepadan; Semut terutama di Sarawak, maka lokasi stem juga kurang tepat. Rujukan skema: T4 ms.77."
Pahang2023_Q10,radio,F4 Bab 3,A,B,C,D,A,Pahang/Picture10.png,"中文：日军投降而英国尚未到达，MPAJA或Bintang Tiga趁权力真空控制地区。 答案纸参考：F4第84页。
Bahasa Melayu: Selepas Jepun menyerah sebelum British tiba, MPAJA atau Bintang Tiga mengambil kuasa dalam kekosongan politik. Rujukan skema: T4 ms.84."
Pahang2023_Q11,radio,F4 Bab 4,A,B,C,D,B,Pahang/Picture11.png,"中文：政治协会可动员居民反殖民，英国担心其统治地位受威胁而压制。 答案纸参考：F4第116页。
Bahasa Melayu: Persatuan politik boleh menggerakkan penduduk menentang penjajah; British menindasnya kerana mengancam kedudukan pemerintahan. Rujukan skema: T4 ms.116."
Pahang2023_Q12,radio,F4 Bab 7,A,B,C,D,A,Pahang/Picture12.png,"中文：PKMM和API虽采用不同组织策略，都追求祖国摆脱殖民统治。 答案纸参考：F4第129页。
Bahasa Melayu: PKMM dan API mempunyai strategi organisasi berbeza tetapi sama-sama memperjuangkan pembebasan tanah air. Rujukan skema: T4 ms.129."
Pahang2023_Q13,radio,F4 Bab 5,A,B,C,D,D,Pahang/Picture13.png,"中文：1948年联邦保障马来人的特殊地位，并开放非马来人公民权以促进合作，III、IV正确。 答案纸参考：F4第136页。
Bahasa Melayu: Persekutuan 1948 melindungi kedudukan Melayu dan membuka kewarganegaraan bukan Melayu untuk perpaduan; III dan IV betul. Rujukan skema: T4 ms.136."
Pahang2023_Q14,radio,F4 Bab 6,A,B,C,D,C,Pahang/Picture14.png,"中文：赦免传单和通行证可由飞机撒下，实际对应B；答案纸C电报不能直接投送纸质传单，保留key并注明差异。 答案纸参考：F4第158页。
Bahasa Melayu: Risalah dan pas pengampunan boleh digugurkan melalui kapal terbang, B; skema C telegraf tidak mengedarkan bahan bercetak secara langsung, maka perbezaan dicatat. Rujukan skema: T4 ms.158."
Pahang2023_Q15,radio,F4 Bab 7,A,B,C,D,B,Pahang/Picture15.png,"中文：IMP向各族开放，希望建立全国团结而非单一族群政党。 答案纸参考：F4第172页。
Bahasa Melayu: IMP terbuka kepada pelbagai kaum untuk perpaduan kebangsaan, bukan parti satu kaum. Rujukan skema: T4 ms.172."
Pahang2023_Q16,radio,F4 Bab 7,A,B,C,D,A,Pahang/Picture16.png,"中文：英国在Sistem Ahli保留经济等重要部门，以维持殖民时期的核心行政控制。 答案纸参考：F4第178页。
Bahasa Melayu: British mengekalkan portfolio penting seperti Hal Ehwal Ekonomi dalam Sistem Ahli untuk kawalan pentadbiran. Rujukan skema: T4 ms.178."
Pahang2023_Q17,radio,F4 Bab 8,A,B,C,D,D,Pahang/Picture17.png,"中文：1955年大选选出联邦立法议会成员，赋予人民参与政治的权利。 答案纸参考：F4第199页。
Bahasa Melayu: Pilihan raya 1955 memilih anggota MPP dan memberikan rakyat penyertaan politik. Rujukan skema: T4 ms.199."
Pahang2023_Q18,radio,F4 Bab 9,A,B,C,D,C,Pahang/Picture18.png,"中文：Sheikh Abdullah Fahim提供意见，协助Tunku选择独立日期。 答案纸参考：F4第218页。
Bahasa Melayu: Sheikh Abdullah Fahim memberi pandangan kepada Tunku untuk mencadangkan tarikh kemerdekaan. Rujukan skema: T4 ms.218."
Pahang2023_Q19,radio,F4 Bab 9,A,B,C,D,B,Pahang/Picture19.png,"中文：第153条保障特殊地位，包括公务职位、奖学金和许可证等领域，B符合公务职位。 答案纸参考：F4第225页。
Bahasa Melayu: Perkara 153 melindungi kedudukan istimewa termasuk jawatan perkhidmatan awam, biasiswa dan permit; B sesuai. Rujukan skema: T4 ms.225."
Pahang2023_Q20,radio,F4 Bab 10,A,B,C,D,D,Pahang/Picture20.png,"中文：al-Afghani强调人民团结抗争，才能摆脱殖民统治而获得独立。 答案纸参考：F4第236页。
Bahasa Melayu: al-Afghani menekankan kesatuan rakyat dalam perjuangan untuk membebaskan negara daripada penjajahan. Rujukan skema: T4 ms.236."
Pahang2023_Q21,radio,F5 Bab 1,A,B,C,D,D,Pahang/Picture21.png,"中文：明确边界界定国家治理领土，是主权国家必需特征。 答案纸参考：F5第8–9页。
Bahasa Melayu: Sempadan jelas menentukan wilayah pemerintahan dan ialah ciri negara berdaulat. Rujukan skema: T5 ms.8–9."
Pahang2023_Q22,radio,F5 Bab 1,A,B,C,D,C,Pahang/Picture22.png,"中文：共同实践国家原则培养忠诚、尊重和合作，加强人民团结。 答案纸参考：F5第13页。
Bahasa Melayu: Penghayatan Rukun Negara memupuk kesetiaan, hormat dan kerjasama untuk perpaduan rakyat. Rujukan skema: T5 ms.13."
Pahang2023_Q23,radio,F5 Bab 2,A,B,C,D,A,Pahang/Picture23.png,"中文：Sarawak的Majlis Tertinggi承担行政职能，依据州宪法管理州事务。 答案纸参考：F5第24页。
Bahasa Melayu: Majlis Tertinggi menjalankan fungsi pentadbiran Sarawak berdasarkan perlembagaan negeri. Rujukan skema: T5 ms.24."
Pahang2023_Q24,radio,F5 Bab 2,A,B,C,D,B,Pahang/Picture24.png,"中文：1963年加入新地区须重组高等法院体系，涵盖马来亚、Borneo及新加坡。 答案纸参考：F5第30页。
Bahasa Melayu: Pembentukan Malaysia 1963 memerlukan penstrukturan mahkamah atasan untuk Tanah Melayu, Borneo dan Singapura. Rujukan skema: T5 ms.30."
Pahang2023_Q25,radio,F5 Bab 3,A,B,C,D,C,Pahang/Picture25.png,"中文：传统君主维持既有社会等级和结构，承担最高统治职责。 答案纸参考：F5第38页。
Bahasa Melayu: Raja tradisional mempertahankan struktur serta susunan masyarakat sambil menjalankan pemerintahan tertinggi. Rujukan skema: T5 ms.38."
Pahang2023_Q26,radio,F5 Bab 3,A,B,C,D,A,Pahang/Picture26.png,"中文：君主政治中立及平衡权力，可缓和政党与族群之间的冲突。 答案纸参考：F5第56页。
Bahasa Melayu: Raja berkecuali dan memiliki kuasa pengimbang untuk meredakan konflik parti serta kaum dalam demokrasi. Rujukan skema: T5 ms.56."
Pahang2023_Q27,radio,F5 Bab 4,A,B,C,D,B,Pahang/Picture27.png,"中文：1957年独立联邦设国家元首职位，担任联邦最高元首。 答案纸参考：F5第67页。
Bahasa Melayu: Jawatan YDPA diperkenalkan dalam Persekutuan Tanah Melayu 1957 sebagai Ketua Persekutuan. Rujukan skema: T5 ms.67."
Pahang2023_Q28,radio,F5 Bab 4,A,B,C,D,D,Pahang/Picture28.png,"中文：全国财政理事会协调联邦与州财政关系、贷款及拨款等事务。 答案纸参考：F5第81页。
Bahasa Melayu: Majlis Kewangan Negara menyelaraskan hubungan kewangan, pinjaman dan peruntukan persekutuan-negeri. Rujukan skema: T5 ms.81."
Pahang2023_Q29,radio,F5 Bab 5,A,B,C,D,A,Pahang/Picture29.png,"中文：Cobbold报告建议保障Sabah、Sarawak自治权，回应当地居民对联邦的要求。 答案纸参考：F5第100页。
Bahasa Melayu: Laporan Cobbold mencadangkan kuasa autonomi Sabah-Sarawak untuk memenuhi kepentingan penduduk dalam persekutuan. Rujukan skema: T5 ms.100."
Pahang2023_Q30,radio,F5 Bab 5,A,B,C,D,C,Pahang/Picture30.png,"中文：Malaysia Agreement保障Sarawak建立州内阁等特定权利，使州管理本地事务。 答案纸参考：F5第103页。
Bahasa Melayu: Perjanjian Malaysia memperuntukkan hak Sarawak membentuk kabinet negeri untuk pentadbiran tempatan. Rujukan skema: T5 ms.103."
Pahang2023_Q31,radio,F5 Bab 6,A,B,C,D,C,Pahang/Picture31.png,"中文：第一马来西亚计划改善低收入群体与落后地区，缩小生活水平差距。 答案纸参考：F5第127页。
Bahasa Melayu: Rancangan Malaysia Pertama membantu golongan rendah pendapatan dan kawasan ketinggalan untuk mengurangkan perbezaan taraf hidup. Rujukan skema: T5 ms.127."
Pahang2023_Q32,radio,F5 Bab 7,A,B,C,D,B,Pahang/Picture32.png,"中文：1956年成立DBP，推广国语、出版读物及规范语言，提高马来语地位。 答案纸参考：F5第148页。
Bahasa Melayu: DBP ditubuhkan pada 1956 untuk memperkembang bahasa, penerbitan dan pembakuan bahasa Melayu. Rujukan skema: T5 ms.148."
Pahang2023_Q33,radio,F5 Bab 7,A,B,C,D,D,Pahang/Picture33.png,"中文：礼貌与道德要求互相尊重、包容及体谅，日常体现为互相让步。 答案纸参考：F5第159页。
Bahasa Melayu: Kesopanan dan Kesusilaan menuntut hormat, penerimaan dan timbang rasa, diamalkan melalui sikap bertolak ansur. Rujukan skema: T5 ms.159."
Pahang2023_Q34,radio,F5 Bab 8,A,B,C,D,A,Pahang/Picture34.png,"中文：DEB通过减贫和社会重组促进族群经济公平，最终实现和谐与团结。 答案纸参考：F5第167页。 题干把DEB起始年写成1970；实际从1971年开始。
Bahasa Melayu: DEB membasmi kemiskinan dan menyusun masyarakat untuk keadilan ekonomi serta kesejahteraan kaum. Tahun pelaksanaan ialah 1971, bukan 1970 seperti stem. Rujukan skema: T5 ms.167."
Pahang2023_Q35,radio,F5 Bab 8,A,B,C,D,C,Pahang/Picture35.png,"中文：绿色书计划鼓励集体种植和短期农业，增加粮食与收入。 答案纸参考：F5第169页。
Bahasa Melayu: Rancangan Buku Hijau menggalakkan perkebunan berkelompok serta tanaman jangka pendek untuk makanan dan pendapatan. Rujukan skema: T5 ms.169."
Pahang2023_Q36,radio,F5 Bab 9,A,B,C,D,A,Pahang/Picture36.png,"中文：自由和中立外交以国家利益、自主及安全为优先，属于国家需求因素。 答案纸参考：F5第197页。
Bahasa Melayu: Dasar bebas dan berkecuali mengutamakan kepentingan, kebebasan serta keselamatan negara, iaitu keperluan nasional. Rujukan skema: T5 ms.197."
Pahang2023_Q37,radio,F5 Bab 9,A,B,C,D,B,Pahang/Picture37.png,"中文：Colombo Plan提供奖学金与培训，提升人力知识和专业能力。 答案纸参考：F5第206页。
Bahasa Melayu: Rancangan Colombo membiayai pengajian serta latihan untuk meningkatkan ilmu dan kemahiran tenaga manusia. Rujukan skema: T5 ms.206."
Pahang2023_Q38,radio,F5 Bab 9,A,B,C,D,D,Pahang/Picture38.png,"中文：答案纸D的联合国维和部队是课本处理Cambodia问题的UNTAC，不是Vietnam。题干国家与参考内容错配，保留D并注明。 答案纸参考：F5第210页。
Bahasa Melayu: Pasukan pengaman D dalam buku teks ialah UNTAC bagi Kemboja, bukan Vietnam. Negara dalam stem tidak sepadan dengan rujukan; D dikekalkan dengan percanggahan dicatat. Rujukan skema: T5 ms.210."
Pahang2023_Q39,radio,F5 Bab 10,A,B,C,D,B,Pahang/Picture39.png,"中文：AFTA降低关税和贸易成本，扩大成员间市场与经济合作。 答案纸参考：F5第230页。
Bahasa Melayu: AFTA mengurangkan tarif dan kos perdagangan untuk meluaskan pasaran serta kerjasama ekonomi anggota. Rujukan skema: T5 ms.230."
Pahang2023_Q40,radio,F5 Bab 10,A,B,C,D,D,Pahang/Picture40.png,"中文：geopark促进保护地质与自然遗产，结合负责任旅游以保障可持续性。 答案纸参考：F5第238页。
Bahasa Melayu: Geopark memelihara warisan geologi dan alam dengan pelancongan bertanggungjawab demi kelestarian. Rujukan skema: T5 ms.238."
Perak2023_Q1,radio,F4 Bab 1,A,B,C,D,B,Perak/Picture1.png,"中文：婚姻、监护等家庭条款保障家庭和谐及成员责任，故选B。 答案纸参考：F4第10页。
Bahasa Melayu: Peraturan perkahwinan dan penjagaan dalam hukum keluarga menjaga keharmonian serta tanggungjawab anggota, B. Rujukan skema: T4 ms.10."
Perak2023_Q2,radio,F4 Bab 1,A,B,C,D,C,Perak/Picture2.png,"中文：大臣管理辖区并维护治安，协助君主保持统治稳定。 答案纸参考：F4第12页。
Bahasa Melayu: Pembesar mengurus kawasan dan memelihara keamanan bagi membantu kestabilan pemerintahan raja. Rujukan skema: T4 ms.12."
Perak2023_Q3,radio,F4 Bab 2,A,B,C,D,A,Perak/Picture3.png,"中文：英国人在佛寺穿鞋被视为不尊重宗教文化，激发缅甸民族主义。 答案纸参考：F4第29页。
Bahasa Melayu: Pemakaian kasut British dalam kuil dianggap menghina agama dan budaya, membangkitkan nasionalisme Burma. Rujukan skema: T4 ms.29."
Perak2023_Q4,radio,F4 Bab 2,A,B,C,D,B,Perak/Picture4.png,"中文：本地出生的印度群体形成马来亚身份认同，转向关注当地利益。 答案纸参考：F4第42页。
Bahasa Melayu: Golongan India kelahiran tempatan membentuk identiti Tanah Melayu dan menumpukan kepentingan setempat. Rujukan skema: T4 ms.42."
Perak2023_Q5,radio,F4 Bab 3,A,B,C,D,D,Perak/Picture5.png,"中文：日本工业需要原料与市场，向亚太扩张导致战争。 答案纸参考：F4第64页。
Bahasa Melayu: Keperluan bahan mentah dan pasaran perindustrian Jepun mendorong peluasan kuasa serta perang Asia Pasifik. Rujukan skema: T4 ms.64."
Perak2023_Q6,radio,F4 Bab 3,A,B,C,D,A,Perak/Picture6.png,"中文：Force 136组织并支援抗日游击活动，与本地力量合作获取情报及实施破坏。 答案纸参考：F4第76页。
Bahasa Melayu: Force 136 membentuk dan menyokong gerila anti-Jepun melalui kerjasama tempatan, risikan serta sabotaj. Rujukan skema: T4 ms.76."
Perak2023_Q7,radio,F4 Bab 4,A,B,C,D,C,Perak/Picture7.png,"中文：BMA恢复秩序、供应和行政，重建人民对战后政府的信任。 答案纸参考：F4第94页。
Bahasa Melayu: BMA memulihkan ketenteraman, bekalan serta pentadbiran untuk kepercayaan rakyat selepas perang. Rujukan skema: T4 ms.94."
Perak2023_Q8,radio,F4 Bab 4,A,B,C,D,C,Perak/Picture8.png,"中文：课本强调Sabah战略位置和原料财富，I、II应选A。答案纸C为II、III，但“主要市场”不是该页重点，保留C注明差异。 答案纸参考：F4第114页。
Bahasa Melayu: Buku teks menekankan kedudukan strategik dan bahan mentah Sabah, I-II, A. Skema C ialah II-III tetapi pasaran utama bukan faktor utama halaman itu; C dikekalkan dengan perbezaan dicatat. Rujukan skema: T4 ms.114."
Perak2023_Q9,radio,F4 Bab 5,A,B,C,D,B,Perak/Picture9.png,"中文：1948年联邦恢复马来君主权力与主权，回应马来人反Malayan Union的诉求。 答案纸参考：F4第135页。
Bahasa Melayu: Persekutuan 1948 mengembalikan kuasa serta kedaulatan raja dan memenuhi tuntutan Melayu menentang Malayan Union. Rujukan skema: T4 ms.135."
Perak2023_Q10,radio,F4 Bab 5,A,B,C,D,D,Perak/Picture10.png,"中文：1948年协议承认马来人作为本地原住民及其特殊地位。 答案纸参考：F4第136页。
Bahasa Melayu: Perjanjian 1948 mengiktiraf orang Melayu sebagai penduduk asal dan melindungi kedudukan istimewanya. Rujukan skema: T4 ms.136."
Perak2023_Q11,radio,F4 Bab 6,A,B,C,D,D,Perak/Picture11.png,"中文：破坏园丘、矿场及工人劳动使生产停顿，旨在瘫痪英国经济。 答案纸参考：F4第149页。
Bahasa Melayu: Sabotaj ladang, lombong dan pekerja menghentikan pengeluaran untuk melumpuhkan ekonomi British. Rujukan skema: T4 ms.149."
Perak2023_Q12,radio,F4 Bab 6,A,B,C,D,A,Perak/Picture12.png,"中文：粮食配给和供应限制迫使人民改吃玉米、番薯及木薯。 答案纸参考：F4第162页。
Bahasa Melayu: Catuan serta kekurangan bekalan menyebabkan rakyat bergantung pada jagung, keledek dan ubi kayu. Rujukan skema: T4 ms.162."
Perak2023_Q13,radio,F4 Bab 7,A,B,C,D,A,Perak/Picture13.png,"中文：CLC让各族领袖讨论争议与妥协，培养族群团结。 答案纸参考：F4第174页。
Bahasa Melayu: CLC menyediakan rundingan dan tolak ansur antara pemimpin untuk memupuk perpaduan kaum. Rujukan skema: T4 ms.174."
Perak2023_Q14,radio,F4 Bab 7,A,B,C,D,D,Perak/Picture14.png,"中文：Sistem Ahli让本地人接管部门工作、学习行政，符合逐步去殖民化。 答案纸参考：F4第178页。
Bahasa Melayu: Sistem Ahli memberi penduduk tempatan peluang mengendalikan portfolio dan belajar mentadbir dalam proses dekolonisasi. Rujukan skema: T4 ms.178."
Perak2023_Q15,radio,F4 Bab 8,A,B,C,D,C,Perak/Picture15.png,"中文：民选议会增强本地领袖权力，推进管理权由殖民官员转到本地人。 答案纸参考：F4第204页。
Bahasa Melayu: MPP dipilih memperkukuh pemimpin tempatan dan memindahkan kuasa pentadbiran daripada pegawai kolonial kepada rakyat tempatan. Rujukan skema: T4 ms.204."
Perak2023_Q16,radio,F4 Bab 8,A,B,C,D,D,Perak/Picture16.png,"中文：首届内阁商讨国家安全和财政，为自治与独立行政作准备，III、IV正确。 答案纸参考：F4第206页。
Bahasa Melayu: Kabinet pertama membincangkan keselamatan serta kewangan sebagai persediaan pemerintahan sendiri; III dan IV betul. Rujukan skema: T4 ms.206."
Perak2023_Q17,radio,F4 Bab 9,A,B,C,D,B,Perak/Picture17.png,"中文：Reid委员会综合国家结构、公民身份与权力分配，为独立马来亚起草宪法。 答案纸参考：F4第220页。
Bahasa Melayu: Suruhanjaya Reid merangka perlembagaan merdeka berdasarkan struktur negara, kewarganegaraan serta pembahagian kuasa. Rujukan skema: T4 ms.220."
Perak2023_Q18,radio,F4 Bab 9,A,B,C,D,C,Perak/Picture18.png,"中文：协议保留马来人特殊地位，并设伊斯兰为联邦宗教，II、III正确。 答案纸参考：F4第225页。
Bahasa Melayu: Perjanjian mengekalkan kedudukan istimewa Melayu dan Islam sebagai agama Persekutuan; II dan III betul. Rujukan skema: T4 ms.225."
Perak2023_Q19,radio,F4 Bab 10,A,B,C,D,A,Perak/Picture19.png,"中文：场地、国歌、国旗和庆典程序展现新国家独立身份与主权。 答案纸参考：F4第236页。
Bahasa Melayu: Tempat, lagu, bendera dan tatacara sambutan menonjolkan identiti serta kedaulatan negara merdeka. Rujukan skema: T4 ms.236."
Perak2023_Q20,radio,F4 Bab 10,A,B,C,D,D,Perak/Picture20.png,"中文：红皮书计划列出乡村道路、学校、供水等基本设施项目，改善农村生活。 答案纸参考：F4第244页。
Bahasa Melayu: Rancangan Buku Merah menyenaraikan projek jalan, sekolah, air dan kemudahan asas bagi kehidupan luar bandar. Rujukan skema: T4 ms.244."
Perak2023_Q21,radio,F5 Bab 1,A,B,C,D,A,Perak/Picture21.png,"中文：主权让政府自主制定政策、保持秩序并发展国家，保障人民福祉。 答案纸参考：F5第11页。
Bahasa Melayu: Kedaulatan membolehkan kerajaan menggubal dasar sendiri, menjaga ketenteraman dan membangunkan negara untuk kesejahteraan rakyat. Rujukan skema: T5 ms.11."
Perak2023_Q22,radio,F5 Bab 1,A,B,C,D,C,Perak/Picture22.png,"中文：共同教育及文化价值促进跨族与跨地区认同，培养全国整合来巩固主权。 答案纸参考：F5第13页。
Bahasa Melayu: Pendidikan dan nilai budaya bersama memupuk identiti antara kaum serta wilayah melalui integrasi nasional untuk kedaulatan. Rujukan skema: T5 ms.13."
Perak2023_Q23,radio,F5 Bab 2,A,B,C,D,D,Perak/Picture23.png,"中文：Charter of Justice建立司法制度保护居民，防止压迫与不公。 答案纸参考：F5第24页。
Bahasa Melayu: Charter of Justice menyediakan sistem kehakiman untuk melindungi penduduk daripada penindasan dan ketidakadilan. Rujukan skema: T5 ms.24."
Perak2023_Q24,radio,F5 Bab 2,A,B,C,D,B,Perak/Picture24.png,"中文：1963年成立马来西亚使新地区加入，需要修改宪法以配合联邦结构。 答案纸参考：F5第30页。
Bahasa Melayu: Pembentukan Malaysia 1963 memasukkan wilayah baharu dan memerlukan pindaan perlembagaan bagi struktur persekutuan. Rujukan skema: T5 ms.30."
Perak2023_Q25,radio,F5 Bab 3,A,B,C,D,D,Perak/Picture25.png,"中文：人民通过选举选择代表和国家领袖，这是议会民主的基本权利。 答案纸参考：F5第50页。
Bahasa Melayu: Rakyat memilih wakil serta pemimpin melalui pilihan raya sebagai hak dalam Demokrasi Berparlimen. Rujukan skema: T5 ms.50."
Perak2023_Q26,radio,F5 Bab 3,A,B,C,D,B,Perak/Picture26.png,"中文：人民以选举组成政府，君主以中立角色平衡民主，I、IV共同维护稳定。 答案纸参考：F5第57页。
Bahasa Melayu: Rakyat membentuk kerajaan melalui pilihan raya dan raja mengimbangi demokrasi secara berkecuali; I dan IV mengekalkan kestabilan. Rujukan skema: T5 ms.57."
Perak2023_Q27,radio,F5 Bab 4,A,B,C,D,A,Perak/Picture27.png,"中文：土地事务在州清单，州管理地权及相关行政。 答案纸参考：F5第70页。
Bahasa Melayu: Tanah termasuk Senarai Negeri dengan kuasa negeri mengurus pemilikan serta pentadbirannya. Rujukan skema: T5 ms.70."
Perak2023_Q28,radio,F5 Bab 4,A,B,C,D,B,Perak/Picture28.png,"中文：州领袖会议协调各州执行中央政策，让联邦与州工作一致。 答案纸参考：F5第80页。
Bahasa Melayu: Mesyuarat pemimpin negeri menyelaraskan pelaksanaan dasar supaya tindakan persekutuan dan negeri seiring. Rujukan skema: T5 ms.80."
Perak2023_Q29,radio,F5 Bab 5,A,B,C,D,A,Perak/Picture29.png,"中文：新加坡公投征询人民对合并方案的选择与支持。 答案纸参考：F5第100页。
Bahasa Melayu: Referendum Singapura mendapatkan pilihan dan sokongan rakyat terhadap penggabungan dalam Malaysia. Rujukan skema: T5 ms.100."
Perak2023_Q30,radio,F5 Bab 5,A,B,C,D,C,Perak/Picture30.png,"中文：联合国调查报告未及时完成，因此成立日期从8月31日推迟到9月16日。 答案纸参考：F5第104页。
Bahasa Melayu: Laporan tinjauan PBB belum siap menyebabkan tarikh Malaysia ditunda daripada 31 Ogos kepada 16 September. Rujukan skema: T5 ms.104."
Perak2023_Q31,radio,F5 Bab 6,A,B,C,D,A,Perak/Picture31.png,"中文：传单、白区和赦免争取居民支持并鼓励共产党投降，属于心理战。 答案纸参考：F5第121页。
Bahasa Melayu: Risalah, kawasan putih dan pengampunan memenangi sokongan rakyat serta menggalakkan penyerahan komunis, iaitu perang saraf. Rujukan skema: T5 ms.121."
Perak2023_Q32,radio,F5 Bab 6,A,B,C,D,D,Perak/Picture32.png,"中文：族群经济差距造成不满与猜疑，与挑衅政治宣传共同引发1969年骚乱。 答案纸参考：F5第129页。
Bahasa Melayu: Ketidakseimbangan ekonomi antara kaum menimbulkan rasa tidak puas hati dan ketegangan, menyumbang rusuhan 1969. Rujukan skema: T5 ms.129."
Perak2023_Q33,radio,F5 Bab 7,A,B,C,D,A,Perak/Picture33.png,"中文：协会、制服团体及体育让各族学生合作，培养友谊和团结。 答案纸参考：F5第146页。
Bahasa Melayu: Persatuan, unit beruniform dan sukan membolehkan murid pelbagai kaum bekerjasama untuk persahabatan serta perpaduan. Rujukan skema: T5 ms.146."
Perak2023_Q34,radio,F5 Bab 7,A,B,C,D,B,Perak/Picture34.png,"中文：国家原则追求公平和民主社会，I、IV正确，反对州属主义与极端分化。 答案纸参考：F5第158页。
Bahasa Melayu: Rukun Negara menghasratkan masyarakat adil serta demokratik; I dan IV betul, bukan kenegerian. Rujukan skema: T5 ms.158."
Perak2023_Q35,radio,F5 Bab 8,A,B,C,D,B,Perak/Picture35.png,"中文：区域开发创造土地、工作及设施，减少贫困并改善经济参与。 答案纸参考：F5第171页。
Bahasa Melayu: Pembangunan wilayah membuka tanah, pekerjaan serta kemudahan untuk membasmi kemiskinan dan menyusun masyarakat. Rujukan skema: T5 ms.171."
Perak2023_Q36,radio,F5 Bab 8,A,B,C,D,D,Perak/Picture36.png,"中文：平衡州际发展缩小财富与基础设施差距，促进公平分配和团结。 答案纸参考：F5第179页。
Bahasa Melayu: Pembangunan seimbang antara negeri mengurangkan jurang kekayaan serta kemudahan untuk agihan adil dan perpaduan. Rujukan skema: T5 ms.179."
Perak2023_Q37,radio,F5 Bab 9,A,B,C,D,B,Perak/Picture37.png,"中文：Colombo Plan以培训、技术援助和教育提高发展能力，帮助减少贫困。 答案纸参考：F5第206页。
Bahasa Melayu: Rancangan Colombo meningkatkan keupayaan melalui latihan, bantuan teknikal dan pendidikan untuk menangani kemiskinan. Rujukan skema: T5 ms.206."
Perak2023_Q38,radio,F5 Bab 9,A,B,C,D,A,Perak/Picture38.png,"中文：马来西亚支持Palestin拥有独立国家权利，并在OIC反对以色列压迫。 答案纸参考：F5第216页。
Bahasa Melayu: Malaysia menyokong kemerdekaan Palestin dan menentang penindasan Israel melalui OIC. Rujukan skema: T5 ms.216."
Perak2023_Q39,radio,F5 Bab 10,A,B,C,D,D,Perak/Picture39.png,"中文：取消贸易壁垒与扩大市场增加区域商品流通，III、IV是AFTA推动经济的机制。 答案纸参考：F5第230页。
Bahasa Melayu: Penghapusan sekatan dagangan dan pasaran luas meningkatkan aliran barangan, III dan IV sebagai manfaat AFTA. Rujukan skema: T5 ms.230."
Perak2023_Q40,radio,F5 Bab 10,A,B,C,D,A,Perak/Picture40.png,"中文：这些NGO向灾区和冲突受害者提供医疗、食物与救济援助。 答案纸参考：F5第234页。
Bahasa Melayu: NGO ini memberikan rawatan, makanan dan bantuan kepada mangsa bencana serta konflik. Rujukan skema: T5 ms.234."
Perlis2023_Q1,radio,F4 Bab 1,A,B,C,D,C,Perlis/Picture1.png,"中文：法律与君主、势力范围、人民共同构成早期马来世界国家特征。 答案纸参考：F4第4页。
Bahasa Melayu: Undang-undang bersama raja, wilayah pengaruh dan rakyat ialah ciri negara bangsa Alam Melayu. Rujukan skema: T4 ms.4."
Perlis2023_Q2,radio,F4 Bab 1,A,B,C,D,A,Perlis/Picture2.png,"中文：四级大臣制度明确Bendahara等官员职责，使马六甲行政有序。 答案纸参考：F4第8页。
Bahasa Melayu: Pembesar Empat Lipatan membahagikan tugas Bendahara dan pembesar lain untuk pentadbiran Melaka tersusun. Rujukan skema: T4 ms.8."
Perlis2023_Q3,radio,F4 Bab 2,A,B,C,D,B,Perlis/Picture3.png,"中文：光荣革命限制专断王权、确立国会主权，并未完全取消君主。 答案纸参考：F4第24页。
Bahasa Melayu: Revolusi Keagungan mengehadkan raja mutlak dan menegakkan kedaulatan parlimen, bukan menghapuskan institusi raja. Rujukan skema: T4 ms.24."
Perlis2023_Q4,radio,F4 Bab 2,A,B,C,D,B,Perlis/Picture4.png,"中文：Meiji改革教育、行政及经济，推动日本现代化与国家实力。 答案纸参考：F4第27页。
Bahasa Melayu: Meiji memodenkan pendidikan, pentadbiran dan ekonomi untuk kemajuan serta kekuatan Jepun. Rujukan skema: T4 ms.27."
Perlis2023_Q5,radio,F4 Bab 3,A,B,C,D,D,Perlis/Picture5.png,"中文：法西斯主义和纳粹主义主张扩张及强权，促成二战冲突。 答案纸参考：F4第58页。
Bahasa Melayu: Ideologi fasisme dan Nazisme menggalakkan peluasan serta kuasa mutlak sehingga mencetuskan Perang Dunia Kedua. Rujukan skema: T4 ms.58."
Perlis2023_Q6,radio,F4 Bab 3,A,B,C,D,D,Perlis/Picture6.png,"中文：Bintang Tiga占据警署并攻击地方官员，趁英国尚未回归夺取控制，III、IV正确。 答案纸参考：F4第84页。
Bahasa Melayu: Bintang Tiga menguasai balai polis dan membunuh pegawai daerah ketika kekosongan kuasa; III dan IV betul. Rujukan skema: T4 ms.84."
Perlis2023_Q7,radio,F4 Bab 4,A,B,C,D,C,Perlis/Picture7.png,"中文：总督领导与jus soli公民权是Malayan Union的特征。 答案纸参考：F4第97页。
Bahasa Melayu: Gabenor British dan kewarganegaraan jus soli ialah ciri Malayan Union. Rujukan skema: T4 ms.97."
Perlis2023_Q8,radio,F4 Bab 4,A,B,C,D,A,Perlis/Picture8.png,"中文：君主寄抗议信并寻求法律诉讼，反对受胁迫签署的Malayan Union安排。 答案纸参考：F4第100页。
Bahasa Melayu: Raja menghantar surat bantahan dan membawa kes mahkamah untuk menentang persetujuan Malayan Union yang diperoleh melalui tekanan. Rujukan skema: T4 ms.100."
Perlis2023_Q9,radio,F4 Bab 5,A,B,C,D,A,Perlis/Picture9.png,"中文：hartal以商家停业表达集体抗议。题干日期September应为全国hartal的20 Oktober 1947。 答案纸参考：F4第131页。
Bahasa Melayu: Hartal melibatkan penutupan kedai sebagai bantahan bersama. Tarikh September dalam stem sepatutnya 20 Oktober 1947 bagi hartal seluruh Malaya. Rujukan skema: T4 ms.131."
Perlis2023_Q10,radio,F4 Bab 5,A,B,C,D,D,Perlis/Picture10.png,"中文：CLC让各族领袖讨论敏感问题、达成妥协，推动团结。 答案纸参考：F4第137页。
Bahasa Melayu: CLC membolehkan pemimpin kaum merundingkan isu sensitif dan bertolak ansur untuk perpaduan. Rujukan skema: T4 ms.137."
Perlis2023_Q11,radio,F4 Bab 6,A,B,C,D,C,Perlis/Picture11.png,"中文：身份证登记有助识别居民，让安全人员区分民众与共产党。 答案纸参考：F4第156页。
Bahasa Melayu: Pendaftaran kad pengenalan membantu pengenalan penduduk dan pembezaan orang awam daripada komunis. Rujukan skema: T4 ms.156."
Perlis2023_Q12,radio,F4 Bab 6,A,B,C,D,B,Perlis/Picture12.png,"中文：赏金促使提供情报，放宽公民权争取居民忠诚，I、IV属于心理战。 答案纸参考：F4第159页。
Bahasa Melayu: Hadiah wang menggalakkan maklumat dan kelonggaran kewarganegaraan mendapat kesetiaan rakyat; I dan IV ialah perang saraf. Rujukan skema: T4 ms.159."
Perlis2023_Q13,radio,F4 Bab 7,A,B,C,D,A,Perlis/Picture13.png,"中文：E.E.C. Thuraisingham在Sistem Ahli担任教育事务成员。 答案纸参考：F4第178页。
Bahasa Melayu: E.E.C. Thuraisingham memegang portfolio Ahli Pelajaran dalam Sistem Ahli. Rujukan skema: T4 ms.178."
Perlis2023_Q14,radio,F4 Bab 7,A,B,C,D,D,Perlis/Picture14.png,"中文：1956年报告区分马来语Sekolah Umum和其他教学语Sekolah Jenis Umum。 答案纸参考：F4第183页。
Bahasa Melayu: Penyata 1956 membezakan Sekolah Umum berbahasa Melayu dan Sekolah Jenis Umum dengan bahasa pengantar lain. Rujukan skema: T4 ms.183."
Perlis2023_Q15,radio,F4 Bab 8,A,B,C,D,D,Perlis/Picture15.png,"中文：1951年首个市议会选举在George Town举行，是民主选举初步实践。 答案纸参考：F4第197页。
Bahasa Melayu: Pilihan raya perbandaran pertama di George Town pada 1951 ialah langkah awal amalan demokrasi. Rujukan skema: T4 ms.197."
Perlis2023_Q16,radio,F4 Bab 8,A,B,C,D,B,Perlis/Picture16.png,"中文：本地内阁接管部长职责，逐步减少英国直接行政权力。 答案纸参考：F4第206页。
Bahasa Melayu: Kabinet tempatan mengambil tanggungjawab kementerian untuk mengurangkan kuasa pentadbiran British secara berperingkat. Rujukan skema: T4 ms.206."
Perlis2023_Q17,radio,F4 Bab 9,A,B,C,D,D,Perlis/Picture17.png,"中文：1957年协议确立伊斯兰为联邦宗教，并保障其他宗教和平实践。 答案纸参考：F4第225页。
Bahasa Melayu: Perjanjian 1957 menetapkan Islam sebagai agama Persekutuan sambil membenarkan amalan agama lain secara aman. Rujukan skema: T4 ms.225."
Perlis2023_Q18,radio,F4 Bab 9,A,B,C,D,A,Perlis/Picture18.png,"中文：君主与英国以谈判达成独立协议，体现协商合作的价值。 答案纸参考：F4第225页。
Bahasa Melayu: Persetujuan kemerdekaan dicapai melalui rundingan raja dan British, menunjukkan permuafakatan. Rujukan skema: T4 ms.225."
Perlis2023_Q19,radio,F4 Bab 10,A,B,C,D,C,Perlis/Picture19.png,"中文：各地民众争取共同参与庆典，显示齐心迎接独立、共享国家喜悦。 答案纸参考：F4第237页。
Bahasa Melayu: Kesungguhan rakyat bersama-sama menghadiri sambutan menunjukkan kesatuan hati meraikan kemerdekaan. Rujukan skema: T4 ms.237."
Perlis2023_Q20,radio,F4 Bab 10,A,B,C,D,A,Perlis/Picture20.png,"中文：乡村发展与红皮书都改善道路、学校、供水等基本设施。 答案纸参考：F4第244页。
Bahasa Melayu: Pembangunan luar bandar dan Buku Merah menyediakan jalan, sekolah, air serta kemudahan asas. Rujukan skema: T4 ms.244."
Perlis2023_Q21,radio,F5 Bab 1,A,B,C,D,C,Perlis/Picture21.png,"中文：Daulah属阿拉伯语、Daulat属马来语，II、III正确；sovereignty是英语。 答案纸参考：F5第4页。
Bahasa Melayu: Daulah ialah istilah Arab dan Daulat bahasa Melayu, maka II dan III betul; sovereignty istilah Inggeris. Rujukan skema: T5 ms.4."
Perlis2023_Q22,radio,F5 Bab 1,A,B,C,D,D,Perlis/Picture22.png,"中文：不同族群和谐共处形成共同国家团结，增强国家稳定与力量。 答案纸参考：F5第13页。
Bahasa Melayu: Keharmonian kaum membina perpaduan negara yang memperkukuh kestabilan serta kekuatannya. Rujukan skema: T5 ms.13."
Perlis2023_Q23,radio,F5 Bab 2,A,B,C,D,B,Perlis/Picture23.png,"中文：Charter of Justice在海峡殖民地引入，建立当地司法安排。 答案纸参考：F5第24页。
Bahasa Melayu: Charter of Justice diperkenalkan di Negeri-negeri Selat untuk sistem kehakiman setempat. Rujukan skema: T5 ms.24."
Perlis2023_Q24,radio,F5 Bab 2,A,B,C,D,A,Perlis/Picture24.png,"中文：1877年州议会逐步承担制定马来州法律的职能，选A。 答案纸参考：F5第25页。
Bahasa Melayu: Majlis Negeri mula menggubal undang-undang negeri Melayu pada 1877, A. Rujukan skema: T5 ms.25."
Perlis2023_Q25,radio,F5 Bab 3,A,B,C,D,A,Perlis/Picture25.png,"中文：Durbar是马来君主与英国共同讨论事务的会议，首先在联邦马来州实行。 答案纸参考：F5第42页。
Bahasa Melayu: Durbar ialah persidangan Raja Melayu dengan British untuk membincangkan hal ehwal negeri, bermula di NNMB. Rujukan skema: T5 ms.42."
Perlis2023_Q26,radio,F5 Bab 3,A,B,C,D,C,Perlis/Picture26.png,"中文：统治者大印象征马来君主权力与主权，用于正式文件认证。 答案纸参考：F5第44页。
Bahasa Melayu: Mohor Besar melambangkan kekuasaan serta kedaulatan Raja-raja Melayu dan digunakan pada dokumen rasmi. Rujukan skema: T5 ms.44."
Perlis2023_Q27,radio,F5 Bab 4,A,B,C,D,B,Perlis/Picture27.png,"中文：RASCOM协调Sarawak中部Rajang地区治安，对抗共产党威胁。 答案纸参考：F5第78页。
Bahasa Melayu: RASCOM menyelaraskan keselamatan kawasan Rajang di tengah Sarawak untuk ancaman komunis. Rujukan skema: T5 ms.78."
Perlis2023_Q28,radio,F5 Bab 4,A,B,C,D,B,Perlis/Picture28.png,"中文：全国土地理事会协调土地政策，包括土地农业用途，题中B最相关。 答案纸参考：F5第81页。
Bahasa Melayu: Majlis Tanah Negara menyelaraskan dasar tanah termasuk penggunaan pertanian, maka B paling berkaitan. Rujukan skema: T5 ms.81."
Perlis2023_Q29,radio,F5 Bab 5,A,B,C,D,D,Perlis/Picture29.png,"中文：新加坡共产势力影响安全，合并使联邦更有能力控制其威胁。 答案纸参考：F5第93页。
Bahasa Melayu: Ancaman komunis di Singapura menjejaskan keselamatan; penggabungan meningkatkan keupayaan persekutuan mengawalnya. Rujukan skema: T5 ms.93."
Perlis2023_Q30,radio,F5 Bab 5,A,B,C,D,A,Perlis/Picture30.png,"中文：印尼认为新联邦是新殖民安排，会威胁其区域地位和影响，因而对抗。 答案纸参考：F5第106页。
Bahasa Melayu: Indonesia menganggap Malaysia bentuk neokolonialisme yang mengancam kedudukan serta pengaruh serantau, lalu berkonfrontasi. Rujukan skema: T5 ms.106."
Perlis2023_Q31,radio,F5 Bab 6,A,B,C,D,C,Perlis/Picture31.png,"中文：马来西亚族群与地区多元，巩固人民团结是成立后的重要内部挑战。 答案纸参考：F5第116页。
Bahasa Melayu: Kepelbagaian kaum dan wilayah menjadikan pengukuhan perpaduan cabaran dalaman utama selepas Malaysia dibentuk. Rujukan skema: T5 ms.116."
Perlis2023_Q32,radio,F5 Bab 6,A,B,C,D,A,Perlis/Picture32.png,"中文：培训更多教师补足乡村人力不足，让内陆居民获得教育机会。 答案纸参考：F5第117页。
Bahasa Melayu: Latihan guru baharu mengatasi kekurangan tenaga pengajar supaya penduduk pedalaman mendapat pendidikan. Rujukan skema: T5 ms.117."
Perlis2023_Q33,radio,F5 Bab 7,A,B,C,D,D,Perlis/Picture33.png,"中文：Kolej Sultan Abdul Halim以马来语为教学媒介，提升国语作为知识语言。 答案纸参考：F5第148页。
Bahasa Melayu: Kolej Sultan Abdul Halim menggunakan bahasa Melayu sebagai pengantar untuk memperkasakannya sebagai bahasa ilmu. Rujukan skema: T5 ms.148."
Perlis2023_Q34,radio,F5 Bab 7,A,B,C,D,D,Perlis/Picture34.png,"中文：1M1S让学生参加体育、合作比赛，培养跨族友谊与伙伴精神。 答案纸参考：F5第152页。
Bahasa Melayu: 1M1S melibatkan murid dalam sukan dan kerjasama untuk persahabatan serta semangat setia kawan. Rujukan skema: T5 ms.152."
Perlis2023_Q35,radio,F5 Bab 7,A,B,C,D,A,Perlis/Picture35.png,"中文：MAPEN讨论族群团结并建立全国整合指南，为共同国家认同提供方向。
Bahasa Melayu: MAPEN membincangkan perpaduan dan menyediakan garis panduan integrasi nasional untuk identiti bersama."
Perlis2023_Q36,radio,F5 Bab 8,A,B,C,D,B,Perlis/Picture36.png,"中文：DEB双轨策略是消除贫困和重组社会，减少族群与经济职业关联，I、IV正确。 答案纸参考：F5第167页。
Bahasa Melayu: Strategi serampang dua mata DEB ialah membasmi kemiskinan dan menyusun masyarakat; I dan IV betul. Rujukan skema: T5 ms.167."
Perlis2023_Q37,radio,F5 Bab 9,A,B,C,D,A,Perlis/Picture37.png,"中文：支持联合国宪章中的和平合作及不侵略原则，体现和平共处立场。 答案纸参考：F5第198页。
Bahasa Melayu: Mendukung Piagam PBB tentang kerjasama aman dan penolakan pencerobohan menunjukkan hidup bersama secara aman. Rujukan skema: T5 ms.198."
Perlis2023_Q38,radio,F5 Bab 9,A,B,C,D,D,Perlis/Picture38.png,"中文：Colombo Plan提供教育、技术援助与培训，提高发展能力以减少贫困。 答案纸参考：F5第206页。
Bahasa Melayu: Rancangan Colombo memberi pendidikan, bantuan teknikal dan latihan untuk pembangunan serta pembasmian kemiskinan. Rujukan skema: T5 ms.206."
Perlis2023_Q39,radio,F5 Bab 10,A,B,C,D,C,Perlis/Picture39.png,"中文：按课本，棕油与大豆油市场竞争是发达国家发动反棕油运动的经济背景。 答案纸参考：F5第228页。
Bahasa Melayu: Menurut buku teks, persaingan pasaran minyak sawit dengan minyak kacang soya menjadi latar ekonomi kempen antisawit. Rujukan skema: T5 ms.228."
Perlis2023_Q40,radio,F5 Bab 10,A,B,C,D,B,Perlis/Picture40.png,"中文：绿色技术降低污染和温室气体排放、提高效率，帮助控制气候变化。 答案纸参考：F5第238页。
Bahasa Melayu: Teknologi hijau mengurangkan pencemaran serta pelepasan gas rumah hijau dan meningkatkan kecekapan untuk perubahan iklim. Rujukan skema: T5 ms.238."
Pulau Pinang2023_Q1,radio,F4 Bab 1,A,B,C,D,C,Pulau Pinang/Picture1.png,"中文：C：Telaga Batu碑文记载效忠誓言；臣民以宣誓及仪式表明对Srivijaya统治者的忠诚。 答案纸参考：F4第4页。
Bahasa Melayu: C: Inskripsi Telaga Batu berkaitan upacara sumpah setia rakyat kepada pemerintah Srivijaya. Rujukan skema: T4 ms.4."
Pulau Pinang2023_Q2,radio,F4 Bab 1,A,B,C,D,B,Pulau Pinang/Picture2.png,"中文：B：伊斯兰教传播后，马六甲统治者使用Sultan称号，反映王朝接受伊斯兰教。 答案纸参考：F4第6页。
Bahasa Melayu: B: Penyebaran Islam menyebabkan pemerintah Melaka menggunakan gelaran Sultan sebagai tanda penerimaan agama Islam. Rujukan skema: T4 ms.6."
Pulau Pinang2023_Q3,radio,F4 Bab 2,A,B,C,D,C,Pulau Pinang/Picture3.png,"中文：C：课本称1688年王权转移没有流血，因此称为光荣革命；结果确立议会权力并限制国王。 答案纸参考：F4第24页。
Bahasa Melayu: C: Menurut buku teks, peralihan kuasa 1688 berlaku tanpa pertumpahan darah, lalu dinamakan Revolusi Keagungan dan mengehadkan kuasa raja melalui parlimen. Rujukan skema: T4 ms.24."
Pulau Pinang2023_Q4,radio,F4 Bab 2,A,B,C,D,B,Pulau Pinang/Picture4.png,"中文：B（I、IV）：民族主义创作描绘人民的苦难，并讽刺殖民统治，借文学唤醒社会意识。 答案纸参考：F4第34页。
Bahasa Melayu: B (I dan IV): Penulisan kreatif menggambarkan penderitaan rakyat dan menyindir penjajah untuk membangkitkan kesedaran nasionalisme. Rujukan skema: T4 ms.34."
Pulau Pinang2023_Q5,radio,F4 Bab 3,A,B,C,D,A,Pulau Pinang/Picture5.png,"中文：A：盟军有效协调战略及诺曼底登陆等军事行动，削弱德国并取得胜利；原子弹针对日本。 答案纸参考：F4第62–63页。
Bahasa Melayu: A: Strategi Bersekutu yang berkesan, termasuk pendaratan Normandy dan penyelarasan serangan, membawa kekalahan Jerman; bom atom digunakan terhadap Jepun. Rujukan skema: T4 ms.62–63."
Pulau Pinang2023_Q6,radio,F4 Bab 3,A,B,C,D,D,Pulau Pinang/Picture6.png,"中文：D（III、IV）：日据时期的苦难提醒人民必须合作维护国家，并警惕外来势力。 答案纸参考：F4第73页。
Bahasa Melayu: D (III dan IV): Penderitaan semasa pendudukan Jepun mengajar rakyat bekerjasama mempertahankan negara dan berwaspada terhadap kuasa asing. Rujukan skema: T4 ms.73."
Pulau Pinang2023_Q7,radio,F4 Bab 4,A,B,C,D,B,Pulau Pinang/Picture7.png,"中文：B：Majlis及Utusan Melayu呼吁马来人集会，报道抗议及动员行动，形成反Malayan Union的共同力量。 答案纸参考：F4第102页。
Bahasa Melayu: B: Akhbar Majlis dan Utusan Melayu menyeru orang Melayu berhimpun serta menggerakkan bantahan bersama terhadap Malayan Union. Rujukan skema: T4 ms.102."
Pulau Pinang2023_Q8,radio,F4 Bab 4,A,B,C,D,C,Pulau Pinang/Picture8.png,"中文：C：割让法案以19比16通过，砂拉越成为英国殖民地，引发当地反割让运动。 答案纸参考：F4第109页。
Bahasa Melayu: C: Cession Bill diluluskan dengan 19 undi menyokong dan 16 menentang, lalu mencetuskan gerakan antipenyerahan Sarawak. Rujukan skema: T4 ms.109."
Pulau Pinang2023_Q9,radio,F4 Bab 5,A,B,C,D,A,Pulau Pinang/Picture9.png,"中文：A：激进马来民族主义者通过出版报刊传播政治观念，让人民认识自治及独立诉求。 答案纸参考：F4第129页。
Bahasa Melayu: A: Nasionalis Melayu radikal menerbitkan akhbar untuk membuka pemikiran rakyat terhadap kesedaran politik dan perjuangan kemerdekaan. Rujukan skema: T4 ms.129."
Pulau Pinang2023_Q10,radio,F4 Bab 5,A,B,C,D,B,Pulau Pinang/Picture10.png,"中文：B：Perlembagaan Rakyat建议国旗底色使用红与白，这是人民宪法提出的国家象征安排之一。 答案纸参考：F4第130页。
Bahasa Melayu: B: Perlembagaan Rakyat mencadangkan warna merah dan putih sebagai warna latar belakang bendera kebangsaan Tanah Melayu. Rujukan skema: T4 ms.130."
Pulau Pinang2023_Q11,radio,F4 Bab 6,A,B,C,D,A,Pulau Pinang/Picture11.png,"中文：A：1920年代来自中国的共产主义思想通过国民党支部等组织传入马来亚，随后共产组织进一步发展。 答案纸参考：F4第146页。
Bahasa Melayu: A: Fahaman komunis dari China dibawa masuk melalui cawangan Parti Kuomintang pada tahun 1920-an sebelum organisasi komunis berkembang. Rujukan skema: T4 ms.146."
Pulau Pinang2023_Q12,radio,F4 Bab 6,A,B,C,D,C,Pulau Pinang/Picture12.png,"中文：C：共同应付共产主义威胁促进人民与政府合作，例如提供情报及参与安全工作；此为威胁造成的间接政治效果。 答案纸参考：F4第150页。
Bahasa Melayu: C: Usaha menghadapi ancaman komunis mewujudkan kerjasama rakyat dengan kerajaan melalui pemberian maklumat dan tindakan keselamatan; ini kesan tidak langsung ancaman tersebut. Rujukan skema: T4 ms.150."
Pulau Pinang2023_Q13,radio,F4 Bab 7,A,B,C,D,A,Pulau Pinang/Picture13.png,"中文：A：KMM主张Melayu Raya，即联合马来世界，以共同摆脱殖民统治并取得独立。 答案纸参考：F4第172页。
Bahasa Melayu: A: KMM memperjuangkan Melayu Raya melalui penyatuan bangsa dan dunia Melayu untuk membebaskan tanah air daripada penjajahan. Rujukan skema: T4 ms.172."
Pulau Pinang2023_Q14,radio,F4 Bab 7,A,B,C,D,C,Pulau Pinang/Picture14.png,"中文：C：CLC推动RIDA等经济援助安排，以改善马来人的经济地位及缩小族群间差距。 答案纸参考：F4第176–177页。
Bahasa Melayu: C: CLC membincangkan masalah ekonomi orang Melayu dan mendorong penubuhan RIDA untuk meningkatkan kedudukan ekonomi mereka. Rujukan skema: T4 ms.176–177."
Pulau Pinang2023_Q15,radio,F4 Bab 8,A,B,C,D,C,Pulau Pinang/Picture15.png,"中文：C：Bentuk B提议由最高专员额外委任八名议员；它与主张较多民选议席的Bentuk A不同。 答案纸参考：F4第198页。
Bahasa Melayu: C: Bentuk B mencadangkan lapan orang tambahan dilantik oleh Pesuruhjaya Tinggi, berbeza daripada susunan Bentuk A. Rujukan skema: T4 ms.198."
Pulau Pinang2023_Q16,radio,F4 Bab 8,A,B,C,D,D,Pulau Pinang/Picture16.png,"中文：D（III、IV）：1948年联邦立法议会包含三名当然议员及九名州驻扎官；52名民选议员属于1955年选举后的安排。 答案纸参考：F4第204页。
Bahasa Melayu: D (III dan IV): MPP 1948 mempunyai tiga ahli ex officio dan sembilan Residen; 52 ahli dipilih melalui pilihan raya merujuk susunan selepas pilihan raya 1955. Rujukan skema: T4 ms.204."
Pulau Pinang2023_Q17,radio,F4 Bab 9,A,B,C,D,D,Pulau Pinang/Picture17.png,"中文：D：Reid委员会负责为即将独立的马来亚拟定宪法，并收集各方意见。 答案纸参考：F4第220页。
Bahasa Melayu: D: Suruhanjaya Reid ditubuhkan untuk menyusun perlembagaan negara yang bakal merdeka dengan mengambil kira pandangan pelbagai pihak. Rujukan skema: T4 ms.220."
Pulau Pinang2023_Q18,radio,F4 Bab 9,A,B,C,D,B,Pulau Pinang/Picture18.png,"中文：B：宪法成功拟定体现各方协商、合作与妥协，核心价值是Permuafakatan。 答案纸参考：F4第223页。
Bahasa Melayu: B: Kejayaan penggubalan perlembagaan menunjukkan permuafakatan melalui perundingan, kerjasama dan tolak ansur pelbagai pihak. Rujukan skema: T4 ms.223."
Pulau Pinang2023_Q19,radio,F4 Bab 10,A,B,C,D,C,Pulau Pinang/Picture19.png,"中文：C：加入联合国及参与刚果维和行动，说明独立后的马来亚得到国际承认并能参与国际事务。 答案纸参考：F4第243页。
Bahasa Melayu: C: Keanggotaan PBB dan penyertaan misi pengaman Congo menunjukkan negara merdeka menerima pengiktirafan antarabangsa. Rujukan skema: T4 ms.243."
Pulau Pinang2023_Q20,radio,F4 Bab 10,A,B,C,D,B,Pulau Pinang/Picture20.png,"中文：B：国徽等国家象征培养国家认同和自豪感，使人民认识共同的国家身份。 答案纸参考：F4第247页。
Bahasa Melayu: B: Lambang negara membangkitkan jati diri, kebanggaan dan pengenalan bersama sebagai rakyat sebuah negara. Rujukan skema: T4 ms.247."
Pulau Pinang2023_Q21,radio,F5 Bab 1,A,B,C,D,A,Pulau Pinang/Picture21.png,"中文：A：独立及成立马来西亚体现自主统治与国家主权，国家可自行决定行政及发展方向。 答案纸参考：F5第4页。
Bahasa Melayu: A: Kemerdekaan dan pembentukan Malaysia berkaitan kedaulatan, iaitu kuasa negara menentukan pemerintahan serta hala tujunya sendiri. Rujukan skema: T5 ms.4."
Pulau Pinang2023_Q22,radio,F5 Bab 1,A,B,C,D,D,Pulau Pinang/Picture22.png,"中文：D：加入国际组织显示国家能与其他主权国家合作，是良好外交关系及国际地位的表现。 答案纸参考：F5第11页。
Bahasa Melayu: D: Keanggotaan pertubuhan antarabangsa menunjukkan hubungan luar yang cemerlang melalui kerjasama dengan negara berdaulat lain. Rujukan skema: T5 ms.11."
Pulau Pinang2023_Q23,radio,F5 Bab 2,A,B,C,D,C,Pulau Pinang/Picture23.png,"中文：C：Hukum Kanun Pahang受到马六甲法律传统影响，是马来各州书面法律继承关系的例子。 答案纸参考：F5第22页。
Bahasa Melayu: C: Hukum Kanun Pahang dipengaruhi tradisi undang-undang Melaka, menunjukkan kesinambungan undang-undang bertulis negeri Melayu. Rujukan skema: T5 ms.22."
Pulau Pinang2023_Q24,radio,F5 Bab 2,A,B,C,D,D,Pulau Pinang/Picture24.png,"中文：D：1877年霹雳州议会开始开会制定及处理法律，成为本国法律制度发展的早期环节。 答案纸参考：F5第25页。
Bahasa Melayu: D: Mesyuarat Majlis Negeri Perak 1877 menjadi perkembangan awal pembentukan undang-undang melalui badan perundangan negeri. Rujukan skema: T5 ms.25."
Pulau Pinang2023_Q25,radio,F5 Bab 3,A,B,C,D,A,Pulau Pinang/Picture25.png,"中文：A：统治者会议讨论国家政策及相关事务，提供超越党派的意见，发挥民主制度中的制衡作用。 答案纸参考：F5第45页。
Bahasa Melayu: A: Majlis Raja-Raja membincangkan dasar negara dan perkara berkaitan untuk memberikan pandangan serta menjalankan peranan pengimbang. Rujukan skema: T5 ms.45."
Pulau Pinang2023_Q26,radio,F5 Bab 3,A,B,C,D,D,Pulau Pinang/Picture26.png,"中文：D：SUHAKAM推广及保护人民基本人权，并对人权问题提出意见与调查。 答案纸参考：F5第51页。
Bahasa Melayu: D: SUHAKAM melindungi dan mempromosikan hak asasi rakyat serta mengkaji isu berkaitan hak tersebut. Rujukan skema: T5 ms.51."
Pulau Pinang2023_Q27,radio,F5 Bab 4,A,B,C,D,C,Pulau Pinang/Picture27.png,"中文：C（II、III）：明确划分联邦与州权限可让联邦制度顺畅运行，并减少双方职责重叠及争议。 答案纸参考：F5第68页。
Bahasa Melayu: C (II dan III): Pembahagian kuasa melicinkan sistem Persekutuan dan mengelakkan permasalahan antara kerajaan pusat dengan negeri. Rujukan skema: T5 ms.68."
Pulau Pinang2023_Q28,radio,F5 Bab 4,A,B,C,D,B,Pulau Pinang/Picture28.png,"中文：B：答案纸选消除贫穷；PPR提供公共房屋，减轻低收入家庭的住房负担，是改善贫困群体生活的措施。选项D写中等收入，不能准确说明主要目标群体。 答案纸参考：F5第77页。
Bahasa Melayu: B: Skema memilih penghapusan kemiskinan. PPR menyediakan perumahan awam untuk meringankan beban golongan berpendapatan rendah; pilihan D menyebut golongan pertengahan dan tidak tepat tentang sasaran utama. Rujukan skema: T5 ms.77."
Pulau Pinang2023_Q29,radio,F5 Bab 5,A,B,C,D,A,Pulau Pinang/Picture29.png,"中文：A：新加坡公投、伦敦谈判及Cobbold委员会均属成立马来西亚的步骤，用于取得同意并安排新联邦。 答案纸参考：F5第100页。
Bahasa Melayu: A: Referendum Singapura, Rundingan London dan Suruhanjaya Cobbold ialah langkah mendapatkan persetujuan serta membentuk gagasan Malaysia. Rujukan skema: T5 ms.100."
Pulau Pinang2023_Q30,radio,F5 Bab 5,A,B,C,D,D,Pulau Pinang/Picture30.png,"中文：D：砂拉越保有移民事务的特别权限，用于控制进入州内的人员；外交及国防属于联邦权限。 答案纸参考：F5第102页。
Bahasa Melayu: D: Sarawak mempunyai kuasa khas dalam imigresen untuk mengawal kemasukan ke negeri, manakala hal ehwal luar dan pertahanan di bawah Persekutuan. Rujukan skema: T5 ms.102."
Pulau Pinang2023_Q31,radio,F5 Bab 6,A,B,C,D,D,Pulau Pinang/Picture31.png,"中文：D（III、IV）：军事行动与心理战都是砂拉越反共措施。宵禁也曾使用，因此II并非错误事实；本题按答案纸选III、IV，Briggs计划主要属马来亚。 答案纸参考：F5第121–122页。
Bahasa Melayu: D (III dan IV): Operasi ketenteraan dan perang saraf digunakan di Sarawak. Perintah berkurung juga digunakan, maka II bukan fakta salah; skema memilih III dan IV, sementara Rancangan Briggs terutama berkaitan Tanah Melayu. Rujukan skema: T5 ms.121–122."
Pulau Pinang2023_Q32,radio,F5 Bab 6,A,B,C,D,B,Pulau Pinang/Picture32.png,"中文：B：Sri Aman行动通过和平方式促使共产分子放下武器，维护国家尊严及安全。 答案纸参考：F5第123页。
Bahasa Melayu: B: Operasi Sri Aman membawa komunis meletakkan senjata melalui penyelesaian aman, sekali gus mempertahankan maruah dan keselamatan negara. Rujukan skema: T5 ms.123."
Pulau Pinang2023_Q33,radio,F5 Bab 7,A,B,C,D,D,Pulau Pinang/Picture33.png,"中文：D：族群整合是拉近不同族群关系的过程，使人民共享国家认同，而不只是列出多个族群。 答案纸参考：F5第140页。
Bahasa Melayu: D: Integrasi kaum ialah proses merapatkan hubungan antara kaum untuk membina identiti serta kehidupan bersama. Rujukan skema: T5 ms.140."
Pulau Pinang2023_Q34,radio,F5 Bab 7,A,B,C,D,A,Pulau Pinang/Picture34.png,"中文：A：MAGERAN推动恢复稳定并通过Majlis Perundingan Negara讨论国家原则。题干日期不准确：1970年1月29日是该咨询理事会成立，Rukun Negara于1970年8月31日宣告。 答案纸参考：F5第157页。
Bahasa Melayu: A: MAGERAN menggerakkan pemulihan negara dan perbincangan prinsip melalui Majlis Perundingan Negara. Tarikh 29 Januari 1970 ialah penubuhan majlis tersebut; Rukun Negara diisytiharkan pada 31 Ogos 1970. Rujukan skema: T5 ms.157."
Pulau Pinang2023_Q35,radio,F5 Bab 8,A,B,C,D,D,Pulau Pinang/Picture35.png,"中文：D：DPN通过平衡各州及地区发展，让财富和机会更公平分配，从而促进国家团结。 答案纸参考：F5第174页。
Bahasa Melayu: D: DPN mengimbangi pembangunan antara negeri dan wilayah supaya kekayaan serta peluang diagihkan dengan lebih adil untuk mencapai perpaduan. Rujukan skema: T5 ms.174."
Pulau Pinang2023_Q36,radio,F5 Bab 8,A,B,C,D,A,Pulau Pinang/Picture36.png,"中文：A：智慧农业把科技应用于生产，例如现代管理和技术，以提高效率、产量及农产品质量。 答案纸参考：F5第179页。
Bahasa Melayu: A: Pertanian pintar menggunakan teknologi dalam pengeluaran untuk meningkatkan kecekapan, hasil dan mutu pertanian. Rujukan skema: T5 ms.179."
Pulau Pinang2023_Q37,radio,F5 Bab 9,A,B,C,D,C,Pulau Pinang/Picture37.png,"中文：C：Luzon是课本列举的马六甲贸易伙伴之一；这种历史贸易联系成为今日外交背景的一部分。 答案纸参考：F5第194页。
Bahasa Melayu: C: Luzon merupakan antara wilayah yang berdagang dengan Melaka, menunjukkan hubungan perdagangan sejarah yang menjadi latar dasar luar negara. Rujukan skema: T5 ms.194."
Pulau Pinang2023_Q38,radio,F5 Bab 9,A,B,C,D,B,Pulau Pinang/Picture38.png,"中文：B：马来西亚维和人员协助恢复治安及法治，减少冲突对刚果居民的影响。 答案纸参考：F5第200页。
Bahasa Melayu: B: Pasukan pengaman Malaysia membantu mendaulatkan undang-undang dan memulihkan keamanan bagi mengurangkan kesan konflik di Congo. Rujukan skema: T5 ms.200."
Pulau Pinang2023_Q39,radio,F5 Bab 10,A,B,C,D,D,Pulau Pinang/Picture39.png,"中文：D：实施Good Agricultural Practices提升棕榈油生产的环保及质量标准，有助回应反棕榈油运动的批评。 答案纸参考：F5第228页。
Bahasa Melayu: D: Good Agricultural Practices meningkatkan amalan pengeluaran yang berkualiti dan menjaga alam sekitar untuk menangani dakwaan kempen antiminyak sawit. Rujukan skema: T5 ms.228."
Pulau Pinang2023_Q40,radio,F5 Bab 10,A,B,C,D,A,Pulau Pinang/Picture40.png,"中文：A（I、II）：Langkawi地质公园及国家绿色科技政策属于国内保护环境与可持续发展的措施。Agenda 21及京都议定书也涉及全球环境合作，题目选项因此不完全互斥；本题保留答案纸A。 答案纸参考：F5第238页。
Bahasa Melayu: A (I dan II): Geopark Langkawi dan Dasar Teknologi Hijau Negara ialah usaha dalam negara menjaga alam sekitar. Agenda 21 serta Protokol Kyoto juga berkaitan kerjasama alam sekitar global, maka pilihan tidak saling eksklusif; jawapan A dikekalkan mengikut skema. Rujukan skema: T5 ms.238."
Putrajaya2023_Q1,radio,F4 Bab 1,A,B,C,D,B,Putrajaya/Picture1.png,"中文：马来世界王国的四项特征是国王、人民、法律和势力范围。图中缺少Wilayah pengaruh，所以选B。（答案纸参考：F4第4页，未逐页核实。）
Bahasa Melayu: Ciri kerajaan Alam Melayu ialah raja, rakyat, undang-undang dan wilayah pengaruh. Unsur X ialah wilayah pengaruh, maka B. Rujukan skema: Tingkatan 4, m.s. 4; halaman belum disahkan satu demi satu."
Putrajaya2023_Q2,radio,F4 Bab 1,A,B,C,D,B,Putrajaya/Picture2.png,"中文：Waadat是统治者与人民相互承诺的关系：统治者保障人民，人民效忠并承担责任。这种合作使政府行政得以运作，答案纸选B。（答案纸参考：F4第12页，未逐页核实。）
Bahasa Melayu: Waadat mewujudkan hubungan timbal balik antara pemerintah dengan rakyat. Kesetiaan dan pelaksanaan tanggungjawab rakyat membantu menggerakkan jentera kerajaan, maka skema memilih B. Rujukan skema: Tingkatan 4, m.s. 12; halaman belum disahkan satu demi satu."
Putrajaya2023_Q3,radio,F4 Bab 2,A,B,C,D,A,Putrajaya/Picture3.png,"中文：北美殖民地反对英国统治及没有代表权的征税，争取独立。因此1776年革命属于反抗外来殖民，选A。（答案纸参考：F4第25页，未逐页核实。）
Bahasa Melayu: Penduduk koloni Amerika menentang pemerintahan British serta cukai tanpa perwakilan. Revolusi 1776 memperjuangkan kemerdekaan daripada penjajahan asing, maka A. Rujukan skema: Tingkatan 4, m.s. 25; halaman belum disahkan satu demi satu."
Putrajaya2023_Q4,radio,F4 Bab 3,A,B,C,D,C,Putrajaya/Picture4.png,"中文：英国设立政治调查局监控民族主义活动，并限制言论自由，以阻止反殖民意识传播。II和III正确，选C；紧急状态是在1948年。（答案纸参考：F4第52页，未逐页核实。）
Bahasa Melayu: British menubuhkan Biro Siasatan Politik dan mengawal kebebasan bersuara untuk membendung kesedaran kebangsaan. II dan III tepat, maka C; darurat berlaku pada 1948. Rujukan skema: Tingkatan 4, m.s. 52; halaman belum disahkan satu demi satu."
Putrajaya2023_Q5,radio,F4 Bab 3,A,B,C,D,D,Putrajaya/Picture5.png,"中文：奥匈帝国皇储斐迪南遭暗杀，是1914年第一次世界大战的直接导火线。因此选D；新意识形态及国际联盟失败属于二战背景。（答案纸参考：F4第54页，未逐页核实。）
Bahasa Melayu: Pembunuhan Archduke Franz Ferdinand menjadi pencetus langsung Perang Dunia Pertama pada 1914. D tepat; ideologi baharu dan kegagalan Liga Bangsa-Bangsa berkaitan Perang Dunia Kedua. Rujukan skema: Tingkatan 4, m.s. 54; halaman belum disahkan satu demi satu."
Putrajaya2023_Q6,radio,F4 Bab 3,A,B,C,D,A,Putrajaya/Picture6.png,"中文：日本实行经济统制，控制重要商品的生产、分配和供应以应对经济困难。因此选A；大量印香蕉钞反而加剧通胀。（答案纸参考：F4第71页，未逐页核实。）
Bahasa Melayu: Jepun memperkenalkan ekonomi kawalan bagi mengawal pengeluaran dan pengagihan barang penting ketika ekonomi merosot. A tepat; pencetakan wang berlebihan memburukkan inflasi. Rujukan skema: Tingkatan 4, m.s. 71; halaman belum disahkan satu demi satu."
Putrajaya2023_Q7,radio,F4 Bab 4,A,B,C,D,D,Putrajaya/Picture7.png,"中文：日占后BMA需要恢复秩序与经济生活，借此重建人民对英国行政的信任。因此选D。（答案纸参考：F4第94页，未逐页核实。）
Bahasa Melayu: BMA berusaha memulihkan keamanan dan kehidupan selepas pendudukan Jepun supaya keyakinan rakyat terhadap pentadbiran British dapat dikembalikan. Oleh itu, D. Rujukan skema: Tingkatan 4, m.s. 94; halaman belum disahkan satu demi satu."
Putrajaya2023_Q8,radio,F4 Bab 4,A,B,C,D,D,Putrajaya/Picture8.png,"中文：战后沙巴基础设施严重破坏，SBUB缺乏重建资金，因而把沙巴交给英国政府管理。选D。（答案纸参考：F4第115页，未逐页核实。）
Bahasa Melayu: Kemudahan Sabah rosak akibat perang dan SBUB tidak mempunyai dana mencukupi untuk membangunkannya semula. Oleh itu, Sabah diserahkan kepada British, maka D. Rujukan skema: Tingkatan 4, m.s. 115; halaman belum disahkan satu demi satu."
Putrajaya2023_Q9,radio,F4 Bab 5,A,B,C,D,A,Putrajaya/Picture9.png,"中文：马来统治者及马来人的反对与建议，加上英国行政官支持，是1948年联合邦成立的重要因素。因此X是A。（答案纸参考：F4第133页，未逐页核实。）
Bahasa Melayu: Cadangan Raja-raja Melayu, desakan orang Melayu dan sokongan pentadbir British membantu pembentukan Persekutuan 1948. X ialah A. Rujukan skema: Tingkatan 4, m.s. 133; halaman belum disahkan satu demi satu."
Putrajaya2023_Q10,radio,F4 Bab 7,A,B,C,D,C,Putrajaya/Picture10.png,"中文：CLC让不同族群领袖协商公民权、经济与教育等问题，培养相互理解及合作。因此选C。（答案纸参考：F4第137页，未逐页核实。）
Bahasa Melayu: CLC menjadi medan pemimpin pelbagai kaum berbincang tentang kewarganegaraan, ekonomi dan pendidikan untuk meningkatkan persefahaman. Oleh itu, C. Rujukan skema: Tingkatan 4, m.s. 137; halaman belum disahkan satu demi satu."
Putrajaya2023_Q11,radio,F4 Bab 6,A,B,C,D,B,Putrajaya/Picture11.png,"中文：马克思和恩格斯推动共产主义，主张以阶级斗争改变资本主义社会。题目所指思想是Komunisme，选B。（答案纸参考：F4第146页，未逐页核实。）
Bahasa Melayu: Karl Marx dan Friedrich Engels dikaitkan dengan ideologi komunisme serta perjuangan kelas terhadap kapitalisme. Maka B tepat. Rujukan skema: Tingkatan 4, m.s. 146; halaman belum disahkan satu demi satu."
Putrajaya2023_Q12,radio,F4 Bab 6,A,B,C,D,B,Putrajaya/Picture12.png,"中文：Home Guard是地方居民参与的村庄防卫力量，也协助阻止食物和药物流入共产党手中。因此选B。（答案纸参考：F4第155页，未逐页核实。）
Bahasa Melayu: Home Guard membantu melindungi kampung dan menyekat bekalan makanan serta ubat-ubatan kepada komunis. Oleh itu, B. Rujukan skema: Tingkatan 4, m.s. 155; halaman belum disahkan satu demi satu."
Putrajaya2023_Q13,radio,F4 Bab 7,A,B,C,D,C,Putrajaya/Picture13.png,"中文：Sistem Ahli把行政部门交由当地领袖负责，让他们累积治理经验，为自治及独立作准备。因此选C。（答案纸参考：F4第178页，未逐页核实。）
Bahasa Melayu: Sistem Ahli melatih pemimpin tempatan mengurus portfolio pentadbiran sebagai persediaan berkerajaan sendiri. Maka C. Rujukan skema: Tingkatan 4, m.s. 178; halaman belum disahkan satu demi satu."
Putrajaya2023_Q14,radio,F4 Bab 7,A,B,C,D,A,Putrajaya/Picture14.png,"中文：1956年教育委员会报告以共同课程及教育方向建立国家教育制度，核心目标是促进各族团结。选A。（答案纸参考：F4第183页，未逐页核实。）
Bahasa Melayu: Penyata Jawatankuasa Pelajaran 1956 membentuk asas pendidikan kebangsaan melalui kurikulum dan hala tuju bersama untuk memupuk perpaduan. Maka A. Rujukan skema: Tingkatan 4, m.s. 183; halaman belum disahkan satu demi satu."
Putrajaya2023_Q15,radio,F4 Bab 8,A,B,C,D,C,Putrajaya/Picture15.png,"中文：1955年选举让人民选出代表，使当地领袖获得民意授权，证明自治能力并为独立铺路。因此选C。（答案纸参考：F4第205页，未逐页核实。）
Bahasa Melayu: Pilihan raya 1955 memberi mandat rakyat kepada pemimpin tempatan dan menunjukkan kemampuan berkerajaan sendiri. Kejayaan ini merintis kemerdekaan, maka C. Rujukan skema: Tingkatan 4, m.s. 205; halaman belum disahkan satu demi satu."
Putrajaya2023_Q16,radio,F4 Bab 8,A,B,C,D,B,Putrajaya/Picture16.png,"中文：第一届内阁讨论财政事务，并逐步减少英国对行政的控制，让当地领袖接掌治理责任。I和IV正确，选B。（答案纸参考：F4第206页，未逐页核实。）
Bahasa Melayu: Kabinet pertama membincangkan kewangan dan berusaha mengurangkan kuasa pentadbiran British. I dan IV tepat, maka B. Rujukan skema: Tingkatan 4, m.s. 206; halaman belum disahkan satu demi satu."
Putrajaya2023_Q17,radio,F4 Bab 9,A,B,C,D,D,Putrajaya/Picture17.png,"中文：代表团先乘船前往卡拉奇，利用航程讨论并统一谈判策略，再乘飞机赴伦敦。因此选D。（答案纸参考：F4第217页，未逐页核实。）
Bahasa Melayu: Perjalanan dengan kapal memberi masa kepada rombongan untuk berbincang dan menyusun strategi sebelum rundingan di London. Maka D. Rujukan skema: Tingkatan 4, m.s. 217; halaman belum disahkan satu demi satu."
Putrajaya2023_Q18,radio,F4 Bab 9,A,B,C,D,D,Putrajaya/Picture18.png,"中文：1957年协议确立议会民主与君主立宪，使政府由民主制度运作。因此选D；并未取消权力分立。（答案纸参考：F4第224页，未逐页核实。）
Bahasa Melayu: Perjanjian 1957 menetapkan amalan Demokrasi Berparlimen dan Raja Berperlembagaan. D tepat; pengasingan kuasa tidak dimansuhkan. Rujukan skema: Tingkatan 4, m.s. 224; halaman belum disahkan satu demi satu."
Putrajaya2023_Q19,radio,F4 Bab 10,A,B,C,D,C,Putrajaya/Picture19.png,"中文：宣布独立标志马来亚结束英国殖民统治，能够自主治理。因此最直接的重要性是摆脱外来殖民，选C。（答案纸参考：F4第233页，未逐页核实。）
Bahasa Melayu: Pemasyhuran kemerdekaan menandakan berakhirnya penjajahan British dan hak negara mentadbir sendiri. Oleh itu, C. Rujukan skema: Tingkatan 4, m.s. 233; halaman belum disahkan satu demi satu."
Putrajaya2023_Q20,radio,F4 Bab 10,A,B,C,D,A,Putrajaya/Picture20.png,"中文：Buku Merah记录发展项目及执行进度，让政府检查和评估发展计划是否落实。因此选A。（答案纸参考：F4第244页，未逐页核实。）
Bahasa Melayu: Buku Merah merekodkan projek serta kemajuannya supaya pelaksanaan rancangan pembangunan dapat dipantau dan dinilai. Maka A. Rujukan skema: Tingkatan 4, m.s. 244; halaman belum disahkan satu demi satu."
Putrajaya2023_Q21,radio,F5 Bab 1,A,B,C,D,B,Putrajaya/Picture21.png,"中文：课本把希腊语主权定义解释为国家自由独立，能够自行决定治理方向。因此选B。（答案纸参考：F5第4页，未逐页核实。）
Bahasa Melayu: Menurut takrif bahasa Yunani dalam buku teks, kedaulatan merujuk negara yang bebas dan merdeka. Oleh itu, B. Rujukan skema: Tingkatan 5, m.s. 4; halaman belum disahkan satu demi satu."
Putrajaya2023_Q22,radio,F5 Bab 1,A,B,C,D,A,Putrajaya/Picture22.png,"中文：国会是国家立法机关，制定法律，为国家法律制度提供基础。因此选A；上下议院是国会的组成部分。（答案纸参考：F5第9页，未逐页核实。）
Bahasa Melayu: Parlimen merupakan badan perundangan yang menggubal undang-undang negara. Oleh itu, A; Dewan Rakyat dan Dewan Negara ialah sebahagian daripada Parlimen. Rujukan skema: Tingkatan 5, m.s. 9; halaman belum disahkan satu demi satu."
Putrajaya2023_Q23,radio,F5 Bab 2,A,B,C,D,D,Putrajaya/Picture23.png,"中文：1957年联邦宪法借鉴Westminster的议会民主制度，并按本地君主、宗教及社会情况调整。因此选D。（答案纸参考：F5第27页，未逐页核实。）
Bahasa Melayu: Perlembagaan 1957 disesuaikan daripada model Westminster dengan mengambil kira institusi beraja dan keadaan tempatan. Maka D. Rujukan skema: Tingkatan 5, m.s. 27; halaman belum disahkan satu demi satu."
Putrajaya2023_Q24,radio,F5 Bab 2,A,B,C,D,B,Putrajaya/Picture24.png,"中文：1963年马来西亚成立后，宪法修订涉及司法结构及州元首职位。I和IV正确，选B。（答案纸参考：F5第30&31页，未逐页核实。）
Bahasa Melayu: Pindaan 1963 melibatkan struktur mahkamah dan jawatan Yang di-Pertua Negeri berikutan pembentukan Malaysia. I dan IV tepat, maka B. Rujukan skema: Tingkatan 5, m.s. 30&31; halaman belum disahkan satu demi satu."
Putrajaya2023_Q25,radio,F5 Bab 3,A,B,C,D,D,Putrajaya/Picture25.png,"中文：日本保留苏丹作为伊斯兰事务首领，但实际行政权掌握在日军手中。因此选D。（答案纸参考：F5第40页，未逐页核实。）
Bahasa Melayu: Semasa pendudukan Jepun, Raja-raja Melayu dikekalkan sebagai ketua hal ehwal agama Islam, sementara pentadbiran dikuasai Jepun. Maka D. Rujukan skema: Tingkatan 5, m.s. 40; halaman belum disahkan satu demi satu."
Putrajaya2023_Q26,radio,F5 Bab 3,A,B,C,D,C,Putrajaya/Picture26.png,"中文：统治者会议在宪政制度中提供制衡，维护君主制度与特定宪法事务，帮助平衡民主制度。因此选C。（答案纸参考：F5第45页，未逐页核实。）
Bahasa Melayu: Majlis Raja-Raja berperanan sebagai pengimbang dalam sistem Demokrasi Berparlimen melalui fungsi yang diperuntukkan perlembagaan. Maka C. Rujukan skema: Tingkatan 5, m.s. 45; halaman belum disahkan satu demi satu."
Putrajaya2023_Q27,radio,F5 Bab 4,A,B,C,D,A,Putrajaya/Picture27.png,"中文：中央政府获较大权力，是为了形成强而有效的联邦政府并保持全国稳定。I和II正确，选A。（答案纸参考：F5第68页，未逐页核实。）
Bahasa Melayu: Kuasa lebih besar diberikan kepada Kerajaan Persekutuan untuk mewujudkan kerajaan yang kuat dan menjamin kestabilan negara. I dan II tepat, maka A. Rujukan skema: Tingkatan 5, m.s. 68; halaman belum disahkan satu demi satu."
Putrajaya2023_Q28,radio,F5 Bab 4,A,B,C,D,B,Putrajaya/Picture28.png,"中文：海洋公园保护珊瑚、海洋生物及其栖息地，防止海洋资源受到破坏。因此核心目的为保育海洋宝藏，选B。（答案纸参考：F5第75页，未逐页核实。）
Bahasa Melayu: Taman Laut diwujudkan untuk memulihara hidupan, habitat dan khazanah laut daripada kerosakan. Oleh itu, B. Rujukan skema: Tingkatan 5, m.s. 75; halaman belum disahkan satu demi satu."
Putrajaya2023_Q29,radio,F5 Bab 5,A,B,C,D,C,Putrajaya/Picture29.png,"中文：A.M. Azahari希望把文莱、沙巴及砂拉越组成北加里曼丹联盟，故反对这些地区加入马来西亚。选C。（答案纸参考：F5第97页，未逐页核实。）
Bahasa Melayu: A.M. Azahari mahu membentuk Kesatuan Kalimantan Utara yang melibatkan Brunei, Sabah dan Sarawak. Oleh itu, beliau menentang Malaysia, maka C. Rujukan skema: Tingkatan 5, m.s. 97; halaman belum disahkan satu demi satu."
Putrajaya2023_Q30,radio,F5 Bab 5,A,B,C,D,A,Putrajaya/Picture30.png,"中文：印尼对抗行动包括向马来西亚派遣游击部队进行渗透及袭击，因此选A。（答案纸参考：F5第106页，未逐页核实。）
Bahasa Melayu: Konfrontasi Indonesia melibatkan penyusupan dan serangan gerila terhadap Malaysia. Oleh itu, A. Rujukan skema: Tingkatan 5, m.s. 106; halaman belum disahkan satu demi satu."
Putrajaya2023_Q31,radio,F5 Bab 6,A,B,C,D,A,Putrajaya/Picture31.png,"中文：同意新加坡分离，是为了保障人民利益及避免族群冲突进一步升级。因此I和II正确，选A。（答案纸参考：F5第120页，未逐页核实。）
Bahasa Melayu: Pemisahan Singapura dipersetujui untuk menjaga kepentingan rakyat dan mengelakkan ketegangan kaum berterusan. I dan II tepat, maka A. Rujukan skema: Tingkatan 5, m.s. 120; halaman belum disahkan satu demi satu."
Putrajaya2023_Q32,radio,F5 Bab 6,A,B,C,D,A,Putrajaya/Picture32.png,"中文：1969年5月13日事件后政府宣布紧急状态，并成立MAGERAN恢复秩序。I和II正确，选A。（答案纸参考：F5第129&130页，未逐页核实。）
Bahasa Melayu: Kerajaan mengisytiharkan darurat dan menubuhkan MAGERAN untuk memulihkan keamanan selepas 13 Mei 1969. I dan II tepat, maka A. Rujukan skema: Tingkatan 5, m.s. 129&130; halaman belum disahkan satu demi satu."
Putrajaya2023_Q33,radio,F5 Bab 7,A,B,C,D,D,Putrajaya/Picture33.png,"中文：1996年教育法加强马来语作为教学媒介，并要求相关教育机构教授国语。III和IV对应D。（答案纸参考：F5第147页，未逐页核实。）
Bahasa Melayu: Akta Pendidikan 1996 memperkukuh bahasa kebangsaan sebagai bahasa pengantar dan mata pelajaran wajib dalam institusi berkaitan. III dan IV tepat, maka D. Rujukan skema: Tingkatan 5, m.s. 147; halaman belum disahkan satu demi satu."
Putrajaya2023_Q34,radio,F5 Bab 7,A,B,C,D,B,Putrajaya/Picture34.png,"中文：大学体育赛事轮流举办，让来自不同州属的学生交流及合作，有助加强州际融合。因此选B。（答案纸参考：F5第153页，未逐页核实。）
Bahasa Melayu: Penganjuran MASUM secara bergilir mempertemukan peserta dari pelbagai negeri dan menggalakkan interaksi. Hal ini mengukuhkan integrasi antara negeri, maka B. Rujukan skema: Tingkatan 5, m.s. 153; halaman belum disahkan satu demi satu."
Putrajaya2023_Q35,radio,F5 Bab 8,A,B,C,D,D,Putrajaya/Picture35.png,"中文：KEJORA、DARA及KESEDAR发展新区，推动橡胶与油棕等商业作物，以增加居民收入。因此选D。（答案纸参考：F5第171页，未逐页核实。）
Bahasa Melayu: Agensi pembangunan wilayah mengusahakan tanaman komersial seperti getah dan kelapa sawit untuk meningkatkan kegiatan ekonomi serta pendapatan. Maka D. Rujukan skema: Tingkatan 5, m.s. 171; halaman belum disahkan satu demi satu."
Putrajaya2023_Q36,radio,F5 Bab 8,A,B,C,D,A,Putrajaya/Picture36.png,"中文：DPN延续消除贫困与社会重组，通过较平衡的发展实现国家团结。因此最终目标是A。（答案纸参考：F5第174页，未逐页核实。）
Bahasa Melayu: DPN meneruskan pembasmian kemiskinan dan penyusunan semula masyarakat melalui pembangunan seimbang untuk mencapai perpaduan negara. Maka A. Rujukan skema: Tingkatan 5, m.s. 174; halaman belum disahkan satu demi satu."
Putrajaya2023_Q37,radio,F5 Bab 9,A,B,C,D,C,Putrajaya/Picture37.png,"中文：外交政策受领导者判断及外交取向影响，领导者必须为国家利益作明智决定。因此C的配对正确。（答案纸参考：F5第197页，未逐页核实。）
Bahasa Melayu: Faktor kepimpinan merujuk kebijaksanaan pemimpin menentukan dasar luar demi kepentingan negara. Pasangan C tepat. Rujukan skema: Tingkatan 5, m.s. 197; halaman belum disahkan satu demi satu."
Putrajaya2023_Q38,radio,F5 Bab 9,A,B,C,D,A,Putrajaya/Picture38.png,"中文：联合国维和部队协助冲突地区恢复和平、安全与法治秩序，而不是代替当地经济发展计划。因此选A。（答案纸参考：F5第200页，未逐页核实。）
Bahasa Melayu: Pasukan pengaman membantu memulihkan keamanan serta kedaulatan undang-undang di negara bergolak. Oleh itu, A. Rujukan skema: Tingkatan 5, m.s. 200; halaman belum disahkan satu demi satu."
Putrajaya2023_Q39,radio,F5 Bab 10,A,B,C,D,B,Putrajaya/Picture39.png,"中文：反油棕运动提醒国家持续努力维护产业，同时警惕可能损害国家经济的外来行动。I和IV正确，选B。（答案纸参考：F5第228页，未逐页核实。）
Bahasa Melayu: Kempen antiminyak sawit mengajar kita supaya gigih mempertahankan ekonomi dan berwaspada terhadap anasir luar. I dan IV tepat, maka B. Rujukan skema: Tingkatan 5, m.s. 228; halaman belum disahkan satu demi satu."
Putrajaya2023_Q40,radio,F5 Bab 10,A,B,C,D,D,Putrajaya/Picture40.png,"中文：地质公园兼顾自然遗产保育及可持续利用，核心是保证环境永续。因此选D；题目所列2006年是吉打州政府宣布的年份。（答案纸参考：F5第238页，未逐页核实。）
Bahasa Melayu: Geopark mengutamakan pemuliharaan warisan semula jadi dan kelestarian alam, maka D. Tahun 2006 merujuk pengisytiharan oleh kerajaan negeri Kedah. Rujukan skema: Tingkatan 5, m.s. 238; halaman belum disahkan satu demi satu."
Sabah2023_Q1,radio,F4 Bab 1,A,B,C,D,C,Sabah/Picture1.png,"中文：马来世界王国的特征包括法律和势力范围，分别是II及III，因此选C。主权与王室象征是马六甲民族国家特征的另一组表述。（答案纸参考：F4第4页，未逐页核实。）
Bahasa Melayu: Undang-undang dan wilayah pengaruh ialah ciri kerajaan Alam Melayu. II dan III tepat, maka C; jangan mencampurkannya dengan senarai ciri Kesultanan Melayu Melaka. Rujukan skema: Tingkatan 4, m.s. 4; halaman belum disahkan satu demi satu."
Sabah2023_Q2,radio,F4 Bab 1,A,B,C,D,A,Sabah/Picture2.png,"中文：Bendahara是主要行政官，也担任军队统帅。因此A的职务配对正确；Syahbandar负责港口，而Laksamana负责海上安全。（答案纸参考：F4第9页，未逐页核实。）
Bahasa Melayu: Bendahara merupakan pembesar utama dan ketua turus angkatan tentera. A tepat; Syahbandar mengurus pelabuhan dan Laksamana menjaga keselamatan laut. Rujukan skema: Tingkatan 4, m.s. 9; halaman belum disahkan satu demi satu."
Sabah2023_Q3,radio,F4 Bab 2,A,B,C,D,B,Sabah/Picture3.png,"中文：Jose Rizal通过著作揭露西班牙殖民统治的问题，要求改革，并非主张立即发动革命。因此选B。（答案纸参考：F4第28页，未逐页核实。）
Bahasa Melayu: Jose Rizal menggunakan penulisan untuk mendedahkan kelemahan penjajahan dan mendesak Sepanyol melakukan perubahan. Beliau bukan pemimpin revolusi bersenjata, maka B. Rujukan skema: Tingkatan 4, m.s. 28; halaman belum disahkan satu demi satu."
Sabah2023_Q4,radio,F4 Bab 2,A,B,C,D,A,Sabah/Picture4.png,"中文：SITC鼓励讨论及创作具有民族意识的作品，通过书籍传播知识和唤醒社会。因此答案纸选A，重点是作品的民族主义内容。（答案纸参考：F4第37页，未逐页核实。）
Bahasa Melayu: SITC menjadi medan perbincangan dan penghasilan karya yang menyedarkan masyarakat tentang bangsa. Skema memilih A; kepentingannya ialah kandungan karya yang menyemarakkan nasionalisme. Rujukan skema: Tingkatan 4, m.s. 37; halaman belum disahkan satu demi satu."
Sabah2023_Q5,radio,F4 Bab 3,A,B,C,D,A,Sabah/Picture5.png,"中文：课本说明英国设立刑事调查部门和政治调查局，监控及限制Islah Islamiah改革运动。因此选A。（答案纸参考：F4第52页，未逐页核实。）
Bahasa Melayu: Buku teks menyatakan Jabatan Siasatan Jenayah dan Biro Siasatan Politik diperkenalkan untuk mengawal gerakan Islah Islamiah. Maka A. Rujukan skema: Tingkatan 4, m.s. 52; halaman belum disahkan satu demi satu."
Sabah2023_Q6,radio,F4 Bab 3,A,B,C,D,D,Sabah/Picture6.png,"中文：广岛及长崎遭原子弹袭击后，日本投降，第二次世界大战随之结束。因此最直接的结果是D。（答案纸参考：F4第82页，未逐页核实。）
Bahasa Melayu: Selepas pengeboman Hiroshima dan Nagasaki, Jepun menyerah kalah lalu Perang Dunia Kedua berakhir. Maka D. Rujukan skema: Tingkatan 4, m.s. 82; halaman belum disahkan satu demi satu."
Sabah2023_Q7,radio,F4 Bab 4,A,B,C,D,B,Sabah/Picture7.png,"中文：人民通过举行马来人大会及马来文报章表达反对Malayan Union。因此I和IV正确，选B；向伦敦写信主要是统治者的行动。（答案纸参考：F4第102页，未逐页核实。）
Bahasa Melayu: Rakyat mengadakan kongres Melayu dan menyuarakan bantahan melalui akhbar Melayu. I dan IV tepat, maka B; surat bantahan ke London dikaitkan terutama dengan Raja-raja Melayu. Rujukan skema: Tingkatan 4, m.s. 102; halaman belum disahkan satu demi satu."
Sabah2023_Q8,radio,F4 Bab 4,A,B,C,D,C,Sabah/Picture8.png,"中文：英国接管沙巴是为继续在当地的殖民及经济政策，保留战略利益。因此选C，不是因王位继承问题。（答案纸参考：F4第114页，未逐页核实。）
Bahasa Melayu: Penyerahan Sabah membolehkan British meneruskan dasar dan menjaga kepentingannya di wilayah tersebut. Oleh itu, C; masalah pewarisan takhta berkaitan konteks Sarawak. Rujukan skema: Tingkatan 4, m.s. 114; halaman belum disahkan satu demi satu."
Sabah2023_Q9,radio,F4 Bab 5,A,B,C,D,B,Sabah/Picture9.png,"中文：部分英国行政官支持恢复联合邦体制、保留统治者地位及调整公民权，促成1948年联合邦。因此选B。（答案纸参考：F4第132页，未逐页核实。）
Bahasa Melayu: Sokongan pentadbir British terhadap pembentukan Persekutuan membantu menjayakan Persekutuan Tanah Melayu 1948. Maka B. Rujukan skema: Tingkatan 4, m.s. 132; halaman belum disahkan satu demi satu."
Sabah2023_Q10,radio,F4 Bab 5,A,B,C,D,D,Sabah/Picture10.png,"中文：符合条件的Rakyat Raja和Rakyat British依据法律自动取得公民权，属于Kuat kuasa undang-undang。因此选D。（答案纸参考：F4第135页，未逐页核实。）
Bahasa Melayu: Kewarganegaraan bagi rakyat Raja dan rakyat British yang memenuhi syarat diperoleh melalui kuat kuasa undang-undang. Maka D. Rujukan skema: Tingkatan 4, m.s. 135; halaman belum disahkan satu demi satu."
Sabah2023_Q11,radio,F4 Bab 6,A,B,C,D,C,Sabah/Picture11.png,"中文：共产主义思想通过华文学校及工会等组织传播。II和III正确，选C；不是通过正式国家条约传入。（答案纸参考：F4第146页，未逐页核实。）
Bahasa Melayu: Ideologi komunis disebarkan melalui sekolah Cina dan kesatuan sekerja. II dan III tepat, maka C. Rujukan skema: Tingkatan 4, m.s. 146; halaman belum disahkan satu demi satu."
Sabah2023_Q12,radio,F4 Bab 6,A,B,C,D,B,Sabah/Picture12.png,"中文：把森林边缘居民迁入新村，是为了切断共产党获得食物、情报及人员支援的渠道，削弱其活动。因此选B。（答案纸参考：F4第147页，未逐页核实。）
Bahasa Melayu: Pemindahan penduduk ke Kampung Baru memutuskan bekalan, maklumat dan sokongan kepada komunis. Tujuannya melemahkan pergerakan komunis, maka B. Rujukan skema: Tingkatan 4, m.s. 147; halaman belum disahkan satu demi satu."
Sabah2023_Q13,radio,F4 Bab 7,A,B,C,D,A,Sabah/Picture13.png,"中文：Lee Tiang Keng负责卫生事务，是Sistem Ahli中的Ahli Kesihatan。因此A配对正确。（答案纸参考：F4第173页，未逐页核实。）
Bahasa Melayu: Lee Tiang Keng memegang portfolio Ahli Kesihatan dalam Sistem Ahli. Oleh itu, pasangan A tepat. Rujukan skema: Tingkatan 4, m.s. 173; halaman belum disahkan satu demi satu."
Sabah2023_Q14,radio,F4 Bab 7,A,B,C,D,B,Sabah/Picture14.png,"中文：英国要求当地各族能够合作，证明独立后的国家可以共同治理。因此关键条件为族群合作，选B。（答案纸参考：F4第174页，未逐页核实。）
Bahasa Melayu: British menetapkan kerjasama antara kaum sebagai syarat penting menuju kemerdekaan supaya negara dapat ditadbir bersama. Maka B. Rujukan skema: Tingkatan 4, m.s. 174; halaman belum disahkan satu demi satu."
Sabah2023_Q15,radio,F4 Bab 8,A,B,C,D,B,Sabah/Picture15.png,"中文：选举让人民投票选择代表参加立法及地方行政，并非选出国家元首或委任上议员。因此选B。（答案纸参考：F4第196页，未逐页核实。）
Bahasa Melayu: Pilihan raya membolehkan rakyat memilih wakil mereka. Senator dan Yang di-Pertuan Agong tidak dipilih melalui pilihan raya umum, maka B. Rujukan skema: Tingkatan 4, m.s. 196; halaman belum disahkan satu demi satu."
Sabah2023_Q16,radio,F4 Bab 8,A,B,C,D,C,Sabah/Picture16.png,"中文：1955年新立法议会形成后，Sistem Ahli被内阁取代，东姑成为首席部长。因此II和III正确，选C。（答案纸参考：F4第204页，未逐页核实。）
Bahasa Melayu: Selepas pembentukan Majlis Perundangan Persekutuan 1955, Sistem Ahli dimansuhkan dan Tunku Abdul Rahman menjadi Ketua Menteri. II dan III tepat, maka C. Rujukan skema: Tingkatan 4, m.s. 204; halaman belum disahkan satu demi satu."
Sabah2023_Q17,radio,F4 Bab 9,A,B,C,D,D,Sabah/Picture17.png,"中文：PAS批评1957年宪法草案中的公民权安排，认为有关条件需要维护马来人的利益。因此选D。（答案纸参考：F4第223页，未逐页核实。）
Bahasa Melayu: PAS mengkritik peruntukan kewarganegaraan dalam draf Perlembagaan 1957. Isu yang dimaksudkan ialah kewarganegaraan, maka D. Rujukan skema: Tingkatan 4, m.s. 223; halaman belum disahkan satu demi satu."
Sabah2023_Q18,radio,F4 Bab 9,A,B,C,D,C,Sabah/Picture18.png,"中文：伊斯兰是联邦宗教，其他宗教仍可在和平与和谐的环境中实践。因此选C，不能理解为禁止其他信仰。（答案纸参考：F4第225页，未逐页核实。）
Bahasa Melayu: Walaupun Islam ialah agama Persekutuan, agama lain boleh diamalkan dengan aman dan damai. Maka C. Rujukan skema: Tingkatan 4, m.s. 225; halaman belum disahkan satu demi satu."
Sabah2023_Q19,radio,F4 Bab 10,A,B,C,D,A,Sabah/Picture19.png,"中文：实体筹备委员会负责独立体育场及国歌等准备；礼仪课程和订购旗帜属于庆典安排。因此I和II正确，选A。（答案纸参考：F4第236页，未逐页核实。）
Bahasa Melayu: Jawatankuasa Persediaan Fizikal mengurus pembinaan stadium dan penyediaan lagu kebangsaan. I dan II tepat, maka A; kursus protokol serta tempahan bendera berkaitan sambutan. Rujukan skema: Tingkatan 4, m.s. 236; halaman belum disahkan satu demi satu."
Sabah2023_Q20,radio,F4 Bab 10,A,B,C,D,A,Sabah/Picture20.png,"中文：Buku Merah记录乡村道路、桥梁、供水和供电等基础设施项目，方便监测进展。因此选A。（答案纸参考：F4第244页，未逐页核实。）
Bahasa Melayu: Buku Merah mengandungi projek kemudahan asas seperti jalan, jambatan, air dan elektrik untuk dipantau pelaksanaannya. Maka A. Rujukan skema: Tingkatan 4, m.s. 244; halaman belum disahkan satu demi satu."
Sabah2023_Q21,radio,F5 Bab 1,A,B,C,D,B,Sabah/Picture21.png,"中文：主权使国家能够治理以保障人民福祉，并在国际关系中获其他国家承认。I和IV正确，选B。（答案纸参考：F5第5页，未逐页核实。）
Bahasa Melayu: Kedaulatan membolehkan negara menjaga kesejahteraan rakyat dan mendapat pengiktirafan negara lain. I dan IV tepat, maka B. Rujukan skema: Tingkatan 5, m.s. 5; halaman belum disahkan satu demi satu."
Sabah2023_Q22,radio,F5 Bab 1,A,B,C,D,C,Sabah/Picture22.png,"中文：人民和明确边界让国家拥有可辨识的社会及领土，形成自己的国家身份。因此选C。（答案纸参考：F5第9页，未逐页核实。）
Bahasa Melayu: Rakyat dan sempadan membezakan sesebuah negara daripada negara lain serta membentuk identiti tersendiri. Maka C. Rujukan skema: Tingkatan 5, m.s. 9; halaman belum disahkan satu demi satu."
Sabah2023_Q23,radio,F5 Bab 2,A,B,C,D,C,Sabah/Picture23.png,"中文：Charter of Justice建立以英国法律为基础的法院体系，为海峡殖民地司法制度奠定基础。因此选C。（答案纸参考：F5第24页，未逐页核实。）
Bahasa Melayu: Charter of Justice membawa kepada penubuhan mahkamah dan perkembangan sistem kehakiman di Negeri-negeri Selat. Maka C. Rujukan skema: Tingkatan 5, m.s. 24; halaman belum disahkan satu demi satu."
Sabah2023_Q24,radio,F5 Bab 2,A,B,C,D,B,Sabah/Picture24.png,"中文：公民权是宪法的现代特征；君主制度、马来语及伊斯兰属于传统特征。因此选B。（答案纸参考：F5第28页，未逐页核实。）
Bahasa Melayu: Kewarganegaraan ialah ciri moden Perlembagaan Persekutuan. Pemerintahan beraja, bahasa Melayu dan Islam ialah ciri tradisional, maka B. Rujukan skema: Tingkatan 5, m.s. 28; halaman belum disahkan satu demi satu."
Sabah2023_Q25,radio,F5 Bab 3,A,B,C,D,D,Sabah/Picture25.png,"中文：统治者会议负责从符合资格的马来统治者中选出国家元首。因此选D。（答案纸参考：F5第44页，未逐页核实。）
Bahasa Melayu: Majlis Raja-Raja memilih Yang di-Pertuan Agong daripada Raja-raja Melayu yang layak. Maka D. Rujukan skema: Tingkatan 5, m.s. 44; halaman belum disahkan satu demi satu."
Sabah2023_Q26,radio,F5 Bab 3,A,B,C,D,D,Sabah/Picture26.png,"中文：内阁是行政机关，负责执行国家政策及管理政府事务；解释法律属于司法机关。因此选D。（答案纸参考：F5第54页，未逐页核实。）
Bahasa Melayu: Jemaah Menteri ialah badan eksekutif yang melaksanakan dasar negara dan mengurus pentadbiran. Pentafsiran undang-undang ialah tugas kehakiman, maka D. Rujukan skema: Tingkatan 5, m.s. 54; halaman belum disahkan satu demi satu."
Sabah2023_Q27,radio,F5 Bab 4,A,B,C,D,A,Sabah/Picture27.png,"中文：英国整合行政制度是为了便利管理及保障殖民经济利益，并非实现当地独立。因此选A。（答案纸参考：F5第66-67页，未逐页核实。）
Bahasa Melayu: Penyusunan pentadbiran oleh British memudahkan kawalan dan menjamin kepentingan penjajah. Oleh itu, A. Rujukan skema: Tingkatan 5, m.s. 66-67; halaman belum disahkan satu demi satu."
Sabah2023_Q28,radio,F5 Bab 4,A,B,C,D,D,Sabah/Picture28.png,"中文：KESEDAR、DARA及KEJORA推动新区域的发展，把土地、基础设施及经济活动整合规划。因此选D。（答案纸参考：F5第73页，未逐页核实。）
Bahasa Melayu: KESEDAR, DARA dan KEJORA menjalankan pembangunan wilayah baharu melalui perancangan tanah, kemudahan dan kegiatan ekonomi. Maka D. Rujukan skema: Tingkatan 5, m.s. 73; halaman belum disahkan satu demi satu."
Sabah2023_Q29,radio,F5 Bab 5,A,B,C,D,A,Sabah/Picture29.png,"中文：英国推动联合计划是为了实施非殖民化及维持地区安全，尤其防范共产主义威胁。因此I和II正确，选A。（答案纸参考：F5第91页，未逐页核实。）
Bahasa Melayu: Cadangan penggabungan berkaitan dekolonisasi serta keselamatan rantau daripada ancaman komunis. I dan II tepat, maka A. Rujukan skema: Tingkatan 5, m.s. 91; halaman belum disahkan satu demi satu."
Sabah2023_Q30,radio,F5 Bab 5,A,B,C,D,C,Sabah/Picture30.png,"中文：印尼认为马来西亚计划威胁其地区地位，并把计划视为新殖民安排，因此发动对抗。选C。（答案纸参考：F5第106页，未逐页核实。）
Bahasa Melayu: Indonesia menganggap pembentukan Malaysia mengancam kedudukannya dan sebagai bentuk neokolonialisme. Maka C. Rujukan skema: Tingkatan 5, m.s. 106; halaman belum disahkan satu demi satu."
Sabah2023_Q31,radio,F5 Bab 6,A,B,C,D,D,Sabah/Picture31.png,"中文：砂拉越面临共产主义安全威胁，以及1966年首席部长事件导致的宪法危机。III和IV正确，选D。（答案纸参考：F5第118页，未逐页核实。）
Bahasa Melayu: Sarawak menghadapi krisis perlembagaan dan ancaman keselamatan daripada komunis. III dan IV tepat, maka D. Rujukan skema: Tingkatan 5, m.s. 118; halaman belum disahkan satu demi satu."
Sabah2023_Q32,radio,F5 Bab 6,A,B,C,D,A,Sabah/Picture32.png,"中文：政府通过发展项目改善城乡设施和经济机会，缩小生活水平差距。因此选A。（答案纸参考：F5第127页，未逐页核实。）
Bahasa Melayu: Kerajaan melancarkan program pembangunan untuk memperbaik kemudahan dan peluang ekonomi serta mengurangkan jurang taraf hidup. Maka A. Rujukan skema: Tingkatan 5, m.s. 127; halaman belum disahkan satu demi satu."
Sabah2023_Q33,radio,F5 Bab 7,A,B,C,D,B,Sabah/Picture33.png,"中文：国家教育政策通过共同课程、语言及学习经验培养共同国家认同，促进族群团结。因此选B。（答案纸参考：F5第144页，未逐页核实。）
Bahasa Melayu: Dasar Pendidikan Kebangsaan membina pengalaman pendidikan dan identiti bersama untuk memupuk perpaduan kaum. Maka B. Rujukan skema: Tingkatan 5, m.s. 144; halaman belum disahkan satu demi satu."
Sabah2023_Q34,radio,F5 Bab 7,A,B,C,D,A,Sabah/Picture34.png,"中文：1969年5月13日族群骚乱暴露团结问题，推动政府制定Rukun Negara作为共同原则。因此选A。（答案纸参考：F5第157页，未逐页核实。）
Bahasa Melayu: Rusuhan kaum 13 Mei 1969 mendorong pembentukan Rukun Negara bagi mengukuhkan perpaduan dan keharmonian. Maka A. Rujukan skema: Tingkatan 5, m.s. 157; halaman belum disahkan satu demi satu."
Sabah2023_Q35,radio,F5 Bab 8,A,B,C,D,D,Sabah/Picture35.png,"中文：私营化把部分经济服务交由私人企业经营，以改善效率、生产力及服务品质。因此选D。（答案纸参考：F5第178页，未逐页核实。）
Bahasa Melayu: Dasar Penswastaan menggalakkan pengurusan yang lebih cekap untuk meningkatkan produktiviti dan kualiti. Maka D. Rujukan skema: Tingkatan 5, m.s. 178; halaman belum disahkan satu demi satu."
Sabah2023_Q36,radio,F5 Bab 8,A,B,C,D,A,Sabah/Picture36.png,"中文：国家汽车工业带动制造、供应及维修工作，增加就业和居民收入。因此I和II正确，选A。（答案纸参考：F5第187页，未逐页核实。）
Bahasa Melayu: Industri kereta nasional mewujudkan pekerjaan dalam pembuatan dan kegiatan sokongan serta meningkatkan pendapatan rakyat. I dan II tepat, maka A. Rujukan skema: Tingkatan 5, m.s. 187; halaman belum disahkan satu demi satu."
Sabah2023_Q37,radio,F5 Bab 9,A,B,C,D,C,Sabah/Picture37.png,"中文：科伦坡计划通过技术援助、培训及发展合作帮助成员提升能力，处理贫困问题。因此选C。（答案纸参考：F5第206页，未逐页核实。）
Bahasa Melayu: Rancangan Colombo menyediakan bantuan teknikal, latihan dan kerjasama pembangunan untuk membantu menangani kemiskinan. Maka C. Rujukan skema: Tingkatan 5, m.s. 206; halaman belum disahkan satu demi satu."
Sabah2023_Q38,radio,F5 Bab 9,A,B,C,D,B,Sabah/Picture38.png,"中文：1976年巴厘ASEAN峰会讨论印度支那局势及地区和平合作，因此答案为B。（答案纸参考：F5第208页，未逐页核实。）
Bahasa Melayu: Sidang Kemuncak ASEAN di Bali pada 1976 membincangkan pergolakan di Indochina serta keamanan rantau. Maka B. Rujukan skema: Tingkatan 5, m.s. 208; halaman belum disahkan satu demi satu."
Sabah2023_Q39,radio,F5 Bab 10,A,B,C,D,A,Sabah/Picture39.png,"中文：马来西亚处于连接多个亚洲地区的战略位置，交通路线便利，因而可能被犯罪集团用作人口贩运中转点。选A。（答案纸参考：F5第229页，未逐页核实。）
Bahasa Melayu: Kedudukan strategik Malaysia dan hubungan pengangkutannya menyebabkan negara digunakan sebagai lokasi transit pemerdagangan orang. Maka A. Rujukan skema: Tingkatan 5, m.s. 229; halaman belum disahkan satu demi satu."
Sabah2023_Q40,radio,F5 Bab 10,A,B,C,D,D,Sabah/Picture40.png,"中文：Anugerah Langkawi表扬对环境保育有贡献的个人，鼓励社会保护环境并维持永续。因此选D。（答案纸参考：F5第238页，未逐页核实。）
Bahasa Melayu: Anugerah Langkawi menghargai sumbangan dalam pemuliharaan alam sekitar untuk menggalakkan kelestarian. Maka D. Rujukan skema: Tingkatan 5, m.s. 238; halaman belum disahkan satu demi satu."
SBP2023_Q1,radio,F4 Bab 1,A,B,C,D,B,SBP/Picture1.png,"中文：马六甲通过战争取得Rokan、Pahang及Inderagiri等地区，扩展势力范围。因此选B。（答案纸参考：F4第7页，未逐页核实。）
Bahasa Melayu: Melaka memperoleh Rokan, Pahang dan Inderagiri melalui peperangan untuk meluaskan wilayah pengaruh. Maka B. Rujukan skema: Tingkatan 4, m.s. 7; halaman belum disahkan satu demi satu."
SBP2023_Q2,radio,F4 Bab 1,A,B,C,D,D,SBP/Picture2.png,"中文：地方辖区的首领负责管理人民并征收税收，把收入送交中央。因此选D。（答案纸参考：F4第9页，未逐页核实。）
Bahasa Melayu: Pembesar peringkat jajahan mengurus kawasan masing-masing dan mengutip cukai untuk kerajaan. Maka D. Rujukan skema: Tingkatan 4, m.s. 9; halaman belum disahkan satu demi satu."
SBP2023_Q3,radio,F4 Bab 2,A,B,C,D,C,SBP/Picture3.png,"中文：John Locke的《政府论》提出限制君主权力及人民权利的观念，支持君主立宪原则。因此选C。（答案纸参考：F4第24页，未逐页核实。）
Bahasa Melayu: Two Treatises of Government membincangkan hak rakyat dan pembatasan kuasa raja, berkaitan prinsip raja berperlembagaan. Maka C. Rujukan skema: Tingkatan 4, m.s. 24; halaman belum disahkan satu demi satu."
SBP2023_Q4,radio,F4 Bab 2,A,B,C,D,A,SBP/Picture4.png,"中文：泰国人民党反对君主拥有绝对权力，希望以宪政制度限制王权。因此选A。（答案纸参考：F4第31页，未逐页核实。）
Bahasa Melayu: Parti Rakyat Thailand menentang pemerintahan raja berkuasa mutlak dan memperjuangkan perubahan kepada sistem berperlembagaan. Maka A. Rujukan skema: Tingkatan 4, m.s. 31; halaman belum disahkan satu demi satu."
SBP2023_Q5,radio,F4 Bab 2,A,B,C,D,D,SBP/Picture5.png,"中文：1911年中国革命推翻满清，证明旧政权可以被改变，鼓舞马来亚人民的反殖民意识。因此选D。（答案纸参考：F4第35页，未逐页核实。）
Bahasa Melayu: Kejayaan Revolusi China 1911 memberikan inspirasi bahawa pemerintahan dapat diubah dan meningkatkan kesedaran menentang penjajah di Tanah Melayu. Maka D. Rujukan skema: Tingkatan 4, m.s. 35; halaman belum disahkan satu demi satu."
SBP2023_Q6,radio,F4 Bab 2,A,B,C,D,B,SBP/Picture6.png,"中文：1927年全马印度人会议让印度社群讨论共同面对的社会与经济问题，协调诉求。因此选B。（答案纸参考：F4第41页，未逐页核实。）
Bahasa Melayu: Persidangan India Se-Malaya membolehkan masyarakat India membincangkan masalah dan isu bersama. Maka B. Rujukan skema: Tingkatan 4, m.s. 41; halaman belum disahkan satu demi satu."
SBP2023_Q7,radio,F4 Bab 3,A,B,C,D,A,SBP/Picture7.png,"中文：凡尔赛条约要求德国支付巨额战争赔款，增加经济负担并引起不满。因此选A。（答案纸参考：F4第58页，未逐页核实。）
Bahasa Melayu: Perjanjian Versailles mewajibkan Jerman membayar pampasan perang yang membebankan ekonomi dan menimbulkan rasa tidak puas hati. Maka A. Rujukan skema: Tingkatan 4, m.s. 58; halaman belum disahkan satu demi satu."
SBP2023_Q8,radio,F4 Bab 3,A,B,C,D,D,SBP/Picture8.png,"中文：Koa Kunrenjo是日本设立的培训机构，为当地行政人员提供训练并灌输日本政治观念。因此选D。（答案纸参考：F4第71页，未逐页核实。）
Bahasa Melayu: Koa Kunrenjo ialah institut latihan yang ditubuhkan Jepun untuk melatih pemimpin dan pegawai tempatan. Maka D. Rujukan skema: Tingkatan 4, m.s. 71; halaman belum disahkan satu demi satu."
SBP2023_Q9,radio,F4 Bab 4,A,B,C,D,B,SBP/Picture9.png,"中文：Bintang Tiga的暴力及对宗教社会生活的威胁，促使马来人组织Fi Sabilillah捍卫民族尊严。因此选B。（答案纸参考：F4第84页，未逐页核实。）
Bahasa Melayu: Keganasan Bintang Tiga mendorong orang Melayu membentuk Gerakan Fi Sabilillah untuk mempertahankan maruah bangsa. Maka B. Rujukan skema: Tingkatan 4, m.s. 84; halaman belum disahkan satu demi satu."
SBP2023_Q10,radio,F4 Bab 4,A,B,C,D,A,SBP/Picture10.png,"中文：马来统治者给予大会经费支援，显示支持马来人的反Malayan Union运动。因此选A。（答案纸参考：F4第101页，未逐页核实。）
Bahasa Melayu: Raja-raja Melayu memberikan bantuan kewangan kepada Kongres Melayu sebagai tanda sokongan terhadap penentangan Malayan Union. Maka A. Rujukan skema: Tingkatan 4, m.s. 101; halaman belum disahkan satu demi satu."
SBP2023_Q11,radio,F4 Bab 4,A,B,C,D,A,SBP/Picture11.png,"中文：砂拉越反割让组织举行示威并发送抗议信，表达不接受成为英国殖民地。因此I和II正确，选A。（答案纸参考：F4第110-111页，未逐页核实。）
Bahasa Melayu: Pertubuhan antipenyerahan mengadakan demonstrasi dan menghantar surat bantahan. I dan II tepat, maka A. Rujukan skema: Tingkatan 4, m.s. 110-111; halaman belum disahkan satu demi satu."
SBP2023_Q12,radio,F4 Bab 5,A,B,C,D,C,SBP/Picture12.png,"中文：联合邦恢复统治者地位，显示君主制度支持维护民族尊严的斗争。因此答案纸选C，强调统治者支持民族权益。（答案纸参考：F4第137页，未逐页核实。）
Bahasa Melayu: Pemulihan kedudukan Raja-raja Melayu dalam Persekutuan menunjukkan peranan mereka mendukung perjuangan maruah bangsa. Skema memilih C. Rujukan skema: Tingkatan 4, m.s. 137; halaman belum disahkan satu demi satu."
SBP2023_Q13,radio,F4 Bab 6,A,B,C,D,D,SBP/Picture13.png,"中文：PKM通过Pan-Malayan Federation of Trade Unions扩大工会影响，利用工人组织进行活动。因此选D。（答案纸参考：F4第147页，未逐页核实。）
Bahasa Melayu: PKM menguasai kesatuan sekerja melalui Pan-Malayan Federation of Trade Unions untuk meluaskan pengaruhnya. Maka D. Rujukan skema: Tingkatan 4, m.s. 147; halaman belum disahkan satu demi satu."
SBP2023_Q14,radio,F4 Bab 6,A,B,C,D,A,SBP/Picture14.png,"中文：图中的陈平及同伴代表马来亚共产党参加华玲谈判，因此所属政党为PKM，选A。（答案纸参考：F4第160页，未逐页核实。）
Bahasa Melayu: Chin Peng dan wakil dalam gambar mewakili Parti Komunis Malaya dalam Rundingan Baling. Maka A. Rujukan skema: Tingkatan 4, m.s. 160; halaman belum disahkan satu demi satu."
SBP2023_Q15,radio,F4 Bab 7,A,B,C,D,D,SBP/Picture15.png,"中文：CLC建议成立RIDA，增加马来人在乡村工业、商业及经济活动中的机会。因此选D。（答案纸参考：F4第176-177页，未逐页核实。）
Bahasa Melayu: CLC mencadangkan penubuhan RIDA, Lembaga Pembangunan Industri Desa, untuk meningkatkan peluang ekonomi orang Melayu. Maka D. Rujukan skema: Tingkatan 4, m.s. 176-177; halaman belum disahkan satu demi satu."
SBP2023_Q16,radio,F4 Bab 7,A,B,C,D,C,SBP/Picture16.png,"中文：全国会议和全国大会均推动举行联邦选举，让人民选择代表并为自治铺路。因此共同点为C。（答案纸参考：F4第186-187页，未逐页核实。）
Bahasa Melayu: Persidangan Kebangsaan dan Konvensyen Kebangsaan sama-sama mendorong pilihan raya Persekutuan sebagai langkah berkerajaan sendiri. Maka C. Rujukan skema: Tingkatan 4, m.s. 186-187; halaman belum disahkan satu demi satu."
SBP2023_Q17,radio,F4 Bab 8,A,B,C,D,B,SBP/Picture17.png,"中文：1955年后仍有英国官员保留安全事务的顾问角色，协助政府处理国防与安全。因此选B。（答案纸参考：F4第204页，未逐页核实。）
Bahasa Melayu: Selepas 1955, pegawai British masih berperanan sebagai penasihat keselamatan walaupun kuasa beransur dipindahkan kepada pemimpin tempatan. Maka B. Rujukan skema: Tingkatan 4, m.s. 204; halaman belum disahkan satu demi satu."
SBP2023_Q18,radio,F4 Bab 9,A,B,C,D,C,SBP/Picture18.png,"中文：Parti Rakyat于1957年5月召开大会讨论宪法草案，表达该党的立场。因此选C。（答案纸参考：F4第223页，未逐页核实。）
Bahasa Melayu: Parti Rakyat mengadakan kongres pada Mei 1957 untuk membincangkan draf Perlembagaan Persekutuan Tanah Melayu. Maka C. Rujukan skema: Tingkatan 4, m.s. 223; halaman belum disahkan satu demi satu."
SBP2023_Q19,radio,F4 Bab 10,A,B,C,D,D,SBP/Picture19.png,"中文：AMDA规定独立后的国防合作，让马来亚获得英国防卫援助。因此东姑以签署该协议实现目标，选D。（答案纸参考：F4第243页，未逐页核实。）
Bahasa Melayu: Anglo-Malayan Defence Agreement menyediakan kerjasama dan bantuan pertahanan Britain selepas merdeka. Maka D. Rujukan skema: Tingkatan 4, m.s. 243; halaman belum disahkan satu demi satu."
SBP2023_Q20,radio,F4 Bab 10,A,B,C,D,A,SBP/Picture20.png,"中文：国家象征凝聚共同归属感，让人民认识并珍惜国家身份。因此其重要性是建立人民的Jati diri，选A。（答案纸参考：F4第247页，未逐页核实。）
Bahasa Melayu: Lambang kebangsaan membina rasa kepunyaan dan jati diri rakyat sebagai anggota negara. Maka A. Rujukan skema: Tingkatan 4, m.s. 247; halaman belum disahkan satu demi satu."
SBP2023_Q21,radio,F5 Bab 1,A,B,C,D,D,SBP/Picture21.png,"中文：课本把英文Sovereignty解释为国家对治理拥有完全权力。因此选D。（答案纸参考：F5第4页，未逐页核实。）
Bahasa Melayu: Takrif sovereignty dalam bahasa Inggeris ialah kuasa penuh pemerintahan sesebuah negara. Maka D. Rujukan skema: Tingkatan 5, m.s. 4; halaman belum disahkan satu demi satu."
SBP2023_Q22,radio,F5 Bab 1,A,B,C,D,C,SBP/Picture22.png,"中文：国语及Rukun Negara建立共同沟通方式与价值观，促进不同族群团结。因此选C。（答案纸参考：F5第13页，未逐页核实。）
Bahasa Melayu: Bahasa kebangsaan dan Rukun Negara membina komunikasi serta nilai bersama untuk memupuk perpaduan. Maka C. Rujukan skema: Tingkatan 5, m.s. 13; halaman belum disahkan satu demi satu."
SBP2023_Q23,radio,F5 Bab 2,A,B,C,D,B,SBP/Picture23.png,"中文：马来联邦州的法律由Majlis Persekutuan制定，因此B配对正确。砂拉越的立法机关是Majlis Negeri，而Majlis Tertinggi主要承担行政职责。（答案纸参考：F5第26页，未逐页核实。）
Bahasa Melayu: Undang-undang Negeri-negeri Melayu Bersekutu digubal oleh Majlis Persekutuan, maka B tepat. Di Sarawak, badan perundangan ialah Majlis Negeri, manakala Majlis Tertinggi berkaitan pentadbiran. Rujukan skema: Tingkatan 5, m.s. 26; halaman belum disahkan satu demi satu."
SBP2023_Q24,radio,F5 Bab 3,A,B,C,D,D,SBP/Picture24.png,"中文：槟城、马六甲、沙巴及砂拉越没有苏丹，国家元首是这些州的伊斯兰事务首领。因此选D。（答案纸参考：F5第29页，未逐页核实。）
Bahasa Melayu: Yang di-Pertuan Agong menjadi ketua agama Islam bagi negeri yang tidak mempunyai raja, termasuk Pulau Pinang, Melaka, Sabah dan Sarawak. Maka D. Rujukan skema: Tingkatan 5, m.s. 29; halaman belum disahkan satu demi satu."
SBP2023_Q25,radio,F5 Bab 3,A,B,C,D,D,SBP/Picture25.png,"中文：君主制度及苏丹的统治地位形成英国扩大权力时必须面对的限制，维护当地国家传统。因此选D。（答案纸参考：F5第39页，未逐页核实。）
Bahasa Melayu: Institusi beraja dan kedudukan sultan menjadi penghalang peluasan kuasa British di negeri Melayu. Maka D. Rujukan skema: Tingkatan 5, m.s. 39; halaman belum disahkan satu demi satu."
SBP2023_Q26,radio,F5 Bab 3,A,B,C,D,B,SBP/Picture26.png,"中文：统治者会议在指定高级官员的任命上提供意见，是宪政制衡的一部分。因此选B，不能把国家元首的所有权力都归给该会议。（答案纸参考：F5第45页，未逐页核实。）
Bahasa Melayu: Majlis Raja-Raja memberikan nasihat berkaitan pelantikan pegawai tertentu sebagai sebahagian peranan pengimbang. Maka B; fungsinya berbeza daripada kuasa Yang di-Pertuan Agong. Rujukan skema: Tingkatan 5, m.s. 45; halaman belum disahkan satu demi satu."
SBP2023_Q27,radio,F5 Bab 4,A,B,C,D,C,SBP/Picture27.png,"中文：中央拥有较多权力，可统一处理全国事务并建立强而有效的政府。因此选C。（答案纸参考：F5第68页，未逐页核实。）
Bahasa Melayu: Kuasa yang lebih besar membolehkan Kerajaan Persekutuan mengurus urusan seluruh negara dan membentuk kerajaan yang kuat. Maka C. Rujukan skema: Tingkatan 5, m.s. 68; halaman belum disahkan satu demi satu."
SBP2023_Q28,radio,F5 Bab 4,A,B,C,D,C,SBP/Picture28.png,"中文：增加可负担房屋供应，使中等收入群体有机会拥有住所，是中央与州的共同房屋措施。因此选C。（答案纸参考：F5第77页，未逐页核实。）
Bahasa Melayu: Pembinaan lebih banyak rumah mampu milik membantu golongan pertengahan memiliki kediaman. Maka C. Rujukan skema: Tingkatan 5, m.s. 77; halaman belum disahkan satu demi satu."
SBP2023_Q29,radio,F5 Bab 5,A,B,C,D,B,SBP/Picture29.png,"中文：把英国在东南亚的辖区结合，可减少行政分散并便利治理。因此英国早期建议的重要目的为B。（答案纸参考：F5第90页，未逐页核实。）
Bahasa Melayu: Penyatuan wilayah penguasaan British di Asia Tenggara bertujuan memudahkan pentadbiran yang sebelumnya berasingan. Maka B. Rujukan skema: Tingkatan 5, m.s. 90; halaman belum disahkan satu demi satu."
SBP2023_Q30,radio,F5 Bab 5,A,B,C,D,B,SBP/Picture30.png,"中文：印尼认为马来西亚计划威胁其地区地位，并指其为新殖民安排。因此对抗理由是B。（答案纸参考：F5第106页，未逐页核实。）
Bahasa Melayu: Indonesia menganggap pembentukan Malaysia mengancam kedudukannya dan sebagai bentuk neokolonialisme. Maka B. Rujukan skema: Tingkatan 5, m.s. 106; halaman belum disahkan satu demi satu."
SBP2023_Q31,radio,F5 Bab 6,A,B,C,D,A,SBP/Picture31.png,"中文：1966年砂拉越宪法危机中，联邦政府宣布紧急状态，采取措施恢复州政府运作。因此选A。（答案纸参考：F5第118页，未逐页核实。）
Bahasa Melayu: Kerajaan mengisytiharkan darurat untuk menangani krisis perlembagaan Sarawak pada 1966 dan memulihkan pentadbiran. Maka A. Rujukan skema: Tingkatan 5, m.s. 118; halaman belum disahkan satu demi satu."
SBP2023_Q32,radio,F5 Bab 6,A,B,C,D,C,SBP/Picture32.png,"中文：寻找新市场与经济多元化可以降低橡胶、锡矿价格波动对收入的影响。因此X是C。（答案纸参考：F5第127页，未逐页核实。）
Bahasa Melayu: Mempelbagaikan kegiatan ekonomi bersama usaha mencari pasaran baharu mengurangkan kebergantungan kepada getah dan bijih timah. Maka C. Rujukan skema: Tingkatan 5, m.s. 127; halaman belum disahkan satu demi satu."
SBP2023_Q33,radio,F5 Bab 7,A,B,C,D,D,SBP/Picture33.png,"中文：族群按经济职业及学校分开，减少共同生活和学习的机会，导致族群关系疏离。因此选D。（答案纸参考：F5第143页，未逐页核实。）
Bahasa Melayu: Pengasingan pekerjaan dan sekolah vernakular mengurangkan interaksi antara kaum lalu merenggangkan hubungan. Maka D. Rujukan skema: Tingkatan 5, m.s. 143; halaman belum disahkan satu demi satu."
SBP2023_Q34,radio,F5 Bab 7,A,B,C,D,A,SBP/Picture34.png,"中文：第五项原则强调礼貌、尊重及良好道德，通过培养高尚价值落实。因此选A。（答案纸参考：F5第159页，未逐页核实。）
Bahasa Melayu: Kesopanan dan Kesusilaan direalisasikan melalui nilai murni, adab dan penghormatan terhadap orang lain. Maka A. Rujukan skema: Tingkatan 5, m.s. 159; halaman belum disahkan satu demi satu."
SBP2023_Q35,radio,F5 Bab 8,A,B,C,D,A,SBP/Picture35.png,"中文：Buku Hijau鼓励种植、养殖及其他粮食活动，增加食物供应及家庭收入。因此选A。（答案纸参考：F5第169页，未逐页核实。）
Bahasa Melayu: Rancangan Buku Hijau menggalakkan kegiatan pertanian dan penternakan untuk menambah pengeluaran makanan. Maka A. Rujukan skema: Tingkatan 5, m.s. 169; halaman belum disahkan satu demi satu."
SBP2023_Q36,radio,F5 Bab 8,A,B,C,D,C,SBP/Picture36.png,"中文：私营化提供土著参与股权与企业管理的机会，协助提高现代部门的持股比例。因此选C。（答案纸参考：F5第178页，未逐页核实。）
Bahasa Melayu: Penswastaan menyediakan peluang bumiputera mengambil bahagian dalam pemilikan saham, penguasaan dan pengurusan sektor moden. Maka C. Rujukan skema: Tingkatan 5, m.s. 178; halaman belum disahkan satu demi satu."
SBP2023_Q37,radio,F5 Bab 9,A,B,C,D,B,SBP/Picture37.png,"中文：Wisma Putra是外交部的称呼，负责拟定外交政策及在国际层面维护国家利益。因此选B。（答案纸参考：F5第196页，未逐页核实。）
Bahasa Melayu: Wisma Putra merujuk Kementerian Luar Negeri yang menggubal dasar luar dan menjaga kepentingan nasional di peringkat antarabangsa. Maka B. Rujukan skema: Tingkatan 5, m.s. 196; halaman belum disahkan satu demi satu."
SBP2023_Q38,radio,F5 Bab 9,A,B,C,D,A,SBP/Picture38.png,"中文：与中国建立外交关系体现不按意识形态选边、愿与不同制度国家合作的中立原则。因此选A。（答案纸参考：F5第210页，未逐页核实。）
Bahasa Melayu: Hubungan diplomatik dengan China menunjukkan Malaysia mengamalkan hubungan tanpa terikat kepada blok ideologi, sejajar dengan ZOPFAN. Maka A. Rujukan skema: Tingkatan 5, m.s. 210; halaman belum disahkan satu demi satu."
SBP2023_Q39,radio,F5 Bab 10,A,B,C,D,A,SBP/Picture39.png,"中文：马来西亚地理位置及交通网络连接多个地区，被犯罪集团利用作人口贩运中转点。因此选A。（答案纸参考：F5第229页，未逐页核实。）
Bahasa Melayu: Kedudukan strategik Malaysia menghubungkan pelbagai kawasan dan digunakan sebagai transit pemerdagangan orang. Maka A. Rujukan skema: Tingkatan 5, m.s. 229; halaman belum disahkan satu demi satu."
SBP2023_Q40,radio,F5 Bab 10,A,B,C,D,D,SBP/Picture40.png,"中文：NGO提供教育与医疗等人道援助，帮助叙利亚受害者继续学习并获得治疗。III和IV正确，选D。（答案纸参考：F5第237页，未逐页核实。）
Bahasa Melayu: NGO membantu rakyat Syria melalui pendidikan dan perubatan, bukannya operasi ketenteraan. III dan IV tepat, maka D. Rujukan skema: Tingkatan 5, m.s. 237; halaman belum disahkan satu demi satu."
Selangor Set 22023_Q1,radio,F4 Bab 1,A,B,C,D,C,Selangor Set 2/Picture1.png,"中文：Telaga Batu碑铭用于臣民效忠仪式，说明人民须忠于室利佛逝国王。因此选C。（答案纸参考：F4第4页，未逐页核实。）
Bahasa Melayu: Inskripsi Telaga Batu dikaitkan dengan persetiaan rakyat kepada raja Srivijaya. Maka C. Rujukan skema: Tingkatan 4, m.s. 4; halaman belum disahkan satu demi satu."
Selangor Set 22023_Q2,radio,F4 Bab 1,A,B,C,D,D,Selangor Set 2/Picture2.png,"中文：婚姻、结婚程序及家庭关系的规定，为处理婚姻问题提供法律依据，保持家庭秩序。因此选D。（答案纸参考：F4第10页，未逐页核实。）
Bahasa Melayu: Peruntukan kekeluargaan mengatur perkahwinan dan hubungan keluarga supaya masalah perkahwinan dapat diselesaikan. Maka D. Rujukan skema: Tingkatan 4, m.s. 10; halaman belum disahkan satu demi satu."
Selangor Set 22023_Q3,radio,F4 Bab 2,A,B,C,D,D,Selangor Set 2/Picture3.png,"中文：光荣革命限制英国国王的绝对权力，强化国会与法律的地位，巩固君主立宪。因此选D。（答案纸参考：F4第24页，未逐页核实。）
Bahasa Melayu: Revolusi Keagungan mengehadkan kuasa mutlak raja dan memperkukuh Parlimen serta sistem raja berperlembagaan. Maka D. Rujukan skema: Tingkatan 4, m.s. 24; halaman belum disahkan satu demi satu."
Selangor Set 22023_Q4,radio,F4 Bab 2,A,B,C,D,B,Selangor Set 2/Picture4.png,"中文：Pak Sako通过讽刺殖民者及歌颂本地文化，唤醒民族意识，强调自由的重要性。因此选B。（答案纸参考：F4第34页，未逐页核实。）
Bahasa Melayu: Pak Sako menyindir penjajah dan menonjolkan nilai masyarakat tempatan untuk menyedarkan pembaca tentang kepentingan kebebasan. Maka B. Rujukan skema: Tingkatan 4, m.s. 34; halaman belum disahkan satu demi satu."
Selangor Set 22023_Q5,radio,F4 Bab 3,A,B,C,D,D,Selangor Set 2/Picture5.png,"中文：一战后帝国各地区的民族运动与起义要求独立，使奥匈帝国分裂、Habsburg王朝瓦解。因此选D；皇储遇刺是战争导火线。（答案纸参考：F4第57页，未逐页核实。）
Bahasa Melayu: Kebangkitan nasionalisme dan pemberontakan wilayah menyebabkan empayar Austria-Hungary berpecah serta pemerintahan Habsburg runtuh. D tepat; pembunuhan pewaris ialah pencetus perang. Rujukan skema: Tingkatan 4, m.s. 57; halaman belum disahkan satu demi satu."
Selangor Set 22023_Q6,radio,F4 Bab 3,A,B,C,D,B,Selangor Set 2/Picture6.png,"中文：“亚洲人的亚洲”把日本塑造成摆脱西方殖民的保护者，是争取当地支持的宣传。因此选B。（答案纸参考：F4第68页，未逐页核实。）
Bahasa Melayu: Slogan Asia untuk Orang Asia menonjolkan Jepun sebagai pembela Asia daripada penjajah Barat untuk mendapatkan sokongan. Maka B. Rujukan skema: Tingkatan 4, m.s. 68; halaman belum disahkan satu demi satu."
Selangor Set 22023_Q7,radio,F4 Bab 4,A,B,C,D,A,Selangor Set 2/Picture7.png,"中文：MacMichael通过威胁及施压逼迫苏丹签署同意，而不是自由协商取得认可。I和II正确，选A。（答案纸参考：F4第98-99页，未逐页核实。）
Bahasa Melayu: MacMichael menggunakan ugutan dan desakan untuk memperoleh tandatangan Raja-raja Melayu. I dan II tepat, maka A. Rujukan skema: Tingkatan 4, m.s. 98-99; halaman belum disahkan satu demi satu."
Selangor Set 22023_Q8,radio,F4 Bab 4,A,B,C,D,C,Selangor Set 2/Picture8.png,"中文：支持割让者相信英国有资金及能力改善基础设施、教育与当地生活，因此选C。（答案纸参考：F4第113页，未逐页核实。）
Bahasa Melayu: Penyokong penyerahan berharap British dapat memajukan kemudahan dan kehidupan penduduk tempatan. Maka C. Rujukan skema: Tingkatan 4, m.s. 113; halaman belum disahkan satu demi satu."
Selangor Set 22023_Q9,radio,F4 Bab 5,A,B,C,D,C,Selangor Set 2/Picture9.png,"中文：工作委员会建议收紧公民权，取代Malayan Union过于宽松的jus soli安排。因此选C。（答案纸参考：F4第127页，未逐页核实。）
Bahasa Melayu: Jawatankuasa Kerja mencadangkan syarat kewarganegaraan yang lebih ketat berbanding Malayan Union. Maka C. Rujukan skema: Tingkatan 4, m.s. 127; halaman belum disahkan satu demi satu."
Selangor Set 22023_Q10,radio,F4 Bab 5,A,B,C,D,B,Selangor Set 2/Picture10.png,"中文：联合邦承认马来人为原有居民并恢复统治者地位，符合马来人的要求。因此I和IV正确，选B。（答案纸参考：F4第136页，未逐页核实。）
Bahasa Melayu: Orang Melayu diiktiraf sebagai penduduk asal dan kedudukan Raja-raja Melayu dipulihkan. I dan IV tepat, maka B. Rujukan skema: Tingkatan 4, m.s. 136; halaman belum disahkan satu demi satu."
Selangor Set 22023_Q11,radio,F4 Bab 6,A,B,C,D,D,Selangor Set 2/Picture11.png,"中文：PKI使用激烈和暴力方式，未能吸引多数马来人支持，故其思想传播受限。因此选D。（答案纸参考：F4第146页，未逐页核实。）
Bahasa Melayu: Penggunaan kekerasan dalam perjuangan PKI menyebabkan gerakan itu kurang mendapat sambutan orang Melayu. Maka D. Rujukan skema: Tingkatan 4, m.s. 146; halaman belum disahkan satu demi satu."
Selangor Set 22023_Q12,radio,F4 Bab 6,A,B,C,D,A,Selangor Set 2/Picture12.png,"中文：英国在紧急状态下拘捕被视为激进政治运动领袖的人物，课本把这些人物列于该行动中。因此选A，不应据此认定他们都是共产党。（答案纸参考：F4第152页，未逐页核实。）
Bahasa Melayu: British menangkap pemimpin yang dianggap terlibat dalam gerakan radikal semasa darurat. Maka A; penangkapan itu tidak bermaksud semua tokoh tersebut anggota komunis. Rujukan skema: Tingkatan 4, m.s. 152; halaman belum disahkan satu demi satu."
Selangor Set 22023_Q13,radio,F4 Bab 7,A,B,C,D,C,Selangor Set 2/Picture13.png,"中文：CLC通过各族协商建立友善关系，并改善因族群分歧而紧张的政治情况。因此II和III正确，选C。（答案纸参考：F4第174页，未逐页核实。）
Bahasa Melayu: CLC bertujuan mewujudkan keadaan muhibah dan membetulkan keadaan politik melalui rundingan antara kaum. II dan III tepat, maka C. Rujukan skema: Tingkatan 4, m.s. 174; halaman belum disahkan satu demi satu."
Selangor Set 22023_Q14,radio,F4 Bab 7,A,B,C,D,B,Selangor Set 2/Picture14.png,"中文：1952年教育条例希望建立面向本地的学校制度，并推动使用联邦官方语言。因此答案纸选B。（答案纸参考：F4第181页，未逐页核实。）
Bahasa Melayu: Ordinan Pelajaran 1952 mengarah kepada sistem pendidikan tempatan dan penggunaan bahasa rasmi Persekutuan. Skema memilih B. Rujukan skema: Tingkatan 4, m.s. 181; halaman belum disahkan satu demi satu."
Selangor Set 22023_Q15,radio,F4 Bab 8,A,B,C,D,A,Selangor Set 2/Picture15.png,"中文：代表团争取扩大民选议席，相关代表通过选举获得人民授权。因此选A，不是由公投选择议员。（答案纸参考：F4第199页，未逐页核实。）
Bahasa Melayu: Rombongan memperjuangkan anggota MPP yang dipilih melalui pilihan raya supaya mendapat mandat rakyat. Maka A. Rujukan skema: Tingkatan 4, m.s. 199; halaman belum disahkan satu demi satu."
Selangor Set 22023_Q16,radio,F4 Bab 8,A,B,C,D,B,Selangor Set 2/Picture16.png,"中文：内阁减少欧洲官员并以当地人员取代，使公共服务逐渐具有本地性质。因此选B。（答案纸参考：F4第207页，未逐页核实。）
Bahasa Melayu: Kabinet mengurangkan pegawai Eropah dan menggalakkan penggantian oleh penduduk tempatan untuk menjadikan perkhidmatan awam bercorak tempatan. Maka B. Rujukan skema: Tingkatan 4, m.s. 207; halaman belum disahkan satu demi satu."
Selangor Set 22023_Q17,radio,F4 Bab 9,A,B,C,D,D,Selangor Set 2/Picture17.png,"中文：统治者意见书要求维护马来人的特殊地位，同时保障其他族群合法利益。因此选D。（答案纸参考：F4第222页，未逐页核实。）
Bahasa Melayu: Memorandum Raja-raja Melayu menuntut perlindungan keistimewaan orang Melayu serta kepentingan sah kaum lain. Maka D. Rujukan skema: Tingkatan 4, m.s. 222; halaman belum disahkan satu demi satu."
Selangor Set 22023_Q18,radio,F4 Bab 9,A,B,C,D,B,Selangor Set 2/Picture18.png,"中文：图中独立谈判代表团前往伦敦争取马来亚独立，因此选B。正式独立谈判发生于1956年，题干的1955年应为笔误。（答案纸参考：F4第217页，未逐页核实。）
Bahasa Melayu: Rombongan rundingan kemerdekaan ke London bertujuan memperoleh kemerdekaan, maka B. Rundingan tersebut berlaku pada 1956; tahun 1955 dalam soalan dipercayai tersalah cetak. Rujukan skema: Tingkatan 4, m.s. 217; halaman belum disahkan satu demi satu."
Selangor Set 22023_Q19,radio,F4 Bab 10,A,B,C,D,A,Selangor Set 2/Picture19.png,"中文：实体委员会准备体育场、国歌及国家旗帜等国家象征，建立独立国家的身份。因此本题选A。（答案纸参考：F4第236页，未逐页核实。）
Bahasa Melayu: Jawatankuasa Persediaan Fizikal menyediakan stadium, lagu kebangsaan dan lambang berkaitan untuk mewujudkan identiti negara berdaulat. Maka A. Rujukan skema: Tingkatan 4, m.s. 236; halaman belum disahkan satu demi satu."
Selangor Set 22023_Q20,radio,F4 Bab 10,A,B,C,D,D,Selangor Set 2/Picture20.png,"中文：东姑张开手掌象征从殖民统治中获得自由，伴随七次Merdeka欢呼。因此选D。（答案纸参考：F4第240页，未逐页核实。）
Bahasa Melayu: Tunku membuka genggaman tangan sebagai lambang kebebasan negara yang dicapai ketika melaungkan Merdeka. Maka D. Rujukan skema: Tingkatan 4, m.s. 240; halaman belum disahkan satu demi satu."
Selangor Set 22023_Q21,radio,F5 Bab 1,A,B,C,D,D,Selangor Set 2/Picture21.png,"中文：Salleh Abas把主权解释为国家在国际层面的自由与独立，并拥有治理权。因此选D。（答案纸参考：F5第5页，未逐页核实。）
Bahasa Melayu: Tun Mohamed Salleh Abas mentafsirkan kedaulatan sebagai kebebasan negara pada peringkat antarabangsa bersama hak pemerintahan. Maka D. Rujukan skema: Tingkatan 5, m.s. 5; halaman belum disahkan satu demi satu."
Selangor Set 22023_Q22,radio,F5 Bab 1,A,B,C,D,A,Selangor Set 2/Picture22.png,"中文：政府通过现代化军备及签订防卫合作协议提升防卫能力，因此I和II正确，选A。（答案纸参考：F5第15页，未逐页核实。）
Bahasa Melayu: Pemerintah memodenkan aset ketenteraan dan mengadakan perjanjian pertahanan untuk memperkukuh keselamatan. I dan II tepat, maka A. Rujukan skema: Tingkatan 5, m.s. 15; halaman belum disahkan satu demi satu."
Selangor Set 22023_Q23,radio,F5 Bab 2,A,B,C,D,D,Selangor Set 2/Picture23.png,"中文：Charter of Justice建立法律和法院机制，课本强调保障原有居民不受不公平对待。因此选D。（答案纸参考：F5第24页，未逐页核实。）
Bahasa Melayu: Charter of Justice menyediakan mekanisme undang-undang untuk melindungi penduduk asal daripada ketidakadilan. Maka D. Rujukan skema: Tingkatan 5, m.s. 24; halaman belum disahkan satu demi satu."
Selangor Set 22023_Q24,radio,F5 Bab 2,A,B,C,D,B,Selangor Set 2/Picture24.png,"中文：君主制度、伊斯兰、马来语与马来人特殊地位属于传统特征。因此空缺是君主制度，选B。（答案纸参考：F5第28-29页，未逐页核实。）
Bahasa Melayu: Pemerintahan beraja ialah ciri tradisional bersama Islam, bahasa Melayu dan kedudukan istimewa orang Melayu. Maka B. Rujukan skema: Tingkatan 5, m.s. 28-29; halaman belum disahkan satu demi satu."
Selangor Set 22023_Q25,radio,F5 Bab 3,A,B,C,D,A,Selangor Set 2/Picture25.png,"中文：Durbar为统治者及英国官员讨论行政事务提供平台，因此选A。马来联邦州于1896年成立，1897年是首次Durbar年份。（答案纸参考：F5第42页，未逐页核实。）
Bahasa Melayu: Durbar membincangkan hal pentadbiran, maka A. Negeri-negeri Melayu Bersekutu dibentuk pada 1896, manakala Durbar pertama berlangsung pada 1897. Rujukan skema: Tingkatan 5, m.s. 42; halaman belum disahkan satu demi satu."
Selangor Set 22023_Q26,radio,F5 Bab 3,A,B,C,D,A,Selangor Set 2/Picture26.png,"中文：内阁拟定及执行国家政策，是行政机关的主要任务。制定政策不同于国会通过法律，因此选A。（答案纸参考：F5第54页，未逐页核实。）
Bahasa Melayu: Jemaah Menteri menggubal dan melaksanakan dasar negara. Penggubalan dasar berbeza daripada fungsi Parlimen meluluskan undang-undang, maka A. Rujukan skema: Tingkatan 5, m.s. 54; halaman belum disahkan satu demi satu."
Selangor Set 22023_Q27,radio,F5 Bab 4,A,B,C,D,D,Selangor Set 2/Picture27.png,"中文：财政及公民权属于联邦清单，须由中央统一管理。因此选D。（答案纸参考：F5第69页，未逐页核实。）
Bahasa Melayu: Kewangan dan kewarganegaraan termasuk dalam Senarai Persekutuan serta diurus Kerajaan Persekutuan. Maka D. Rujukan skema: Tingkatan 5, m.s. 69; halaman belum disahkan satu demi satu."
Selangor Set 22023_Q28,radio,F5 Bab 4,A,B,C,D,B,Selangor Set 2/Picture28.png,"中文：课本列出Rumah Mesra Rakyat及PR1MA为增加可负担房屋机会的联邦措施，因此I和IV正确，选B。（答案纸参考：F5第77页，未逐页核实。）
Bahasa Melayu: Buku teks menyenaraikan Rumah Mesra Rakyat dan PR1MA sebagai inisiatif Persekutuan yang meluaskan peluang pemilikan rumah. I dan IV tepat, maka B. Rujukan skema: Tingkatan 5, m.s. 77; halaman belum disahkan satu demi satu."
Selangor Set 22023_Q29,radio,F5 Bab 5,A,B,C,D,C,Selangor Set 2/Picture29.png,"中文：Geofroy Tory主张马来亚与新加坡结合，可利用两地相互依存的经济及贸易关系。因此选C。（答案纸参考：F5第91页，未逐页核实。）
Bahasa Melayu: Cadangan Geofroy Tory menghubungkan Tanah Melayu dengan Singapura berasaskan kepentingan dan hubungan ekonomi kedua-duanya. Maka C. Rujukan skema: Tingkatan 5, m.s. 91; halaman belum disahkan satu demi satu."
Selangor Set 22023_Q30,radio,F5 Bab 5,A,B,C,D,C,Selangor Set 2/Picture30.png,"中文：Cobbold委员会调查沙巴及砂拉越人民对马来西亚计划的意见，为政府提供报告和建议。因此选C。（答案纸参考：F5第100页，未逐页核实。）
Bahasa Melayu: Suruhanjaya Cobbold meninjau pendapat penduduk Sabah dan Sarawak tentang Malaysia sebelum mengemukakan laporan. Maka C. Rujukan skema: Tingkatan 5, m.s. 100; halaman belum disahkan satu demi satu."
Selangor Set 22023_Q31,radio,F5 Bab 6,A,B,C,D,D,Selangor Set 2/Picture31.png,"中文：发展多种商业农业与其他经济活动，让人民有超越自给农业的市场和收入机会。因此选D。（答案纸参考：F5第117页，未逐页核实。）
Bahasa Melayu: Kerajaan mempelbagaikan kegiatan ekonomi untuk membawa penduduk Sabah dan Sarawak ke dalam ekonomi komersial. Maka D. Rujukan skema: Tingkatan 5, m.s. 117; halaman belum disahkan satu demi satu."
Selangor Set 22023_Q32,radio,F5 Bab 6,A,B,C,D,A,Selangor Set 2/Picture32.png,"中文：Hammer与COIN都结合安全行动及改善居民生活，争取人民支持，削弱共产党基础。因此共同点为A。（答案纸参考：F5第122-125页，未逐页核实。）
Bahasa Melayu: Operasi Hammer dan COIN menggabungkan keselamatan dengan usaha mendapatkan sokongan penduduk untuk memenangi hati serta fikiran rakyat. Maka A. Rujukan skema: Tingkatan 5, m.s. 122-125; halaman belum disahkan satu demi satu."
Selangor Set 22023_Q33,radio,F5 Bab 7,A,B,C,D,B,Selangor Set 2/Picture33.png,"中文：Aminuddin Baki研究提出技能课程及多科目学校，提供不同能力学生升学和就业方向。因此I和IV正确，选B。（答案纸参考：F5第145页，未逐页核实。）
Bahasa Melayu: Kajian Aminuddin Baki memperkenalkan kursus kemahiran dan sistem persekolahan aneka jurusan. I dan IV tepat, maka B. Rujukan skema: Tingkatan 5, m.s. 145; halaman belum disahkan satu demi satu."
Selangor Set 22023_Q34,radio,F5 Bab 7,A,B,C,D,C,Selangor Set 2/Picture34.png,"中文：国家文化政策以本区域原有文化为基础，接受合适其他文化，并以伊斯兰为重要元素。因此X是C。（答案纸参考：F5第150页，未逐页核实。）
Bahasa Melayu: Prinsip ketiga Dasar Kebudayaan Kebangsaan ialah Islam menjadi unsur terpenting, selain budaya asal rantau dan unsur lain yang sesuai. Maka C. Rujukan skema: Tingkatan 5, m.s. 150; halaman belum disahkan satu demi satu."
Selangor Set 22023_Q35,radio,F5 Bab 8,A,B,C,D,A,Selangor Set 2/Picture35.png,"中文：中小企业降低创业门槛，提供经营经验，培养年轻企业家并创造收入。因此选A。（答案纸参考：F5第172页，未逐页核实。）
Bahasa Melayu: IKS membuka ruang perniagaan dan pengalaman pengurusan kepada usahawan muda, sekali gus meningkatkan pendapatan. Maka A. Rujukan skema: Tingkatan 5, m.s. 172; halaman belum disahkan satu demi satu."
Selangor Set 22023_Q36,radio,F5 Bab 8,A,B,C,D,B,Selangor Set 2/Picture36.png,"中文：Kulim高科技园提供先进设施并连接工业与科研，促进研究及技术开发。因此选B。（答案纸参考：F5第186页，未逐页核实。）
Bahasa Melayu: Kulim Hi-Tech Park menyediakan persekitaran teknologi tinggi untuk merangsang penyelidikan dan pembangunan industri. Maka B. Rujukan skema: Tingkatan 5, m.s. 186; halaman belum disahkan satu demi satu."
Selangor Set 22023_Q37,radio,F5 Bab 9,A,B,C,D,C,Selangor Set 2/Picture37.png,"中文：联合国宪章强调和平解决争端，马来西亚支持国家间和平共处，因此选C。（答案纸参考：F5第198页，未逐页核实。）
Bahasa Melayu: Malaysia menyokong prinsip Piagam PBB melalui pendirian hidup bersama secara aman dan penyelesaian pertikaian tanpa keganasan. Maka C. Rujukan skema: Tingkatan 5, m.s. 198; halaman belum disahkan satu demi satu."
Selangor Set 22023_Q38,radio,F5 Bab 9,A,B,C,D,C,Selangor Set 2/Picture38.png,"中文：学生交流和文化节加强东南亚人民相互理解，属于社会文化合作。因此II和III正确，选C。（答案纸参考：F5第211页，未逐页核实。）
Bahasa Melayu: Pertukaran pelajar dan festival kebudayaan mengeratkan hubungan sosial serta persefahaman antara rakyat ASEAN. II dan III tepat, maka C. Rujukan skema: Tingkatan 5, m.s. 211; halaman belum disahkan satu demi satu."
Selangor Set 22023_Q39,radio,F5 Bab 10,A,B,C,D,A,Selangor Set 2/Picture39.png,"中文：MyCare及Global Peace Mission参与向叙利亚受害者提供人道援助，题目所指国家为A。（答案纸参考：F5第236页，未逐页核实。）
Bahasa Melayu: MyCare dan Global Peace Mission menyalurkan bantuan kemanusiaan kepada rakyat Syria yang terjejas oleh konflik. Maka A. Rujukan skema: Tingkatan 5, m.s. 236; halaman belum disahkan satu demi satu."
Selangor Set 22023_Q40,radio,F5 Bab 10,A,B,C,D,D,Selangor Set 2/Picture40.png,"中文：绿色科技减少污染及温室气体，推动较可持续的能源与生产，有助控制气候变化。因此选D。（答案纸参考：F5第238页，未逐页核实。）
Bahasa Melayu: Teknologi hijau mengurangkan pencemaran dan gas rumah hijau melalui penggunaan sumber yang lebih lestari, membantu mengawal perubahan iklim. Maka D. Rujukan skema: Tingkatan 5, m.s. 238; halaman belum disahkan satu demi satu."
Selangor Set 12023_Q1,radio,F4 Bab 1,A,B,C,D,D,Selangor Set 1/Picture1.png,"中文：主权代表苏丹拥有最高统治权，能够要求人民服从并维护国家秩序。因此选D。（答案纸参考：F4第6页，未逐页核实。）
Bahasa Melayu: Kedaulatan memberikan sultan kuasa tertinggi untuk mengawal rakyat dan memastikan pemerintahan dipatuhi. Maka D. Rujukan skema: Tingkatan 4, m.s. 6; halaman belum disahkan satu demi satu."
Selangor Set 12023_Q2,radio,F4 Bab 1,A,B,C,D,A,Selangor Set 1/Picture2.png,"中文：人民相信违抗苏丹会遭Tulah，即不忠带来的灾祸，因此不敢叛逆。选A。（答案纸参考：F4第13页，未逐页核实。）
Bahasa Melayu: Rakyat percaya penderhakaan terhadap sultan boleh mendatangkan tulah. Kepercayaan ini mendorong ketaatan, maka A. Rujukan skema: Tingkatan 4, m.s. 13; halaman belum disahkan satu demi satu."
Selangor Set 12023_Q3,radio,F4 Bab 2,A,B,C,D,C,Selangor Set 1/Picture3.png,"中文：课本把印度早期民族主义的关注归为社会与宗教问题，1857年Dahagi属于该早期阶段。因此选C。（答案纸参考：F4第26页，未逐页核实。）
Bahasa Melayu: Buku teks menerangkan tumpuan awal nasionalisme India pada isu sosioagama, termasuk latar gerakan Dahagi 1857. Maka C. Rujukan skema: Tingkatan 4, m.s. 26; halaman belum disahkan satu demi satu."
Selangor Set 12023_Q4,radio,F4 Bab 2,A,B,C,D,B,Selangor Set 1/Picture4.png,"中文：MCKK与SITC培养具备知识的本地领袖，通过教育、著作和组织唤醒社会民族意识。因此选B。（答案纸参考：F4第35页，未逐页核实。）
Bahasa Melayu: MCKK dan SITC melahirkan golongan pemimpin berpendidikan yang menyedarkan masyarakat melalui penulisan serta kegiatan sosial. Maka B. Rujukan skema: Tingkatan 4, m.s. 35; halaman belum disahkan satu demi satu."
Selangor Set 12023_Q5,radio,F4 Bab 3,A,B,C,D,A,Selangor Set 1/Picture5.png,"中文：法西斯主义和纳粹主义兴起，加上国际联盟无法阻止侵略，促成二战。I和II正确，选A。（答案纸参考：F4第58-59页，未逐页核实。）
Bahasa Melayu: Kemunculan ideologi fasisme dan nazisme serta kegagalan Liga Bangsa-Bangsa membendung pencerobohan menyebabkan Perang Dunia Kedua. I dan II tepat, maka A. Rujukan skema: Tingkatan 4, m.s. 58-59; halaman belum disahkan satu demi satu."
Selangor Set 12023_Q6,radio,F4 Bab 3,A,B,C,D,C,Selangor Set 1/Picture6.png,"中文：马来亚位置便于日本控制区域交通，并以此攻取英国海军基地新加坡，具有军事战略价值。因此选C。（答案纸参考：F4第68页，未逐页核实。）
Bahasa Melayu: Kedudukan Tanah Melayu penting untuk penguasaan laluan rantau dan serangan terhadap pangkalan British di Singapura. Maka C. Rujukan skema: Tingkatan 4, m.s. 68; halaman belum disahkan satu demi satu."
Selangor Set 12023_Q7,radio,F4 Bab 4,A,B,C,D,D,Selangor Set 1/Picture7.png,"中文：人民通过大规模集会表达对宽松公民权及削弱王权的反对，并动员各地马来人共同抵制Malayan Union。因此选D。（答案纸参考：F4第104页，未逐页核实。）
Bahasa Melayu: Orang Melayu mengadakan perhimpunan besar-besaran untuk membantah jus soli dan ancaman terhadap kuasa raja dalam Malayan Union. Maka D. Rujukan skema: Tingkatan 4, m.s. 104; halaman belum disahkan satu demi satu."
Selangor Set 12023_Q8,radio,F4 Bab 4,A,B,C,D,A,Selangor Set 1/Picture8.png,"中文：1946年7月1日割让正式生效，砂拉越成为英国直辖殖民地。因此选A；反割让运动并未因此立即结束。（答案纸参考：F4第108页，未逐页核实。）
Bahasa Melayu: Penyerahan pada 1 Julai 1946 menjadikan Sarawak tanah jajahan British. A tepat; gerakan antipenyerahan masih berterusan. Rujukan skema: Tingkatan 4, m.s. 108; halaman belum disahkan satu demi satu."
Selangor Set 12023_Q9,radio,F4 Bab 5,A,B,C,D,D,Selangor Set 1/Picture9.png,"中文：课本将英国支持1948年联合邦与《大西洋宪章》的自治原则联系，作为朝向人民参与治理的安排。因此选D。（答案纸参考：F4第133页，未逐页核实。）
Bahasa Melayu: Pembentukan Persekutuan 1948 dikaitkan dalam buku teks dengan prinsip Piagam Atlantik tentang pemerintahan sendiri. Maka D. Rujukan skema: Tingkatan 4, m.s. 133; halaman belum disahkan satu demi satu."
Selangor Set 12023_Q10,radio,F4 Bab 5,A,B,C,D,D,Selangor Set 1/Picture10.png,"中文：1948年联合邦保护马来人的特殊地位，并恢复君主地位，所以获得马来人接受。选D。（答案纸参考：F4第136页，未逐页核实。）
Bahasa Melayu: Persekutuan 1948 menjamin kedudukan istimewa orang Melayu serta memulihkan institusi beraja. Maka D. Rujukan skema: Tingkatan 4, m.s. 136; halaman belum disahkan satu demi satu."
Selangor Set 12023_Q11,radio,F4 Bab 6,A,B,C,D,B,Selangor Set 1/Picture11.png,"中文：共产党攻击种植园、矿场或运输设施，目的在于破坏生产及殖民收入，使经济瘫痪。因此选B。（答案纸参考：F4第148页，未逐页核实。）
Bahasa Melayu: Komunis merosakkan kemudahan pengeluaran dan pengangkutan untuk melumpuhkan kegiatan ekonomi British. Maka B. Rujukan skema: Tingkatan 4, m.s. 148; halaman belum disahkan satu demi satu."
Selangor Set 12023_Q12,radio,F4 Bab 6,A,B,C,D,A,Selangor Set 1/Picture12.png,"中文：心理战通过争取人民支持、改善生活及鼓励合作，削弱共产党影响，补足军事行动的局限。因此选A。（答案纸参考：F4第159页，未逐页核实。）
Bahasa Melayu: Perang saraf memenangi hati rakyat dan menggalakkan kerjasama untuk melemahkan komunis, melengkapi tindakan ketenteraan. Maka A. Rujukan skema: Tingkatan 4, m.s. 159; halaman belum disahkan satu demi satu."
Selangor Set 12023_Q13,radio,F4 Bab 7,A,B,C,D,B,Selangor Set 1/Picture13.png,"中文：Sistem Ahli让不同族群领袖共同负责行政部门，建立合作经验，因而促进团结。因此选B。（答案纸参考：F4第179页，未逐页核实。）
Bahasa Melayu: Sistem Ahli menggabungkan pemimpin pelbagai kaum dalam pentadbiran dan membina pengalaman kerjasama. Maka B. Rujukan skema: Tingkatan 4, m.s. 179; halaman belum disahkan satu demi satu."
Selangor Set 12023_Q14,radio,F4 Bab 7,A,B,C,D,D,Selangor Set 1/Picture14.png,"中文：1956年教育委员会建议统一课程内容，让不同学校学生拥有共同学习基础。因此选D。（答案纸参考：F4第183页，未逐页核实。）
Bahasa Melayu: Penyata Jawatankuasa Pelajaran 1956 mencadangkan kandungan kurikulum seragam sebagai asas pendidikan kebangsaan. Maka D. Rujukan skema: Tingkatan 4, m.s. 183; halaman belum disahkan satu demi satu."
Selangor Set 12023_Q15,radio,F4 Bab 8,A,B,C,D,C,Selangor Set 1/Picture15.png,"中文：1955年候选人须符合语言等资格，具备马来语及英语知识。C正确；年龄条件是至少21岁，并非不超过21岁。（答案纸参考：F4第200页，未逐页核实。）
Bahasa Melayu: Calon pilihan raya 1955 perlu berpengetahuan bahasa Melayu dan bahasa Inggeris. C tepat; syarat umur ialah sekurang-kurangnya 21 tahun, bukan tidak melebihi 21 tahun. Rujukan skema: Tingkatan 4, m.s. 200; halaman belum disahkan satu demi satu."
Selangor Set 12023_Q16,radio,F4 Bab 8,A,B,C,D,A,Selangor Set 1/Picture16.png,"中文：MPP让不同族群的民选代表共同参与立法与行政，体现分享权力。因此选A。（答案纸参考：F4第205页，未逐页核实。）
Bahasa Melayu: MPP melibatkan wakil pelbagai kaum dalam urusan perundangan dan pentadbiran, memperlihatkan perkongsian kuasa. Maka A. Rujukan skema: Tingkatan 4, m.s. 205; halaman belum disahkan satu demi satu."
Selangor Set 12023_Q17,radio,F4 Bab 9,A,B,C,D,B,Selangor Set 1/Picture17.png,"中文：这三位是Reid委员会成员，负责拟定独立马来亚的宪法。因此选B。（答案纸参考：F4第220页，未逐页核实。）
Bahasa Melayu: Lord Reid, Ivor Jennings dan William McKell ialah ahli Suruhanjaya Reid yang merangka perlembagaan negara merdeka. Maka B. Rujukan skema: Tingkatan 4, m.s. 220; halaman belum disahkan satu demi satu."
Selangor Set 12023_Q18,radio,F4 Bab 9,A,B,C,D,C,Selangor Set 1/Picture18.png,"中文：MCA通过意见书要求继续保留华文学校，使社群能够维持母语教育。因此选C。（答案纸参考：F4第222页，未逐页核实。）
Bahasa Melayu: MCA menuntut sekolah vernakular diteruskan melalui memorandum kepada Suruhanjaya Perlembagaan. Maka C. Rujukan skema: Tingkatan 4, m.s. 222; halaman belum disahkan satu demi satu."
Selangor Set 12023_Q19,radio,F4 Bab 10,A,B,C,D,D,Selangor Set 1/Picture19.png,"中文：庆典筹备委员会举办礼仪课程，确保庆祝和正式仪式顺利进行。因此选D。（答案纸参考：F4第237页，未逐页核实。）
Bahasa Melayu: Jawatankuasa Sambutan menganjurkan kursus protokol untuk memastikan acara dan upacara kemerdekaan berjalan teratur. Maka D. Rujukan skema: Tingkatan 4, m.s. 237; halaman belum disahkan satu demi satu."
Selangor Set 12023_Q20,radio,F4 Bab 10,A,B,C,D,C,Selangor Set 1/Picture20.png,"中文：英联邦关税优惠便利成员间贸易及出口，增强成员经济地位。因此题目问经济贡献时选C。（答案纸参考：F4第243页，未逐页核实。）
Bahasa Melayu: Sistem Keutamaan Tarif Komanwel memudahkan perdagangan dan eksport antara anggota, lalu memperkukuh kedudukan ekonomi. Maka C. Rujukan skema: Tingkatan 4, m.s. 243; halaman belum disahkan satu demi satu."
Selangor Set 12023_Q21,radio,F5 Bab 1,A,B,C,D,A,Selangor Set 1/Picture21.png,"中文：课本列出传统、现代、法律及国际主权。题中属于该分类的是现代主权与国际主权，I和II正确，选A。（答案纸参考：F5第6-7页，未逐页核实。）
Bahasa Melayu: Jenis kedaulatan dalam buku teks termasuk tradisional, moden, undang-undang dan antarabangsa. I dan II termasuk dalam senarai tersebut, maka A. Rujukan skema: Tingkatan 5, m.s. 6-7; halaman belum disahkan satu demi satu."
Selangor Set 12023_Q22,radio,F5 Bab 1,A,B,C,D,A,Selangor Set 1/Picture22.png,"中文：政府、边界、法律及人民共同使国家拥有自己的治理范围与身份。因此选A。（答案纸参考：F5第9页，未逐页核实。）
Bahasa Melayu: Pemerintahan, sempadan, perundangan dan rakyat membentuk ciri serta identiti tersendiri negara. Maka A. Rujukan skema: Tingkatan 5, m.s. 9; halaman belum disahkan satu demi satu."
Selangor Set 12023_Q23,radio,F5 Bab 2,A,B,C,D,C,Selangor Set 1/Picture23.png,"中文：Charter of Justice引入法院和法律安排，课本强调保障当地居民不受不公平对待。因此选C。（答案纸参考：F5第24页，未逐页核实。）
Bahasa Melayu: Charter of Justice memperkenalkan susunan kehakiman dengan tujuan melindungi penduduk asal daripada penindasan dan ketidakadilan. Maka C. Rujukan skema: Tingkatan 5, m.s. 24; halaman belum disahkan satu demi satu."
Selangor Set 12023_Q24,radio,F5 Bab 2,A,B,C,D,B,Selangor Set 1/Picture24.png,"中文：议会民主让人民通过选举选出代表，参与决定政府及治理方向。因此选B。（答案纸参考：F5第29页，未逐页核实。）
Bahasa Melayu: Demokrasi Berparlimen memberikan rakyat peluang memilih wakil dan mengambil bahagian dalam pemerintahan. Maka B. Rujukan skema: Tingkatan 5, m.s. 29; halaman belum disahkan satu demi satu."
Selangor Set 12023_Q25,radio,F5 Bab 3,A,B,C,D,B,Selangor Set 1/Picture25.png,"中文：Durbar是马来统治者与英国高级官员商议行政事务的会议，首次于1897年在江沙举行。因此选B。（答案纸参考：F5第42页，未逐页核实。）
Bahasa Melayu: Durbar menghimpunkan Raja-raja Melayu dan pegawai British untuk membincangkan hal pentadbiran. Maka B. Rujukan skema: Tingkatan 5, m.s. 42; halaman belum disahkan satu demi satu."
Selangor Set 12023_Q26,radio,F5 Bab 3,A,B,C,D,A,Selangor Set 1/Picture26.png,"中文：国家元首的行政权限包括依宪政程序任命外交使节到海外代表国家。因此选A。（答案纸参考：F5第48页，未逐页核实。）
Bahasa Melayu: Kuasa eksekutif Yang di-Pertuan Agong termasuk pelantikan diplomat bagi mewakili negara di luar negara mengikut proses perlembagaan. Maka A. Rujukan skema: Tingkatan 5, m.s. 48; halaman belum disahkan satu demi satu."
Selangor Set 12023_Q27,radio,F5 Bab 4,A,B,C,D,D,Selangor Set 1/Picture27.png,"中文：土地管理列在州权限内；国防及教育属于联邦权限。因此选D。（答案纸参考：F5第70页，未逐页核实。）
Bahasa Melayu: Tanah ialah perkara dalam Senarai Negeri, manakala pertahanan dan pelajaran berada di bawah Persekutuan. Maka D. Rujukan skema: Tingkatan 5, m.s. 70; halaman belum disahkan satu demi satu."
Selangor Set 12023_Q28,radio,F5 Bab 4,A,B,C,D,C,Selangor Set 1/Picture28.png,"中文：州政府掌管土地，提供适当土地让发展走廊项目实施；中央则支持资金与专业协调。因此选C。（答案纸参考：F5第72-73页，未逐页核实。）
Bahasa Melayu: Kerajaan Negeri menyediakan tanah untuk projek pembangunan koridor, manakala Persekutuan membantu penyelarasan, kepakaran dan dana. Maka C. Rujukan skema: Tingkatan 5, m.s. 72-73; halaman belum disahkan satu demi satu."
Selangor Set 12023_Q29,radio,F5 Bab 5,A,B,C,D,B,Selangor Set 1/Picture29.png,"中文：1962年公投让新加坡人民选择加入马来西亚的条件和形式，而非单纯问赞成或反对。因此选B。（答案纸参考：F5第100页，未逐页核实。）
Bahasa Melayu: Referendum Singapura 1962 menentukan pilihan bentuk penyertaan dalam Malaysia, bukan sekadar undian ya atau tidak. Maka B. Rujukan skema: Tingkatan 5, m.s. 100; halaman belum disahkan satu demi satu."
Selangor Set 12023_Q30,radio,F5 Bab 5,A,B,C,D,C,Selangor Set 1/Picture30.png,"中文：1966年正常化协议结束对抗，恢复马来西亚与印尼关系。因此选C。（答案纸参考：F5第109页，未逐页核实。）
Bahasa Melayu: Persetujuan Normalisasi 1966 menamatkan konfrontasi dan memulihkan hubungan Malaysia dengan Indonesia. Maka C. Rujukan skema: Tingkatan 5, m.s. 109; halaman belum disahkan satu demi satu."
Selangor Set 12023_Q31,radio,F5 Bab 6,A,B,C,D,B,Selangor Set 1/Picture31.png,"中文：商业农业扩大产品及市场，使沙巴和砂拉越居民从自给农业转向增加收入的经济活动。因此选B。（答案纸参考：F5第117页，未逐页核实。）
Bahasa Melayu: Pertanian komersial dipelbagaikan untuk meningkatkan pengeluaran berpasaran dan pendapatan penduduk Sabah serta Sarawak. Maka B. Rujukan skema: Tingkatan 5, m.s. 117; halaman belum disahkan satu demi satu."
Selangor Set 12023_Q32,radio,F5 Bab 6,A,B,C,D,B,Selangor Set 1/Picture32.png,"中文：MAGERAN恢复社会和平并处理族群关系，重建团结是题目所列选项中的核心工作。因此选B。（答案纸参考：F5第130页，未逐页核实。）
Bahasa Melayu: MAGERAN memulihkan keamanan dan menangani hubungan kaum selepas rusuhan. Dalam pilihan yang diberi, fokusnya ialah perpaduan kaum, maka B. Rujukan skema: Tingkatan 5, m.s. 130; halaman belum disahkan satu demi satu."
Selangor Set 12023_Q33,radio,F5 Bab 7,A,B,C,D,D,Selangor Set 1/Picture33.png,"中文：各族学校使用不同语言、课程和教学内容，学生较少接触共同经验，造成思维与认同差异。因此选D。（答案纸参考：F5第141页，未逐页核实。）
Bahasa Melayu: Sekolah vernakular menggunakan bahasa dan kandungan pembelajaran berbeza, lalu mewujudkan perbezaan pemikiran antara kaum. Maka D. Rujukan skema: Tingkatan 5, m.s. 141; halaman belum disahkan satu demi satu."
Selangor Set 12023_Q34,radio,F5 Bab 7,A,B,C,D,C,Selangor Set 1/Picture34.png,"中文：共同课程及马来语教学让学生拥有一致学习内容和沟通媒介，加强融合。因此II和III正确，选C。（答案纸参考：F5第145页，未逐页核实。）
Bahasa Melayu: Kurikulum yang sama dan bahasa Melayu sebagai bahasa pengantar membina pengalaman serta komunikasi bersama. II dan III tepat, maka C. Rujukan skema: Tingkatan 5, m.s. 145; halaman belum disahkan satu demi satu."
Selangor Set 12023_Q35,radio,F5 Bab 8,A,B,C,D,A,Selangor Set 1/Picture35.png,"中文：Buku Hijau鼓励家庭从事种植及养殖，通过增加食物生产同时提高居民收入。因此选A。（答案纸参考：F5第169页，未逐页核实。）
Bahasa Melayu: Buku Hijau menggalakkan penanaman dan penternakan untuk menambah makanan serta pendapatan rakyat. Maka A. Rujukan skema: Tingkatan 5, m.s. 169; halaman belum disahkan satu demi satu."
Selangor Set 12023_Q36,radio,F5 Bab 8,A,B,C,D,C,Selangor Set 1/Picture36.png,"中文：创造就业使家庭有稳定收入，能摆脱贫困，是DEB降低贫困率的重要方法。因此选C。（答案纸参考：F5第180页，未逐页核实。）
Bahasa Melayu: Pembukaan peluang pekerjaan memberikan pendapatan kepada isi rumah dan membantu mereka keluar daripada kemiskinan. Maka C. Rujukan skema: Tingkatan 5, m.s. 180; halaman belum disahkan satu demi satu."
Selangor Set 12023_Q37,radio,F5 Bab 9,A,B,C,D,D,Selangor Set 1/Picture37.png,"中文：外交政策维护国家独立及主权，通过国际合作保障国家利益。因此选D，不能理解为服从外国要求。（答案纸参考：F5第196页，未逐页核实。）
Bahasa Melayu: Dasar luar mempertahankan kedaulatan dan kepentingan negara melalui hubungan antarabangsa. Maka D. Rujukan skema: Tingkatan 5, m.s. 196; halaman belum disahkan satu demi satu."
Selangor Set 12023_Q38,radio,F5 Bab 9,A,B,C,D,B,Selangor Set 1/Picture38.png,"中文：FPDA通过联合训练与防卫合作提升国家安全能力，核心目的为加强国防。因此选B。（答案纸参考：F5第209页，未逐页核实。）
Bahasa Melayu: FPDA memperkukuh pertahanan melalui latihan dan kerjasama keselamatan antara lima negara. Maka B. Rujukan skema: Tingkatan 5, m.s. 209; halaman belum disahkan satu demi satu."
Selangor Set 12023_Q39,radio,F5 Bab 10,A,B,C,D,A,Selangor Set 1/Picture39.png,"中文：跨境增长区扩大市场及投资合作，减少对单一市场的依赖与垄断影响。因此选A。（答案纸参考：F5第230页，未逐页核实。）
Bahasa Melayu: Kerjasama pertumbuhan serantau meluaskan pasaran dan kegiatan ekonomi, mengurangkan monopoli atau kebergantungan kepada satu pasaran. Maka A. Rujukan skema: Tingkatan 5, m.s. 230; halaman belum disahkan satu demi satu."
Selangor Set 12023_Q40,radio,F5 Bab 10,A,B,C,D,C,Selangor Set 1/Picture40.png,"中文：京都议定书及环境合作推动减少温室气体，并鼓励太阳能等新再生能源，因此选C。题干把1997年京都议定书与2007年巴厘会议混在一起，应分开理解。（答案纸参考：F5第239页，未逐页核实。）
Bahasa Melayu: Kerjasama alam sekitar mengurangkan gas rumah hijau dan menggalakkan tenaga baharu seperti solar, maka C. Protokol Kyoto 1997 dan persidangan Bali 2007 ialah dua peristiwa berbeza yang tercampur dalam ayat soalan. Rujukan skema: Tingkatan 5, m.s. 239; halaman belum disahkan satu demi satu."
MRSM2023_Q1,radio,F4 Bab 1,A,B,C,D,D,MRSM/Picture1.png,"中文：Telaga Batu碑铭与臣民宣誓效忠室利佛逝统治者有关，强化人民对国王的忠诚。因此选D。（答案纸参考：F4第4-5页，未逐页核实。）
Bahasa Melayu: Inskripsi Telaga Batu dikaitkan dengan upacara persetiaan kepada pemerintah Srivijaya. Kepentingannya ialah mengukuhkan kesetiaan, maka D. Rujukan skema: Tingkatan 4, m.s. 4-5; halaman belum disahkan satu demi satu."
MRSM2023_Q2,radio,F4 Bab 1,A,B,C,D,A,MRSM/Picture2.png,"中文：Bendahara是苏丹的重要顾问和行政首长，因此A正确。国库由Penghulu Bendahari管理，海上安全由Laksamana负责。（答案纸参考：F4第9页，未逐页核实。）
Bahasa Melayu: Bendahara menjadi penasihat raja serta pembesar utama. A tepat; perbendaharaan diurus Penghulu Bendahari dan keselamatan laut oleh Laksamana. Rujukan skema: Tingkatan 4, m.s. 9; halaman belum disahkan satu demi satu."
MRSM2023_Q3,radio,F4 Bab 2,A,B,C,D,B,MRSM/Picture3.png,"中文：1688年光荣革命限制君主专权，恢复人民权利并确立国会主权。因此I和IV正确，选B。（答案纸参考：F4第24页，未逐页核实。）
Bahasa Melayu: Revolusi Keagungan menentang kuasa mutlak raja untuk mengembalikan hak rakyat dan menegakkan kedaulatan Parlimen. I dan IV tepat, maka B. Rujukan skema: Tingkatan 4, m.s. 24; halaman belum disahkan satu demi satu."
MRSM2023_Q4,radio,F4 Bab 2,A,B,C,D,D,MRSM/Picture4.png,"中文：Raja Chulan及Muhammad Eunos属于受英语教育的领袖，推动改善马来人的教育与社会经济生活。因此选D。（答案纸参考：F4第37页，未逐页核实。）
Bahasa Melayu: Raja Chulan dan Muhammad Eunos ialah tokoh berpendidikan Inggeris yang memperjuangkan peningkatan taraf hidup orang Melayu. Maka D. Rujukan skema: Tingkatan 4, m.s. 37; halaman belum disahkan satu demi satu."
MRSM2023_Q5,radio,F4 Bab 3,A,B,C,D,A,MRSM/Picture5.png,"中文：凡尔赛条约规定战后安排，目的在于结束敌对并建立和平。因此选A；其严厉条件后来也造成新的不满。（答案纸参考：F4第56页，未逐页核实。）
Bahasa Melayu: Perjanjian Versailles mengatur penyelesaian selepas perang dengan tujuan mewujudkan keamanan. A tepat, walaupun syaratnya kemudian menimbulkan rasa tidak puas hati. Rujukan skema: Tingkatan 4, m.s. 56; halaman belum disahkan satu demi satu."
MRSM2023_Q6,radio,F4 Bab 3,A,B,C,D,D,MRSM/Picture6.png,"中文：日本需要工业原料及市场，并希望建立由日本主导的亚洲新秩序。因此III和IV正确，选D。（答案纸参考：F4第64页，未逐页核实。）
Bahasa Melayu: Jepun memerlukan bahan mentah dan pasaran untuk industri serta mahu mewujudkan orde baharu di Asia. III dan IV tepat, maka D. Rujukan skema: Tingkatan 4, m.s. 64; halaman belum disahkan satu demi satu."
MRSM2023_Q7,radio,F4 Bab 4,A,B,C,D,A,MRSM/Picture7.png,"中文：1946年3月马来人大会同意建立统一组织对抗Malayan Union，促成UMNO成立。因此选A。（答案纸参考：F4第105页，未逐页核实。）
Bahasa Melayu: Kongres Melayu bersetuju menubuhkan sebuah pertubuhan untuk menyatukan penentangan terhadap Malayan Union, iaitu UMNO. Maka A. Rujukan skema: Tingkatan 4, m.s. 105; halaman belum disahkan satu demi satu."
MRSM2023_Q8,radio,F4 Bab 4,A,B,C,D,B,MRSM/Picture8.png,"中文：英国以升职等安排吸纳当地领袖，使政治组织失去领导力量，从而削弱沙巴民族主义。因此选B。（答案纸参考：F4第116页，未逐页核实。）
Bahasa Melayu: British menawarkan kenaikan pangkat kepada pemimpin tempatan sehingga gerakan kehilangan kepimpinan yang aktif. Cara ini melemahkan nasionalisme Sabah, maka B. Rujukan skema: Tingkatan 4, m.s. 116; halaman belum disahkan satu demi satu."
MRSM2023_Q9,radio,F4 Bab 5,A,B,C,D,D,MRSM/Picture9.png,"中文：PUTERA-AMCJA以Hartal罢市抗议未接受人民宪法建议的联合邦方案，借经济停顿表达反对。因此选D。（答案纸参考：F4第131页，未逐页核实。）
Bahasa Melayu: PUTERA-AMCJA menganjurkan hartal, iaitu penutupan kegiatan ekonomi, untuk membantah cadangan Persekutuan yang tidak menerima Perlembagaan Rakyat. Maka D. Rujukan skema: Tingkatan 4, m.s. 131; halaman belum disahkan satu demi satu."
MRSM2023_Q10,radio,F4 Bab 5,A,B,C,D,A,MRSM/Picture10.png,"中文：1948年联合邦恢复马来统治者在州内的地位及权力，回应马来人对Malayan Union的反对。因此选A。（答案纸参考：F4第136页，未逐页核实。）
Bahasa Melayu: Persekutuan 1948 mengembalikan kedudukan dan kuasa Raja-raja Melayu yang terjejas di bawah Malayan Union. Maka A. Rujukan skema: Tingkatan 4, m.s. 136; halaman belum disahkan satu demi satu."
MRSM2023_Q11,radio,F4 Bab 6,A,B,C,D,C,MRSM/Picture11.png,"中文：紧急法允许取缔被视为威胁安全的共产党及激进政党，与搜查和管制枪械同属法律措施。因此X是C。（答案纸参考：F4第152页，未逐页核实。）
Bahasa Melayu: Undang-Undang Darurat membolehkan British mengharamkan parti komunis dan parti radikal, selain menggeledah rumah serta mengetatkan senjata api. Maka C. Rujukan skema: Tingkatan 4, m.s. 152; halaman belum disahkan satu demi satu."
MRSM2023_Q12,radio,F4 Bab 6,A,B,C,D,C,MRSM/Picture12.png,"中文：新村多由华人居民组成，与其他族群居住地区分离，使日常族群接触减少，形成族群关系疏离的后果。因此选C。（答案纸参考：F4第163页，未逐页核实。）
Bahasa Melayu: Penempatan Kampung Baru yang terpisah daripada petempatan kaum lain mengurangkan interaksi harian dan merenggangkan hubungan kaum. Maka C. Rujukan skema: Tingkatan 4, m.s. 163; halaman belum disahkan satu demi satu."
MRSM2023_Q13,radio,F4 Bab 7,A,B,C,D,B,MRSM/Picture13.png,"中文：1956年教育报告建议统一课程，建立各族学生共同的学习内容以促进团结。因此选B。（答案纸参考：F4第183页，未逐页核实。）
Bahasa Melayu: Penyata Razak 1956 mencadangkan kurikulum yang seragam untuk membina pengalaman pendidikan bersama dan perpaduan. Maka B. Rujukan skema: Tingkatan 4, m.s. 183; halaman belum disahkan satu demi satu."
MRSM2023_Q14,radio,F4 Bab 7,A,B,C,D,C,MRSM/Picture14.png,"中文：IMP开放给不同族群，希望超越单一种族政党模式，建立共同政治合作。因此选C。（答案纸参考：F4第184页，未逐页核实。）
Bahasa Melayu: Dato' Onn menubuhkan IMP sebagai parti pelbagai kaum untuk mewujudkan perpaduan dan kerjasama politik. Maka C. Rujukan skema: Tingkatan 4, m.s. 184; halaman belum disahkan satu demi satu."
MRSM2023_Q15,radio,F4 Bab 8,A,B,C,D,D,MRSM/Picture15.png,"中文：1955年选举后的MPP让当地代表在行政和立法中承担更大责任，逐步恢复当地人民自行治理的能力。因此选D。（答案纸参考：F4第204页，未逐页核实。）
Bahasa Melayu: MPP selepas pilihan raya 1955 memberikan pemimpin tempatan peranan lebih besar dalam pentadbiran, menuju pemerintahan sendiri. Maka D. Rujukan skema: Tingkatan 4, m.s. 204; halaman belum disahkan satu demi satu."
MRSM2023_Q16,radio,F4 Bab 8,A,B,C,D,B,MRSM/Picture16.png,"中文：第一届内阁由不同族群领袖组成，体现共同治理及分享权力，建立独立前的合作基础。因此选B。（答案纸参考：F4第207页，未逐页核实。）
Bahasa Melayu: Kabinet pertama melibatkan pemimpin pelbagai kaum dan memperlihatkan perkongsian kuasa dalam pentadbiran. Maka B. Rujukan skema: Tingkatan 4, m.s. 207; halaman belum disahkan satu demi satu."
MRSM2023_Q17,radio,F4 Bab 9,A,B,C,D,C,MRSM/Picture17.png,"中文：伦敦独立谈判包括独立后的国防合作与英国协助防卫，保障新国家安全。因此选C。（答案纸参考：F4第218页，未逐页核实。）
Bahasa Melayu: Rundingan London merangkumi kerjasama pertahanan dan bantuan British selepas kemerdekaan untuk menjamin keselamatan. Maka C. Rujukan skema: Tingkatan 4, m.s. 218; halaman belum disahkan satu demi satu."
MRSM2023_Q18,radio,F4 Bab 9,A,B,C,D,B,MRSM/Picture18.png,"中文：条文同时保障马来人特殊地位及其他族群合法权益，说明须兼顾各族利益。因此概括为对所有族群公平，选B。（答案纸参考：F4第225页，未逐页核实。）
Bahasa Melayu: Peruntukan tersebut menjaga kedudukan istimewa orang Melayu bersama kepentingan sah kaum lain. Rumusannya ialah keadilan kepada semua kaum, maka B. Rujukan skema: Tingkatan 4, m.s. 225; halaman belum disahkan satu demi satu."
MRSM2023_Q19,radio,F4 Bab 10,A,B,C,D,D,MRSM/Picture19.png,"中文：庆典委员会负责旗帜订购及庆祝活动；体育场和国歌属于实体筹备委员会。因此选D。（答案纸参考：F4第237页，未逐页核实。）
Bahasa Melayu: Jawatankuasa Sambutan mengurus tempahan bendera serta urusan sambutan. Stadium dan lagu kebangsaan diurus Jawatankuasa Persediaan Fizikal, maka D. Rujukan skema: Tingkatan 4, m.s. 237; halaman belum disahkan satu demi satu."
MRSM2023_Q20,radio,F4 Bab 10,A,B,C,D,A,MRSM/Picture20.png,"中文：乡村发展机构优先建设道路、桥梁、供水及供电，改善乡村居民生活。因此选A。（答案纸参考：F4第244页，未逐页核实。）
Bahasa Melayu: Agensi pembangunan luar bandar menyediakan infrastruktur seperti jalan, jambatan, bekalan air dan elektrik. Maka A. Rujukan skema: Tingkatan 4, m.s. 244; halaman belum disahkan satu demi satu."
MRSM2023_Q21,radio,F5 Bab 1,A,B,C,D,B,MRSM/Picture21.png,"中文：国语、体育和Rukun Negara建立共同认同与国家忠诚，使人民产生爱国精神。因此选B。（答案纸参考：F5第11页，未逐页核实。）
Bahasa Melayu: Bahasa kebangsaan, sukan dan Rukun Negara membina identiti bersama serta kesetiaan kepada negara. Usaha ini memupuk patriotisme, maka B. Rujukan skema: Tingkatan 5, m.s. 11; halaman belum disahkan satu demi satu."
MRSM2023_Q22,radio,F5 Bab 1,A,B,C,D,D,MRSM/Picture22.png,"中文：人民可加入志愿防卫组织，直接参与保卫国家；制定政策及现代化军备主要由政府负责。因此选D。（答案纸参考：F5第15页，未逐页核实。）
Bahasa Melayu: Rakyat menyumbang kepada pertahanan dengan menyertai pasukan sukarelawan. Penggubalan dasar dan pemodenan aset ialah tanggungjawab kerajaan, maka D. Rujukan skema: Tingkatan 5, m.s. 15; halaman belum disahkan satu demi satu."
MRSM2023_Q23,radio,F5 Bab 2,A,B,C,D,B,MRSM/Picture23.png,"中文：马来人特殊地位源于历史制度延续，是宪法传统特征；联邦制、公民权及议会民主属于现代特征。因此选B。（答案纸参考：F5第28-29页，未逐页核实。）
Bahasa Melayu: Kedudukan istimewa orang Melayu ialah ciri tradisional perlembagaan. Kerajaan Persekutuan, kewarganegaraan dan demokrasi ialah ciri moden, maka B. Rujukan skema: Tingkatan 5, m.s. 28-29; halaman belum disahkan satu demi satu."
MRSM2023_Q24,radio,F5 Bab 2,A,B,C,D,C,MRSM/Picture24.png,"中文：马来西亚成立需要调整高等法院结构，以涵盖沙巴、砂拉越等新成员地区。因此1963年修宪与C有关。（答案纸参考：F5第30页，未逐页核实。）
Bahasa Melayu: Pembentukan Malaysia memerlukan perubahan struktur Mahkamah Atasan bagi wilayah yang baharu menyertai Persekutuan. Maka C. Rujukan skema: Tingkatan 5, m.s. 30; halaman belum disahkan satu demi satu."
MRSM2023_Q25,radio,F5 Bab 3,A,B,C,D,B,MRSM/Picture25.png,"中文：Durbar让马来统治者与英国高级官员讨论联邦马来州行政事务，是统治者会议的早期基础。因此选B。（答案纸参考：F5第42页，未逐页核实。）
Bahasa Melayu: Durbar menjadi tempat Raja-raja Melayu dan pegawai British membincangkan hal pentadbiran Negeri-negeri Melayu Bersekutu. Maka B. Rujukan skema: Tingkatan 5, m.s. 42; halaman belum disahkan satu demi satu."
MRSM2023_Q26,radio,F5 Bab 3,A,B,C,D,B,MRSM/Picture26.png,"中文：个人自由须在法律范围内行使，避免破坏公共秩序或其他人的权利。因此基本自由并非绝对，选B。（答案纸参考：F5第51页，未逐页核实。）
Bahasa Melayu: Kebebasan asasi tertakluk pada undang-undang untuk menjaga ketenteraman awam dan hak orang lain. Maka B. Rujukan skema: Tingkatan 5, m.s. 51; halaman belum disahkan satu demi satu."
MRSM2023_Q27,radio,F5 Bab 4,A,B,C,D,D,MRSM/Picture27.png,"中文：联邦与州分工，让行政职责清晰并能合作发展，维护国家稳定及进步。因此III和IV正确，选D。（答案纸参考：F5第68-70页，未逐页核实。）
Bahasa Melayu: Pembahagian kuasa menjelaskan tanggungjawab dan membolehkan kerjasama demi kestabilan serta kemajuan negara. III dan IV tepat, maka D. Rujukan skema: Tingkatan 5, m.s. 68-70; halaman belum disahkan satu demi satu."
MRSM2023_Q28,radio,F5 Bab 4,A,B,C,D,A,MRSM/Picture28.png,"中文：全国财政、土地及地方政府理事会协调中央和州的政策及执行，减少冲突并让行政顺畅。因此选A。（答案纸参考：F5第81页，未逐页核实。）
Bahasa Melayu: Majlis tersebut menyelaraskan dasar dan pelaksanaan antara Kerajaan Persekutuan dengan negeri supaya pentadbiran lebih lancar. Maka A. Rujukan skema: Tingkatan 5, m.s. 81; halaman belum disahkan satu demi satu."
MRSM2023_Q29,radio,F5 Bab 5,A,B,C,D,B,MRSM/Picture29.png,"中文：Cobbold委员会调查沙巴及砂拉越人民对马来西亚计划的意见，并提出建议。因此核心任务是B。（答案纸参考：F5第100页，未逐页核实。）
Bahasa Melayu: Suruhanjaya Cobbold meninjau pendapat penduduk Sabah dan Sarawak tentang gagasan Malaysia serta membuat syor. Maka B. Rujukan skema: Tingkatan 5, m.s. 100; halaman belum disahkan satu demi satu."
MRSM2023_Q30,radio,F5 Bab 5,A,B,C,D,C,MRSM/Picture30.png,"中文：印尼领导层变化促成外交政策调整，两国在1966年结束对抗并恢复关系。因此结果为C。（答案纸参考：F5第109页，未逐页核实。）
Bahasa Melayu: Perubahan kepimpinan Indonesia membawa kepada perubahan dasar dan penamatan konfrontasi pada 1966. Maka C. Rujukan skema: Tingkatan 5, m.s. 109; halaman belum disahkan satu demi satu."
MRSM2023_Q31,radio,F5 Bab 6,A,B,C,D,D,MRSM/Picture31.png,"中文：派发传单、提供赦免及公开集会，目的是争取民心并劝共产党放下武器，属于心理战。因此X是D。（答案纸参考：F5第121页，未逐页核实。）
Bahasa Melayu: Risalah, pengampunan dan perhimpunan awam bertujuan memenangi hati rakyat serta mendorong penyerahan komunis. Langkah ini ialah perang saraf, maka D. Rujukan skema: Tingkatan 5, m.s. 121; halaman belum disahkan satu demi satu."
MRSM2023_Q32,radio,F5 Bab 6,A,B,C,D,A,MRSM/Picture32.png,"中文：增加其他商品的生产与出口，可减少经济过度依赖橡胶和锡矿的风险。因此选A。（答案纸参考：F5第127页，未逐页核实。）
Bahasa Melayu: Mempelbagaikan pengeluaran komoditi mengurangkan kebergantungan kepada getah dan bijih timah apabila harganya jatuh. Maka A. Rujukan skema: Tingkatan 5, m.s. 127; halaman belum disahkan satu demi satu."
MRSM2023_Q33,radio,F5 Bab 7,A,B,C,D,D,MRSM/Picture33.png,"中文：国家文化政策建立共同文化方向，保存国家特色及认同，同时促进团结。因此选D。（答案纸参考：F5第150页，未逐页核实。）
Bahasa Melayu: Dasar Kebudayaan Kebangsaan membina asas budaya bersama untuk mengekalkan identiti negara serta perpaduan. Maka D. Rujukan skema: Tingkatan 5, m.s. 150; halaman belum disahkan satu demi satu."
MRSM2023_Q34,radio,F5 Bab 7,A,B,C,D,C,MRSM/Picture34.png,"中文：Kesopanan dan Kesusilaan要求尊重他人、礼貌和良好品德，因此可通过践行高尚道德达成，选C。（答案纸参考：F5第159页，未逐页核实。）
Bahasa Melayu: Kesopanan dan Kesusilaan menuntut tingkah laku beradab, saling menghormati dan akhlak mulia. Maka C. Rujukan skema: Tingkatan 5, m.s. 159; halaman belum disahkan satu demi satu."
MRSM2023_Q35,radio,F5 Bab 8,A,B,C,D,B,MRSM/Picture35.png,"中文：城市工业发展创造就业与收入，改善城市贫困人口的生活水平。因此选B；开发农业土地主要对应乡村措施。（答案纸参考：F5第168页，未逐页核实。）
Bahasa Melayu: Pembangunan sektor perindustrian menyediakan pekerjaan dan pendapatan kepada penduduk bandar untuk mengurangkan kemiskinan. Maka B. Rujukan skema: Tingkatan 5, m.s. 168; halaman belum disahkan satu demi satu."
MRSM2023_Q36,radio,F5 Bab 8,A,B,C,D,C,MRSM/Picture36.png,"中文：家庭收入提升让更多家庭摆脱贫困，因此贫困率由49.3%降至17.1%再到7.2%。对应C。（答案纸参考：F5第180页，未逐页核实。）
Bahasa Melayu: Peningkatan pendapatan isi rumah membolehkan lebih ramai keluarga keluar daripada kemiskinan, sejajar dengan penurunan kadar 49.3%, 17.1% dan 7.2%. Maka C. Rujukan skema: Tingkatan 5, m.s. 180; halaman belum disahkan satu demi satu."
MRSM2023_Q37,radio,F5 Bab 9,A,B,C,D,A,MRSM/Picture37.png,"中文：科伦坡计划通过技术、培训及发展援助帮助成员提升经济能力，解决贫困。因此选A。（答案纸参考：F5第206页，未逐页核实。）
Bahasa Melayu: Rancangan Colombo menyediakan bantuan teknikal dan latihan untuk meningkatkan pembangunan serta menangani kemiskinan. Maka A. Rujukan skema: Tingkatan 5, m.s. 206; halaman belum disahkan satu demi satu."
MRSM2023_Q38,radio,F5 Bab 9,A,B,C,D,B,MRSM/Picture38.png,"中文：FPDA让成员通过防卫合作、联合训练及技术协助改善国防能力。因此B所指为防卫相关技术援助。（答案纸参考：F5第209页，未逐页核实。）
Bahasa Melayu: FPDA menyediakan kerjasama pertahanan, latihan bersama dan bantuan teknikal untuk meningkatkan keupayaan pertahanan. Dalam konteks ini, B tepat. Rujukan skema: Tingkatan 5, m.s. 209; halaman belum disahkan satu demi satu."
MRSM2023_Q39,radio,F5 Bab 10,A,B,C,D,A,MRSM/Picture39.png,"中文：这些岛屿主权争议提交国际法院，根据法律判决解决，而不是由ASEAN直接裁定。因此选A。（答案纸参考：F5第227页，未逐页核实。）
Bahasa Melayu: Pertikaian pulau tersebut diselesaikan melalui tuntutan dan keputusan Mahkamah Keadilan Antarabangsa. Maka A. Rujukan skema: Tingkatan 5, m.s. 227; halaman belum disahkan satu demi satu."
MRSM2023_Q40,radio,F5 Bab 10,A,B,C,D,D,MRSM/Picture40.png,"中文：马来西亚社会通过募款向巴勒斯坦人民提供人道援助，帮助受害者获得物资及生活支持。因此选D。（答案纸参考：F5第234页，未逐页核实。）
Bahasa Melayu: Masyarakat Malaysia mengutip sumbangan kewangan untuk bantuan kemanusiaan kepada rakyat Palestin yang terjejas. Maka D. Rujukan skema: Tingkatan 5, m.s. 234; halaman belum disahkan satu demi satu."
Johor Segamat2023_Q1,radio,F4 Bab 1,A,B,C,D,B,Johor Segamat/Picture1.png,"中文：马六甲苏丹国的国家民族特征包括 kerajaan（政府）、rakyat、kedaulatan、wilayah pengaruh、undang-undang 和 lambang kebesaran，因此选 B。（答案纸参考：F4，第6页。）
Bahasa Melayu: Ciri negara bangsa Kesultanan Melayu Melaka termasuk kerajaan, rakyat, kedaulatan, wilayah pengaruh, undang-undang dan lambang kebesaran. Oleh itu, B dipilih. (Rujukan skema: T4, ms. 6.)"
Johor Segamat2023_Q2,radio,F4 Bab 1,A,B,C,D,A,Johor Segamat/Picture2.png,"中文：Bendahara 是首席行政官和军队统帅，也担任苏丹顾问，因此 X 是 Penasihat sultan。（答案纸参考：F4，第9页。）
Bahasa Melayu: Bendahara merupakan ketua pentadbir, ketua turus angkatan tentera dan penasihat sultan. Maka, X ialah Penasihat sultan. (Rujukan skema: T4, ms. 9.)"
Johor Segamat2023_Q3,radio,F4 Bab 2,A,B,C,D,D,Johor Segamat/Picture3.png,"中文：1688年光荣革命限制君主的绝对权力，加强议会地位，巩固英国的君主立宪制。（答案纸参考：F4，第24页。）
Bahasa Melayu: Revolusi Keagungan 1688 mengehadkan kuasa mutlak raja, mengukuhkan parlimen dan memantapkan sistem raja berperlembagaan di England. (Rujukan skema: T4, ms. 24.)"
Johor Segamat2023_Q4,radio,F4 Bab 2,A,B,C,D,C,Johor Segamat/Picture4.png,"中文：MCKK 出身的知识分子通过行政和组织活动，争取改善马来人的生活水平，而非此阶段直接要求独立。（答案纸参考：F4，第37页。）
Bahasa Melayu: Golongan intelektual lepasan MCKK memperjuangkan pembaikan taraf hidup orang Melayu melalui pentadbiran dan pertubuhan, bukan terus menuntut kemerdekaan pada tahap tersebut. (Rujukan skema: T4, ms. 37.)"
Johor Segamat2023_Q5,radio,F4 Bab 3,A,B,C,D,A,Johor Segamat/Picture5.png,"中文：Versailles 条约使德国失去殖民地并须支付高额战争赔款，即 I、II，激起不满和复仇情绪，促成第二次世界大战。（答案纸参考：F4，第58页。）
Bahasa Melayu: Perjanjian Versailles menyebabkan Jerman kehilangan tanah jajahan dan membayar pampasan perang yang tinggi, iaitu I dan II. Ketidakpuasan serta keinginan membalas dendam menyumbang kepada Perang Dunia Kedua. (Rujukan skema: T4, ms. 58.)"
Johor Segamat2023_Q6,radio,F4 Bab 3,A,B,C,D,A,Johor Segamat/Picture6.png,"中文：Sybil Kathigasu 与丈夫给抗日游击队提供药物，并通过英国广播分享消息，即 I、II。（答案纸参考：F4，第78页。）
Bahasa Melayu: Sybil Kathigasu bersama suaminya memberikan ubat-ubatan kepada gerila anti-Jepun dan berkongsi maklumat siaran radio British, iaitu I dan II. (Rujukan skema: T4, ms. 78.)"
Johor Segamat2023_Q7,radio,F4 Bab 4,A,B,C,D,C,Johor Segamat/Picture7.png,"中文：Malayan Union 由英国总督领导，新加坡另设行政单位，即 II、III；其公民权采用 jus soli，而非 rakyat Raja。（答案纸参考：F4，第97页。）
Bahasa Melayu: Malayan Union diketuai Gabenor British dan Singapura menjadi unit pentadbiran berasingan, iaitu II dan III. Kewarganegaraan berasaskan jus soli, bukannya rakyat Raja. (Rujukan skema: T4, ms. 97.)"
Johor Segamat2023_Q8,radio,F4 Bab 4,A,B,C,D,D,Johor Segamat/Picture8.png,"中文：英国以升职和调走领袖的方式分散组织领导，目的是削弱及瘫痪沙巴的民族主义运动。（答案纸参考：F4，第116页。）
Bahasa Melayu: British menawarkan kenaikan pangkat dan memindahkan pemimpin untuk memecahkan kepimpinan serta melumpuhkan gerakan nasionalisme di Sabah. (Rujukan skema: T4, ms. 116.)"
Johor Segamat2023_Q9,radio,F4 Bab 5,A,B,C,D,C,Johor Segamat/Picture9.png,"中文：1946年工作委员会负责讨论新联邦协议的基础，协调英国、统治者和 UMNO 的建议，以取代 Malayan Union。（答案纸参考：F4，第126页。）
Bahasa Melayu: Jawatankuasa Kerja 1946 membincangkan asas Perjanjian Persekutuan Tanah Melayu dengan menyelaraskan cadangan British, Raja-raja Melayu dan UMNO untuk menggantikan Malayan Union. (Rujukan skema: T4, ms. 126.)"
Johor Segamat2023_Q10,radio,F4 Bab 5,A,B,C,D,A,Johor Segamat/Picture10.png,"中文：1948年联邦恢复马来统治者的权力和地位，纠正 Malayan Union 削弱王权的安排。（答案纸参考：F4，第136页。）
Bahasa Melayu: Persekutuan Tanah Melayu 1948 mengembalikan kuasa dan kedudukan Raja-raja Melayu yang terjejas di bawah Malayan Union. (Rujukan skema: T4, ms. 136.)"
Johor Segamat2023_Q11,radio,F4 Bab 6,A,B,C,D,C,Johor Segamat/Picture11.png,"中文：1948年6月16日双溪 siput 的三名欧洲胶园经理被杀，促使英国颁布紧急法令以对付共产党威胁。（答案纸参考：F4，第148页。）
Bahasa Melayu: Pembunuhan tiga pengurus ladang Eropah di Sungai Siput pada 16 Jun 1948 membawa kepada pengisytiharan Undang-Undang Darurat untuk menangani ancaman komunis. (Rujukan skema: T4, ms. 148.)"
Johor Segamat2023_Q12,radio,F4 Bab 6,A,B,C,D,B,Johor Segamat/Picture12.png,"中文：Briggs 通过新村安置切断共产党与民众的物资和情报联系，削弱共产党的势力。（答案纸参考：F4，第157页。）
Bahasa Melayu: Briggs menempatkan semula penduduk di Kampung Baru untuk memutuskan bekalan serta maklumat kepada komunis dan melemahkan pengaruh mereka. (Rujukan skema: T4, ms. 157.)"
Johor Segamat2023_Q13,radio,F4 Bab 7,A,B,C,D,C,Johor Segamat/Picture13.png,"中文：Dato’ Onn Jaafar 在1951年 Sistem Ahli 中担任 Ahli Hal Ehwal Dalam Negeri，负责内政事务。（答案纸参考：F4，第178页。）
Bahasa Melayu: Dato’ Onn Jaafar memegang portfolio Ahli Hal Ehwal Dalam Negeri dalam Sistem Ahli 1951 untuk mengendalikan urusan dalam negeri. (Rujukan skema: T4, ms. 178.)"
Johor Segamat2023_Q14,radio,F4 Bab 7,A,B,C,D,B,Johor Segamat/Picture14.png,"中文：Razak 报告通过统一课程和各族共同的学校制度，即 I、IV，增加共同学习经验并促进团结。（答案纸参考：F4，第183页。）
Bahasa Melayu: Penyata Razak mengesyorkan kurikulum seragam dan sistem persekolahan yang sama bagi semua bangsa, iaitu I dan IV, untuk membina pengalaman bersama serta perpaduan. (Rujukan skema: T4, ms. 183.)"
Johor Segamat2023_Q15,radio,F4 Bab 8,A,B,C,D,D,Johor Segamat/Picture15.png,"中文：投票给予人民选择领袖和代表的权利，是民主政府由人民授权的重要过程。（答案纸参考：F4，第201页。）
Bahasa Melayu: Mengundi memberikan rakyat hak memilih pemimpin serta wakil, iaitu proses penting pemberian mandat dalam pemerintahan demokrasi. (Rujukan skema: T4, ms. 201.)"
Johor Segamat2023_Q16,radio,F4 Bab 8,A,B,C,D,B,Johor Segamat/Picture16.png,"中文：1955年大选后，Tunku 获得人民授权推进独立谈判，因此其重要使命是实现国家独立。（答案纸参考：F4，第207页。）
Bahasa Melayu: Selepas pilihan raya 1955, Tunku memperoleh mandat rakyat untuk mengusahakan rundingan dan mencapai kemerdekaan negara. (Rujukan skema: T4, ms. 207.)"
Johor Segamat2023_Q17,radio,F4 Bab 9,A,B,C,D,A,Johor Segamat/Picture17.png,"中文：Reid 委员会的职权包括建立强大的中央政府和保护马来统治者地位，即 I、II；公民权应形成共同身份而非多种国籍。（答案纸参考：F4，第220页。）
Bahasa Melayu: Terma rujukan Suruhanjaya Reid termasuk membentuk kerajaan pusat yang kuat dan melindungi kedudukan Raja-raja Melayu, iaitu I dan II, bukannya mewujudkan pelbagai kewarganegaraan. (Rujukan skema: T4, ms. 220.)"
Johor Segamat2023_Q18,radio,F4 Bab 9,A,B,C,D,C,Johor Segamat/Picture18.png,"中文：1957年协议对公民权、马来语和伊斯兰的安排反映各方协商及互相包容，以建立共同接受的国家基础。（答案纸参考：F4，第225页。）
Bahasa Melayu: Persetujuan tentang kewarganegaraan, bahasa Melayu dan agama Islam dalam perjanjian 1957 mencerminkan permuafakatan serta tolak ansur antara pihak. (Rujukan skema: T4, ms. 225.)"
Johor Segamat2023_Q19,radio,F4 Bab 10,A,B,C,D,B,Johor Segamat/Picture19.png,"中文：Jawatankuasa Persediaan Fizikal 负责国旗、国歌等国家身份及物质准备，配合独立国家的形象。（答案纸参考：F4，第236页。）
Bahasa Melayu: Jawatankuasa Persediaan Fizikal menyediakan identiti negara seperti bendera dan lagu kebangsaan serta keperluan fizikal bagi negara merdeka. (Rujukan skema: T4, ms. 236.)"
Johor Segamat2023_Q20,radio,F4 Bab 10,A,B,C,D,C,Johor Segamat/Picture20.png,"中文：降下 Union Jack 并升起联邦国旗象征英国统治结束，国家取得自主权。（答案纸参考：F4，第238页。）
Bahasa Melayu: Penurunan Union Jack dan penaikan bendera Persekutuan Tanah Melayu melambangkan berakhirnya pentadbiran British serta kebebasan negara. (Rujukan skema: T4, ms. 238.)"
Johor Segamat2023_Q21,radio,F5 Bab 1,A,B,C,D,D,Johor Segamat/Picture21.png,"中文：主权让国家自行制定及执行政策，使行政能够有效运作，无须受外来权力支配。（答案纸参考：F5，第10页。）
Bahasa Melayu: Kedaulatan membolehkan negara menggubal dan melaksanakan dasar sendiri, sekali gus mewujudkan keberkesanan pentadbiran tanpa penguasaan asing. (Rujukan skema: T5, ms. 10.)"
Johor Segamat2023_Q22,radio,F5 Bab 1,A,B,C,D,A,Johor Segamat/Picture22.png,"中文：公平分配财富和建立高效行政，即 I、II，能减少不满并推动经济繁荣，从而维护政治稳定和主权。（答案纸参考：F5，第12页。）
Bahasa Melayu: Pengagihan kekayaan secara adil dan pentadbiran cekap, iaitu I dan II, mengurangkan ketidakpuasan serta memajukan ekonomi untuk memelihara kestabilan dan kedaulatan. (Rujukan skema: T5, ms. 12.)"
Johor Segamat2023_Q23,radio,F5 Bab 2,A,B,C,D,A,Johor Segamat/Picture23.png,"中文：1877年霹雳州议会首次开会，是制定现代国家法律的发展过程之一，而非成立统治者会议。（答案纸参考：F5，第25页。）
Bahasa Melayu: Mesyuarat pertama Majlis Negeri Perak pada 1877 merupakan perkembangan pembentukan undang-undang negara, bukannya pembentukan Majlis Raja-Raja. (Rujukan skema: T5, ms. 25.)"
Johor Segamat2023_Q24,radio,F5 Bab 2,A,B,C,D,D,Johor Segamat/Picture24.png,"中文：新加坡于1965年退出马来西亚，联邦宪法须作1965年修订，删除与新加坡有关的规定。（答案纸参考：F5，第30页。）
Bahasa Melayu: Pemisahan Singapura pada 1965 memerlukan pindaan Perlembagaan 1965 untuk memansuhkan peruntukan berkaitan Singapura. (Rujukan skema: T5, ms. 30.)"
Johor Segamat2023_Q25,radio,F5 Bab 3,A,B,C,D,D,Johor Segamat/Picture25.png,"中文：1957年宪法设立 Yang di-Pertuan Agong 职位，把传统君主制度配合联邦君主立宪和民主制度。（答案纸参考：F5，第41页。）
Bahasa Melayu: Perlembagaan 1957 mewujudkan jawatan Yang di-Pertuan Agong bagi menyesuaikan institusi beraja dengan sistem persekutuan, raja berperlembagaan dan demokrasi. (Rujukan skema: T5, ms. 41.)"
Johor Segamat2023_Q26,radio,F5 Bab 3,A,B,C,D,A,Johor Segamat/Picture26.png,"中文：司法机关解释法律和宪法，并裁决立法机关与行政机关的法律冲突，维持权力制衡。（答案纸参考：F5，第55页。）
Bahasa Melayu: Badan Kehakiman mentafsir undang-undang serta perlembagaan dan menyelesaikan pertikaian antara Badan Perundangan dengan Eksekutif sebagai mekanisme semak dan imbang. (Rujukan skema: T5, ms. 55.)"
Johor Segamat2023_Q27,radio,F5 Bab 4,A,B,C,D,B,Johor Segamat/Picture27.png,"中文：联邦和州的权力划分明确各自职责，减少重叠并使国家行政更顺畅；本题图指联邦制的权限分配。（答案纸参考：F5，第68页。）
Bahasa Melayu: Pembahagian kuasa Persekutuan dan Negeri menjelaskan bidang tanggungjawab, mengurangkan pertindihan serta melancarkan pentadbiran. Rajah merujuk pembahagian kuasa dalam sistem persekutuan. (Rujukan skema: T5, ms. 68.)"
Johor Segamat2023_Q28,radio,F5 Bab 4,A,B,C,D,D,Johor Segamat/Picture28.png,"中文：州政府在区域走廊发展中提供土地，而中央政府主要提供资金和专业协助。（答案纸参考：F5，第73页。）
Bahasa Melayu: Kerajaan Negeri menyediakan tanah bagi pembangunan koridor wilayah, manakala Kerajaan Persekutuan menyediakan bantuan kewangan serta kepakaran. (Rujukan skema: T5, ms. 73.)"
Johor Segamat2023_Q29,radio,F5 Bab 5,A,B,C,D,B,Johor Segamat/Picture29.png,"中文：Parti Perikatan Sarawak 联合支持马来西亚成立的政党，加强共同立场及政治合作。（答案纸参考：F5，第95页。）
Bahasa Melayu: Parti Perikatan Sarawak menyatukan parti yang menyokong pembentukan Malaysia untuk mengukuhkan pendirian bersama dan kerjasama politik. (Rujukan skema: T5, ms. 95.)"
Johor Segamat2023_Q30,radio,F5 Bab 5,A,B,C,D,C,Johor Segamat/Picture30.png,"中文：1963年9月16日，Yang di-Pertuan Agong 在 Merdeka 体育场宣读马来西亚成立宣告。（答案纸参考：F5，第104页。）
Bahasa Melayu: Pada 16 September 1963, Yang di-Pertuan Agong membacakan Pengisytiharan Malaysia di Stadium Merdeka. (Rujukan skema: T5, ms. 104.)"
Johor Segamat2023_Q31,radio,F5 Bab 6,A,B,C,D,B,Johor Segamat/Picture31.png,"中文：Hammer、Ngayau 和 Sri Aman 行动都针对砂拉越的共产党威胁，以恢复安全并削弱其网络。（答案纸参考：F5，第123页。）
Bahasa Melayu: Operasi Hammer, Ngayau dan Sri Aman dilaksanakan untuk membanteras ancaman komunis di Sarawak serta memulihkan keselamatan. (Rujukan skema: T5, ms. 123.)"
Johor Segamat2023_Q32,radio,F5 Bab 6,A,B,C,D,D,Johor Segamat/Picture32.png,"中文：政府开拓橡胶和锡的新市场，并多元化商品生产，即 III、IV，以降低过度依赖两种出口商品的风险。（答案纸参考：F5，第127页。）
Bahasa Melayu: Kerajaan mencari pasaran baharu bagi getah dan bijih timah serta mempelbagaikan pengeluaran komoditi, iaitu III dan IV, untuk mengurangkan kebergantungan pada dua eksport tersebut. (Rujukan skema: T5, ms. 127.)"
Johor Segamat2023_Q33,radio,F5 Bab 7,A,B,C,D,A,Johor Segamat/Picture33.png,"中文：各学校教授国语能建立共同沟通语言和国家认同，培养爱国精神，同时维持其他语言的学习机会。（答案纸参考：F5，第147页。）
Bahasa Melayu: Pengajaran bahasa kebangsaan di semua institusi membina bahasa perhubungan dan identiti bersama untuk memupuk semangat cinta akan negara tanpa menghapuskan pembelajaran bahasa lain. (Rujukan skema: T5, ms. 147.)"
Johor Segamat2023_Q34,radio,F5 Bab 7,A,B,C,D,B,Johor Segamat/Picture34.png,"中文：实践 Rukun Negara 有助培养国家和谐及提高人民福祉，即 I、IV，而非加强地方主义。（答案纸参考：F5，第157-159页。）
Bahasa Melayu: Penghayatan Rukun Negara memupuk keharmonian negara dan meningkatkan kesejahteraan rakyat, iaitu I dan IV, bukannya memperkasa semangat kenegerian. (Rujukan skema: T5, ms. 157-159.)"
Johor Segamat2023_Q35,radio,F5 Bab 8,A,B,C,D,B,Johor Segamat/Picture35.png,"中文：Buku Hijau 计划鼓励种植、畜牧及增加食物供应，以提高农产品数量和人民收入。（答案纸参考：F5，第169页。）
Bahasa Melayu: Rancangan Buku Hijau menggalakkan penanaman serta penternakan untuk menambahkan hasil pertanian, bekalan makanan dan pendapatan rakyat. (Rujukan skema: T5, ms. 169.)"
Johor Segamat2023_Q36,radio,F5 Bab 8,A,B,C,D,C,Johor Segamat/Picture36.png,"中文：GIATMARA 给青年提供职业和技术训练，为各行业培养拥有实际技能的劳动者。（答案纸参考：F5，第176页。）
Bahasa Melayu: GIATMARA memberikan latihan vokasional serta teknikal kepada belia untuk menyediakan pekerja dalam bidang kemahiran. (Rujukan skema: T5, ms. 176.)"
Johor Segamat2023_Q37,radio,F5 Bab 9,A,B,C,D,D,Johor Segamat/Picture37.png,"中文：外交政策指引国家与其他国家的关系，并保护马来西亚在海外的国家利益。（答案纸参考：F5，第196页。）
Bahasa Melayu: Dasar luar menentukan hubungan dengan negara lain serta melindungi kepentingan nasional Malaysia di luar negara. (Rujukan skema: T5, ms. 196.)"
Johor Segamat2023_Q38,radio,F5 Bab 9,A,B,C,D,C,Johor Segamat/Picture38.png,"中文：Apartheid 按肤色实行歧视，违反平等及人权，因此马来西亚坚决反对。（答案纸参考：F5，第207页。）
Bahasa Melayu: Dasar Aparteid mengamalkan diskriminasi berdasarkan warna kulit dan menyalahi hak asasi manusia, maka Malaysia menentangnya dengan tegas. (Rujukan skema: T5, ms. 207.)"
Johor Segamat2023_Q39,radio,F5 Bab 9,A,B,C,D,D,Johor Segamat/Picture39.png,"中文：OIC 联合伊斯兰国家，维护穆斯林社会的利益、合作及福利，这是其核心目标。（答案纸参考：F5，第214页。）
Bahasa Melayu: OIC menyatukan negara Islam untuk menjaga kepentingan, kerjasama dan kebajikan masyarakat Islam sebagai matlamat utamanya. (Rujukan skema: T5, ms. 214.)"
Johor Segamat2023_Q40,radio,F5 Bab 10,A,B,C,D,A,Johor Segamat/Picture40.png,"中文：Cinta Gaza Malaysia 和 Muslim Care Malaysia 为巴勒斯坦人民提供物资、医疗及其他人道援助。（答案纸参考：F5，第234页。）
Bahasa Melayu: Cinta Gaza Malaysia dan Muslim Care Malaysia memberikan bekalan, bantuan perubatan serta bantuan kemanusiaan lain kepada warga Palestin. (Rujukan skema: T5, ms. 234.)"
Terengganu2023_Q1,radio,F4 Bab 1,A,B,C,D,C,Terengganu/Picture1.png,"中文：饮用流过Telaga Batu碑铭的水，是效忠仪式的一部分，表示人民忠于室利佛逝统治者。因此选C。（答案纸参考：F4第4页，未逐页核实。）
Bahasa Melayu: Meminum air tadahan inskripsi merupakan upacara persetiaan rakyat kepada pemerintah Srivijaya. Tujuannya menunjukkan kesetiaan, maka C. Rujukan skema: Tingkatan 4, m.s. 4; halaman belum disahkan satu demi satu."
Terengganu2023_Q2,radio,F4 Bab 1,A,B,C,D,C,Terengganu/Picture2.png,"中文：Laksamana负责海上安全及舰队，保护航行商人，使马六甲贸易可以顺利进行。因此选C。（答案纸参考：F4第9页，未逐页核实。）
Bahasa Melayu: Laksamana menjaga keselamatan laut dan pedagang untuk memastikan perdagangan Melaka berjalan lancar. Maka C. Rujukan skema: Tingkatan 4, m.s. 9; halaman belum disahkan satu demi satu."
Terengganu2023_Q3,radio,F4 Bab 2,A,B,C,D,B,Terengganu/Picture3.png,"中文：课本说英国影响威胁佛教地位，促使受西方教育的缅甸中产阶级推动民族主义。因此答案B指英国对佛教的威胁，并非民族主义者自己要破坏佛教。（答案纸参考：F4第29页，未逐页核实。）
Bahasa Melayu: Pengaruh British mengancam kedudukan agama Buddha lalu mendorong golongan kelas pertengahan berpendidikan Barat menggerakkan nasionalisme. B merujuk ancaman British terhadap Buddha, bukan hasrat nasionalis menggugat agama itu. Rujukan skema: Tingkatan 4, m.s. 29; halaman belum disahkan satu demi satu."
Terengganu2023_Q4,radio,F4 Bab 2,A,B,C,D,A,Terengganu/Picture4.png,"中文：这些短篇小说通过社会故事揭露民族处境，维护本地人民权益并唤醒意识。因此共同主题为A。（答案纸参考：F4第39页，未逐页核实。）
Bahasa Melayu: Cerpen tersebut membangkitkan kesedaran tentang nasib masyarakat tempatan dan membela bangsa. Maka A. Rujukan skema: Tingkatan 4, m.s. 39; halaman belum disahkan satu demi satu."
Terengganu2023_Q5,radio,F4 Bab 3,A,B,C,D,B,Terengganu/Picture5.png,"中文：凡尔赛条约限制德国军队规模，并要求德国交出殖民地。I和IV正确，选B。（答案纸参考：F4第56页，未逐页核实。）
Bahasa Melayu: Perjanjian Versailles mengehadkan saiz tentera Jerman dan mewajibkan penyerahan tanah jajahannya. I dan IV tepat, maka B. Rujukan skema: Tingkatan 4, m.s. 56; halaman belum disahkan satu demi satu."
Terengganu2023_Q6,radio,F4 Bab 3,A,B,C,D,A,Terengganu/Picture6.png,"中文：Albert Kwok领导1943年Jesselton起义反抗日本统治，是沙巴抗日行动的重要人物。因此选A。（答案纸参考：F4第79页，未逐页核实。）
Bahasa Melayu: Albert Kwok memimpin Pemberontakan Jesselton pada 1943 untuk menentang Jepun. Maka A. Rujukan skema: Tingkatan 4, m.s. 79; halaman belum disahkan satu demi satu."
Terengganu2023_Q7,radio,F4 Bab 4,A,B,C,D,D,Terengganu/Picture7.png,"中文：BMA未能有效控制通胀及战后疾病，使经济与生活仍困难。III和IV正确，选D。（答案纸参考：F4第94页，未逐页核实。）
Bahasa Melayu: BMA gagal membendung peningkatan inflasi dan mengawal wabak penyakit selepas perang. III dan IV tepat, maka D. Rujukan skema: Tingkatan 4, m.s. 94; halaman belum disahkan satu demi satu."
Terengganu2023_Q8,radio,F4 Bab 4,A,B,C,D,D,Terengganu/Picture8.png,"中文：Malayan Union宪制规定公民权条件，包括较宽松的jus soli，成为主要争议。因此选D。（答案纸参考：F4第96页，未逐页核实。）
Bahasa Melayu: Perlembagaan Malayan Union menetapkan syarat kewarganegaraan termasuk prinsip jus soli yang longgar. Maka D. Rujukan skema: Tingkatan 4, m.s. 96; halaman belum disahkan satu demi satu."
Terengganu2023_Q9,radio,F4 Bab 5,A,B,C,D,A,Terengganu/Picture9.png,"中文：激进民族主义者及PUTERA-AMCJA的意见未被纳入，并认为工作委员会程序不民主，故提出人民宪法。I和II正确，选A。（答案纸参考：F4第128页，未逐页核实。）
Bahasa Melayu: Pandangan golongan radikal dan PUTERA-AMCJA diketepikan serta proses dianggap tidak demokratik. I dan II tepat, maka A. Rujukan skema: Tingkatan 4, m.s. 128; halaman belum disahkan satu demi satu."
Terengganu2023_Q10,radio,F4 Bab 5,A,B,C,D,C,Terengganu/Picture10.png,"中文：1948年协议成立联合邦，并建立统治者会议，恢复君主制度的重要地位。因此II和III正确，选C。（答案纸参考：F4第134页，未逐页核实。）
Bahasa Melayu: Perjanjian 1948 membentuk sebuah Persekutuan dan Majlis Raja-Raja. II dan III tepat, maka C. Rujukan skema: Tingkatan 4, m.s. 134; halaman belum disahkan satu demi satu."
Terengganu2023_Q11,radio,F4 Bab 6,A,B,C,D,C,Terengganu/Picture11.png,"中文：1948年加尔各答会议促使亚洲共产党强化武装斗争，PKM随后采取武装行动夺取政权。因此选C。（答案纸参考：F4第148页，未逐页核实。）
Bahasa Melayu: Persidangan Calcutta mendorong gerakan komunis melancarkan perjuangan bersenjata, termasuk PKM. Maka C. Rujukan skema: Tingkatan 4, m.s. 148; halaman belum disahkan satu demi satu."
Terengganu2023_Q12,radio,F4 Bab 6,A,B,C,D,B,Terengganu/Picture12.png,"中文：1948年欧洲种植园经理遭共产党杀害，促使英国实施紧急法，应对暴力威胁。因此选B。（答案纸参考：F4第148页，未逐页核实。）
Bahasa Melayu: Pembunuhan pengurus ladang Eropah pada 1948 mendorong British mengisytiharkan Undang-Undang Darurat. Maka B. Rujukan skema: Tingkatan 4, m.s. 148; halaman belum disahkan satu demi satu."
Terengganu2023_Q13,radio,F4 Bab 7,A,B,C,D,B,Terengganu/Picture13.png,"中文：CLC建议先举行地方、州及联邦层面的选举，让居民逐步取得自治经验。因此X是B。（答案纸参考：F4第176页，未逐页核实。）
Bahasa Melayu: CLC mencadangkan pilihan raya secara berperingkat di peringkat tempatan, negeri dan Persekutuan sebagai persediaan berkerajaan sendiri. Maka B. Rujukan skema: Tingkatan 4, m.s. 176; halaman belum disahkan satu demi satu."
Terengganu2023_Q14,radio,F4 Bab 7,A,B,C,D,D,Terengganu/Picture14.png,"中文：Sistem Ahli让当地领袖负责行政部门，接受治理训练，为非殖民化和自治作准备。因此选D。（答案纸参考：F4第178页，未逐页核实。）
Bahasa Melayu: Sistem Ahli melatih pemimpin tempatan dalam pentadbiran sebagai persediaan dekolonisasi dan pemerintahan sendiri. Maka D. Rujukan skema: Tingkatan 4, m.s. 178; halaman belum disahkan satu demi satu."
Terengganu2023_Q15,radio,F4 Bab 8,A,B,C,D,A,Terengganu/Picture15.png,"中文：选举使人民选择代表及有民意基础的领导层，进而形成政府。因此最直接的重要性为A。（答案纸参考：F4第203页，未逐页核实。）
Bahasa Melayu: Pilihan raya membolehkan rakyat memilih wakil dan membentuk kerajaan yang mendapat mandat mereka. Maka A. Rujukan skema: Tingkatan 4, m.s. 203; halaman belum disahkan satu demi satu."
Terengganu2023_Q16,radio,F4 Bab 8,A,B,C,D,D,Terengganu/Picture16.png,"中文：第一届内阁逐步接掌治理职责并减少英国行政控制，让当地领袖为独立负责。因此选D。（答案纸参考：F4第206页，未逐页核实。）
Bahasa Melayu: Kabinet pertama mengambil tanggungjawab pentadbiran dan mengurangkan kuasa British sebagai persediaan kemerdekaan. Maka D. Rujukan skema: Tingkatan 4, m.s. 206; halaman belum disahkan satu demi satu."
Terengganu2023_Q17,radio,F4 Bab 9,A,B,C,D,D,Terengganu/Picture17.png,"中文：Reid委员会须建立强而有效的联邦政府，并收集不同群体的意见书。因此III和IV正确，选D。（答案纸参考：F4第220页，未逐页核实。）
Bahasa Melayu: Suruhanjaya Reid merangka sistem Persekutuan yang kuat dan menerima pandangan pelbagai pihak melalui memorandum. III dan IV tepat, maka D. Rujukan skema: Tingkatan 4, m.s. 220; halaman belum disahkan satu demi satu."
Terengganu2023_Q18,radio,F4 Bab 9,A,B,C,D,A,Terengganu/Picture18.png,"中文：这些政党认为过于宽松的公民权会削弱马来人的地位，故反对有关草案。因此选A。（答案纸参考：F4第223页，未逐页核实。）
Bahasa Melayu: Parti tersebut membantah syarat kewarganegaraan yang longgar kerana menganggapnya menggugat kedudukan orang Melayu. Maka A. Rujukan skema: Tingkatan 4, m.s. 223; halaman belum disahkan satu demi satu."
Terengganu2023_Q19,radio,F4 Bab 9,A,B,C,D,A,Terengganu/Picture19.png,"中文：伊斯兰为联邦宗教，同时其他宗教能和平实践，体现对不同信仰的包容与谅解。因此选A。（答案纸参考：F4第225页，未逐页核实。）
Bahasa Melayu: Islam ialah agama Persekutuan, sementara agama lain boleh diamalkan dengan aman. Peruntukan ini menunjukkan tolak ansur, maka A. Rujukan skema: Tingkatan 4, m.s. 225; halaman belum disahkan satu demi satu."
Terengganu2023_Q20,radio,F4 Bab 10,A,B,C,D,D,Terengganu/Picture20.png,"中文：独立初期国家通过外交联系、加入国际组织及与其他国家合作，处理国际事务并维护利益。因此选D。（答案纸参考：F4第243页，未逐页核实。）
Bahasa Melayu: Pada awal kemerdekaan, kerajaan memperkukuh hubungan luar melalui kerjasama dan penyertaan pertubuhan antarabangsa. Maka D. Rujukan skema: Tingkatan 4, m.s. 243; halaman belum disahkan satu demi satu."
Terengganu2023_Q21,radio,F5 Bab 1,A,B,C,D,D,Terengganu/Picture21.png,"中文：尊重国徽表达对国家身份与主权的认同，并培养人民爱国精神。因此选D。（答案纸参考：F5第11页，未逐页核实。）
Bahasa Melayu: Penghormatan kepada Jata Negara mengukuhkan identiti serta rasa cinta akan negara. Maka D. Rujukan skema: Tingkatan 5, m.s. 11; halaman belum disahkan satu demi satu."
Terengganu2023_Q22,radio,F5 Bab 1,A,B,C,D,C,Terengganu/Picture22.png,"中文：人民珍视习俗及国家遗产，有助保存共同身份并维护国家主权；制定政策主要由政府负责。因此选C。（答案纸参考：F5第14页，未逐页核实。）
Bahasa Melayu: Rakyat menyanjungi adat dan warisan untuk memelihara identiti serta kedaulatan negara. Penggubalan dasar ialah tugas pemerintah, maka C. Rujukan skema: Tingkatan 5, m.s. 14; halaman belum disahkan satu demi satu."
Terengganu2023_Q23,radio,F5 Bab 2,A,B,C,D,C,Terengganu/Picture23.png,"中文：Charter of Justice通过法院和法律安排保护当地居民，减少不公平与压迫。因此选C。（答案纸参考：F5第24页，未逐页核实。）
Bahasa Melayu: Charter of Justice menyediakan perlindungan undang-undang kepada penduduk daripada ketidakadilan dan penindasan. Maka C. Rujukan skema: Tingkatan 5, m.s. 24; halaman belum disahkan satu demi satu."
Terengganu2023_Q24,radio,F5 Bab 2,A,B,C,D,A,Terengganu/Picture24.png,"中文：1965年新加坡分离后，宪法中涉及新加坡的移民、财政等条文被取消。因此I和II正确，选A；高等法院及州元首变化属于1963年。（答案纸参考：F5第30页，未逐页核实。）
Bahasa Melayu: Pindaan 1965 memansuhkan perkara berkaitan Singapura, termasuk imigresen dan kewangan, selepas pemisahannya. I dan II tepat, maka A; struktur mahkamah serta Yang di-Pertua Negeri berkaitan 1963. Rujukan skema: Tingkatan 5, m.s. 30; halaman belum disahkan satu demi satu."
Terengganu2023_Q25,radio,F5 Bab 3,A,B,C,D,A,Terengganu/Picture25.png,"中文：州边界改变须经过宪政程序，并得到统治者会议同意，维护州及统治者利益。因此选A。（答案纸参考：F5第44页，未逐页核实。）
Bahasa Melayu: Perubahan sempadan negeri memerlukan persetujuan Majlis Raja-Raja mengikut perlembagaan. Maka A. Rujukan skema: Tingkatan 5, m.s. 44; halaman belum disahkan satu demi satu."
Terengganu2023_Q26,radio,F5 Bab 3,A,B,C,D,C,Terengganu/Picture26.png,"中文：立法、行政及司法分开承担职责，并相互制衡，防止权力滥用，建立公平治理。因此选C。（答案纸参考：F5第55页，未逐页核实。）
Bahasa Melayu: Pengasingan kuasa dan semak imbang mengelakkan penyalahgunaan kuasa serta mewujudkan pemerintahan yang adil. Maka C. Rujukan skema: Tingkatan 5, m.s. 55; halaman belum disahkan satu demi satu."
Terengganu2023_Q27,radio,F5 Bab 4,A,B,C,D,C,Terengganu/Picture27.png,"中文：教育属于联邦清单，由中央制定全国政策及管理。因此选C；土地属于州清单。（答案纸参考：F5第69页，未逐页核实。）
Bahasa Melayu: Pelajaran berada dalam Senarai Persekutuan dan diurus Kerajaan Persekutuan. Maka C; tanah termasuk dalam Senarai Negeri. Rujukan skema: Tingkatan 5, m.s. 69; halaman belum disahkan satu demi satu."
Terengganu2023_Q28,radio,F5 Bab 4,A,B,C,D,D,Terengganu/Picture28.png,"中文：全国土地理事会及全国财政理事会是宪法规定的协调机关，协调中央和州。III和IV正确，选D。（答案纸参考：F5第81页，未逐页核实。）
Bahasa Melayu: Majlis Tanah Negara dan Majlis Kewangan Negara diperuntukkan bagi menyelaraskan pentadbiran Persekutuan dengan negeri. III dan IV tepat, maka D. Rujukan skema: Tingkatan 5, m.s. 81; halaman belum disahkan satu demi satu."
Terengganu2023_Q29,radio,F5 Bab 5,A,B,C,D,B,Terengganu/Picture29.png,"中文：印尼于1945年单独宣布独立，使把马来亚与印尼共同组成Melayu Raya的计划无法落实。因此选B。（答案纸参考：F5第92页，未逐页核实。）
Bahasa Melayu: Pengisytiharan kemerdekaan Indonesia secara berasingan pada 1945 menyebabkan rancangan Melayu Raya tidak diteruskan. Maka B. Rujukan skema: Tingkatan 5, m.s. 92; halaman belum disahkan satu demi satu."
Terengganu2023_Q30,radio,F5 Bab 5,A,B,C,D,D,Terengganu/Picture30.png,"中文：MA63给予沙巴、砂拉越建立州内阁的安排，并由英国承认这些地区在马来西亚内的主权。III和IV正确，选D；原协议日期为8月31日，后来才改9月16日。（答案纸参考：F5第103页，未逐页核实。）
Bahasa Melayu: MA63 memperuntukkan kabinet negeri bagi Sabah dan Sarawak serta pengiktirafan British terhadap kedaulatan wilayah tersebut dalam Malaysia. III dan IV tepat, maka D; tarikh asal 31 Ogos kemudian ditunda kepada 16 September. Rujukan skema: Tingkatan 5, m.s. 103; halaman belum disahkan satu demi satu."
Terengganu2023_Q31,radio,F5 Bab 6,A,B,C,D,C,Terengganu/Picture31.png,"中文：MAGERAN在紧急状态中协调政府行动，恢复和平及处理族群关系，回应5月13日事件。因此选C。（答案纸参考：F5第129页，未逐页核实。）
Bahasa Melayu: MAGERAN ditubuhkan untuk memulihkan keamanan dan menangani hubungan kaum selepas peristiwa 13 Mei 1969. Maka C. Rujukan skema: Tingkatan 5, m.s. 129; halaman belum disahkan satu demi satu."
Terengganu2023_Q32,radio,F5 Bab 6,A,B,C,D,A,Terengganu/Picture32.png,"中文：职业及技术培训让劳动者掌握就业所需技能，改善就业机会并降低失业。因此选A。（答案纸参考：F5第128页，未逐页核实。）
Bahasa Melayu: Pusat latihan vokasional dan teknikal meningkatkan kemahiran tenaga kerja supaya peluang pekerjaan bertambah dan pengangguran berkurang. Maka A. Rujukan skema: Tingkatan 5, m.s. 128; halaman belum disahkan satu demi satu."
Terengganu2023_Q33,radio,F5 Bab 7,A,B,C,D,B,Terengganu/Picture33.png,"中文：大学体育赛事在各州轮流举办，增加跨州交往及了解，促进全国融合。因此选B。（答案纸参考：F5第153页，未逐页核实。）
Bahasa Melayu: MASUM secara bergilir mempertemukan peserta dari pelbagai negeri dan menggalakkan integrasi antara negeri. Maka B. Rujukan skema: Tingkatan 5, m.s. 153; halaman belum disahkan satu demi satu."
Terengganu2023_Q34,radio,F5 Bab 7,A,B,C,D,D,Terengganu/Picture34.png,"中文：礼貌与良好品德让人民尊重差异、体谅他人，培养有包容精神的社会。因此选D。（答案纸参考：F5第158页，未逐页核实。）
Bahasa Melayu: Kesopanan dan Kesusilaan menggalakkan penghormatan serta toleransi antara anggota masyarakat. Maka D. Rujukan skema: Tingkatan 5, m.s. 158; halaman belum disahkan satu demi satu."
Terengganu2023_Q35,radio,F5 Bab 8,A,B,C,D,A,Terengganu/Picture35.png,"中文：DPN的区域发展措施包括智能农业，提高农业产量及收入，帮助较落后地区减少发展差距。因此选A。（答案纸参考：F5第179页，未逐页核实。）
Bahasa Melayu: DPN menggunakan pertanian pintar untuk meningkatkan hasil dan pendapatan dalam pembangunan wilayah, membantu merapatkan jurang pembangunan. Maka A. Rujukan skema: Tingkatan 5, m.s. 179; halaman belum disahkan satu demi satu."
Terengganu2023_Q36,radio,F5 Bab 8,A,B,C,D,A,Terengganu/Picture36.png,"中文：教育、就业与收入提升增加专业人员和稳定收入家庭，形成中产阶级，是DEB及DPN的社会成果。因此选A。（答案纸参考：F5第181页，未逐页核实。）
Bahasa Melayu: Peningkatan pendidikan, pekerjaan dan pendapatan melalui DEB serta DPN melahirkan golongan pertengahan. Maka A. Rujukan skema: Tingkatan 5, m.s. 181; halaman belum disahkan satu demi satu."
Terengganu2023_Q37,radio,F5 Bab 9,A,B,C,D,D,Terengganu/Picture37.png,"中文：马来西亚与中国建立关系说明愿与不同意识形态国家合作，不依附单一阵营，体现中立政策。因此选D。（答案纸参考：F5第208页，未逐页核实。）
Bahasa Melayu: Hubungan diplomatik dengan China menunjukkan Malaysia bersedia bekerjasama tanpa terikat kepada blok ideologi. Maka D. Rujukan skema: Tingkatan 5, m.s. 208; halaman belum disahkan satu demi satu."
Terengganu2023_Q38,radio,F5 Bab 9,A,B,C,D,B,Terengganu/Picture38.png,"中文：MAPHILINDO为马来西亚、菲律宾及印尼提供协商平台，希望化解因马来西亚计划产生的争执。因此选B。（答案纸参考：F5第210页，未逐页核实。）
Bahasa Melayu: MAPHILINDO menyediakan ruang rundingan antara tiga negara untuk menamatkan persengketaan berkaitan pembentukan Malaysia. Maka B. Rujukan skema: Tingkatan 5, m.s. 210; halaman belum disahkan satu demi satu."
Terengganu2023_Q39,radio,F5 Bab 10,A,B,C,D,C,Terengganu/Picture39.png,"中文：SIJORI-GT扩大地区市场、投资及生产合作，使经济减少单一市场垄断的限制。因此选C。（答案纸参考：F5第231页，未逐页核实。）
Bahasa Melayu: SIJORI-GT memperluas pasaran dan kerjasama ekonomi serantau untuk mengurangkan monopoli pasaran. Maka C. Rujukan skema: Tingkatan 5, m.s. 231; halaman belum disahkan satu demi satu."
Terengganu2023_Q40,radio,F5 Bab 10,A,B,C,D,A,Terengganu/Picture40.png,"中文：少数大国可能滥用否决权阻止国际行动，削弱联合国的公平性和效能；马来西亚因此要求改革。因此选A。（答案纸参考：F5第244页，未逐页核实。）
Bahasa Melayu: Penyalahgunaan kuasa veto oleh kuasa besar boleh menyekat tindakan antarabangsa dan menjejaskan keberkesanan PBB. Malaysia menegur keadaan ini, maka A. Rujukan skema: Tingkatan 5, m.s. 244; halaman belum disahkan satu demi satu."
