title,type,question,A,B,C,D,answer,image,explanation
F4 Chp 1,radio,JohorBahru_Q01,A,B,C,D,A,../Johor Bahru/Picture1.png,"中文：马六甲有国王作为最高统治者，并由大臣协助管理，证明已有组织化的政府。因此选A所指的国王存在。
Bahasa Melayu: Kewujudan raja sebagai pemerintah yang dibantu pembesar membuktikan adanya kerajaan yang tersusun di Melaka. Oleh itu, A tepat."
F4 Chp 1,radio,Kedah_Q01,A,B,C,D,A,../Kedah/Picture1.png,"中文：A：Majapahit法律规范人民行为和行政事务，以维护社会秩序及国家福祉。
Bahasa Melayu: A: Undang-undang Majapahit mengatur kehidupan dan pentadbiran untuk menjamin ketenteraman serta kesejahteraan kerajaan."
F4 Chp 1,radio,Kelantan_Q01,A,B,C,D,D,../Kelantan/Picture1.png,"中文：D：苏丹印玺象征统治者主权，盖在官方文件上可确认命令的权威。
Bahasa Melayu: D: Cap mohor melambangkan kedaulatan pemerintah dan mengesahkan kewibawaan arahan dalam dokumen rasmi."
F4 Chp 1,radio,KlSentul_Q01,A,B,C,D,B,../KL Sentul/Picture1.png,"中文：主权是国家治理的最高权力，让国家能够管理人民与领土，不受外来支配。因此选B。
Bahasa Melayu: Kedaulatan ialah kekuasaan tertinggi untuk mentadbir rakyat dan wilayah tanpa penguasaan pihak luar. Oleh itu, B tepat."
F4 Chp 1,radio,Melaka_Q01,A,B,C,D,B,../Melaka/Picture1.png,"中文：饮用流经Telaga Batu碑的水是宣誓效忠的仪式，确认人民对Srivijaya君主的忠诚。
Bahasa Melayu: Meminum air yang dialirkan pada Inskripsi Telaga Batu ialah upacara sumpah taat setia rakyat kepada raja Srivijaya."
F4 Chp 1,radio,Mrsm_Q01,A,B,C,D,D,../MRSM/Picture1.png,"中文：D：Nobat及苏丹印玺是王权与主权象征，不只表现财富或艺术。
Bahasa Melayu: D: Nobat dan cap mohor ialah lambang kedaulatan serta kuasa pemerintah, bukan sekadar kekayaan atau kesenian."
F4 Chp 1,radio,N_Q01,A,B,C,D,C,../N9/Picture1.png,"中文：势力范围是早期马来世界国家的四项特征之一，表示接受君主权威的区域。
Bahasa Melayu: Wilayah pengaruh ialah ciri kerajaan Alam Melayu, merangkumi kawasan yang menerima kuasa raja."
F4 Chp 1,radio,Pahang_Q01,A,B,C,D,C,../Pahang/Picture1.png,"中文：王室象征是国家的身份标志，如御用器物、nobat和王室颜色，体现独特传统。
Bahasa Melayu: Lambang kebesaran ialah identiti kerajaan seperti regalia, nobat dan warna diraja yang menunjukkan tradisi tersendiri."
F4 Chp 1,radio,Penang_Q01,A,B,C,D,D,../Penang/Picture1.png,"中文：Kutara Manawa是Majapahit实施的法律，用于维持社会秩序。
Bahasa Melayu: Kutara Manawa ialah undang-undang Majapahit untuk menjaga aturan dan kesejahteraan masyarakat."
F4 Chp 1,radio,Perak_Q01,A,B,C,D,C,../Perak/Picture1.png,"中文：伊斯兰传入使马六甲君主由Raja改称Sultan，体现伊斯兰政治文化影响。
Bahasa Melayu: Kedatangan Islam menyebabkan gelaran Raja berubah kepada Sultan, menunjukkan pengaruh politik dan budaya Islam."
F4 Chp 1,radio,Perlis_Q01,A,B,C,D,D,../Perlis/Picture1.png,"中文：法律规范人民及统治者行为，处理犯罪与纠纷，保障秩序及王国安定。
Bahasa Melayu: Undang-undang mengawal tingkah laku, menangani kesalahan dan pertikaian serta menjamin kesejahteraan kerajaan."
F4 Chp 1,radio,PutrajayaSet_Q01,A,B,C,D,C,../Putrajaya set 1/Picture1.png,"中文：原答案C不符合图中“马来世界王国”分类：基本特征是王、法律、人民及势力范围，因此X应为D。王权象征属于马六甲苏丹王朝另一组特征。
Bahasa Melayu: Jawapan asal C tidak menepati senarai kerajaan Alam Melayu: raja, undang-undang, rakyat dan wilayah pengaruh. X sepatutnya D; lambang kebesaran ialah ciri khusus dalam senarai Kesultanan Melaka."
F4 Chp 1,radio,PutrajayaSet_Q01,A,B,C,D,D,../Putrajaya set 2/Picture1.png,"中文：马来世界王国的基本特征为统治者、法律、人民及势力范围，因此X是势力范围。
Bahasa Melayu: Ciri asas kerajaan Alam Melayu ialah raja, undang-undang, rakyat dan wilayah pengaruh. Maka X ialah wilayah pengaruh."
F4 Chp 1,radio,SarawakSerian_Q01,A,B,C,D,D,../Sarawak Serian/Picture1.png,"中文：D：Penghulu Bendahari管理国库及财政收入，包括贸易税、其他税款和贡金；Bendahara主要领导行政。
Bahasa Melayu: D: Penghulu Bendahari mengurus perbendaharaan dan hasil kerajaan seperti cukai perdagangan serta ufti, manakala Bendahara mengetuai pentadbiran."
F4 Chp 1,radio,Sbp_Q01,A,B,C,D,B,../SBP/Picture1.png,"中文：Lingga与Patani通过友好关系承认马六甲权威，属于友好取得的势力范围，而非战争征服。
Bahasa Melayu: Lingga dan Patani menerima pengaruh Melaka melalui hubungan persahabatan, bukan penaklukan peperangan."
F4 Chp 1,radio,SelangorSet_Q01,A,B,C,D,B,../Selangor set 1/Picture1.png,"中文：B：Inderagiri是马六甲通过战争征服取得的领土，区别于婚姻或友好关系取得的影响地区。
Bahasa Melayu: B: Inderagiri ialah wilayah taklukan yang diperoleh Melaka melalui peperangan, bukan perkahwinan atau persahabatan."
F4 Chp 1,radio,SelangorSet_Q01,A,B,C,D,C,../Selangor set 2/Picture1.png,"中文：C：广大的影响地区说明其他地区承认马六甲的权威，体现统治者的能力与威望。
Bahasa Melayu: C: Wilayah pengaruh yang luas menunjukkan penerimaan terhadap kekuasaan Melaka dan membuktikan kewibawaan pemerintah."
F4 Chp 1,radio,SelangorSet_Q01,A,B,C,D,B,../Selangor set 3/Picture1.png,"中文：B：Telaga Batu碑用于宣誓效忠的仪式，通过誓言要求臣民忠于Sriwijaya统治者。
Bahasa Melayu: B: Inskripsi Telaga Batu digunakan dalam upacara persetiaan bagi menegaskan kesetiaan rakyat kepada pemerintah Srivijaya."
F4 Chp 1,radio,Smka_Q01,A,B,C,D,C,../SMKA/Picture1.png,"中文：法律是马来世界王国的正式特征，规范统治与人民行为，保障有序生活。
Bahasa Melayu: Undang-undang ialah ciri kerajaan Alam Melayu yang mengatur pemerintahan serta kehidupan rakyat."
F4 Chp 1,radio,Terengganu_Q01,A,B,C,D,D,../Terengganu/Picture1.png,"中文：D：苏丹印玺盖在官方命令上，证明命令确实来自苏丹并具有权威。
Bahasa Melayu: D: Cop mohor pada dokumen rasmi mengesahkan titah atau arahan sultan dan menunjukkan kewibawaannya."
F4 Chp 1,radio,JohorBahru_Q02,A,B,C,D,C,../Johor Bahru/Picture2.png,"中文：Laksamana负责海上安全、领导海军并保护商船，确保贸易顺利。税收与财政不是他的主要职责，所以选C。
Bahasa Melayu: Laksamana mengetuai angkatan laut dan menjaga keselamatan perairan serta pedagang. Keselamatan perdagangan membantu kegemilangan Melaka, maka C tepat."
F4 Chp 1,radio,Kedah_Q02,A,B,C,D,C,../Kedah/Picture2.png,"中文：C：两部法律都列明罪行与刑罚；家庭法规及王室大臣职责并非海事法的共同重点。
Bahasa Melayu: C: Kedua-dua undang-undang menerangkan kesalahan jenayah dan hukumannya, walaupun bidang lain yang diaturnya berbeza."
F4 Chp 1,radio,Kelantan_Q02,A,B,C,D,C,../Kelantan/Picture2.png,"中文：C：Laksamana是海军统帅，负责海上安全；Temenggung负责城内安全。
Bahasa Melayu: C: Laksamana menjadi panglima angkatan laut dan menjaga keselamatan laut, manakala Temenggung menjaga keselamatan kota."
F4 Chp 1,radio,KlSentul_Q02,A,B,C,D,C,../KL Sentul/Picture2.png,"中文：人民效忠苏丹、承认其权力，并遵守国家法律，以维持社会秩序。治理封地和征税主要由大臣负责，所以选C。
Bahasa Melayu: Rakyat taat setia, mengakui kuasa sultan dan mematuhi undang-undang kerajaan. Pentadbiran wilayah pegangan serta kutipan cukai ialah tugas pembesar, maka C tepat."
F4 Chp 1,radio,Melaka_Q02,A,B,C,D,A,../Melaka/Picture2.png,"中文：Rokan、Kampar与Inderagiri通过征服纳入马六甲势力范围，因此选A。
Bahasa Melayu: Rokan, Kampar dan Inderagiri menjadi wilayah pengaruh Melaka melalui penaklukan, A."
F4 Chp 1,radio,Mrsm_Q02,A,B,C,D,A,../MRSM/Picture2.png,"中文：A（I、II）：贸易收入及属地贡金进入马六甲国库，支撑政府财政。
Bahasa Melayu: A (I dan II): Hasil perdagangan dan ufti wilayah menjadi sumber pendapatan perbendaharaan Kesultanan Melayu Melaka."
F4 Chp 1,radio,N_Q02,A,B,C,D,D,../N9/Picture2.png,"中文：辖区大臣负责当地管理与治安，确保君主属地保持和平。
Bahasa Melayu: Pembesar jajahan mengurus kawasan dan menjaga keamanan supaya wilayah raja berada dalam keadaan tenteram."
F4 Chp 1,radio,Pahang_Q02,A,B,C,D,A,../Pahang/Picture2.png,"中文：malim是掌握航路的领航员，须确保航行安全，避免船舶遭遇危险。
Bahasa Melayu: Malim mengetahui laluan pelayaran dan bertanggungjawab memastikan kapal belayar selamat serta mengelakkan bahaya."
F4 Chp 1,radio,Penang_Q02,A,B,C,D,C,../Penang/Picture2.png,"中文：继承国家传统需要族群互相包容并合作保护遗产，II、III最符合题意。
Bahasa Melayu: Warisan negara memerlukan toleransi antara bangsa dan kerjasama mempertahankannya; II dan III paling sesuai."
F4 Chp 1,radio,Perak_Q02,A,B,C,D,A,../Perak/Picture2.png,"中文：王室颜色、nobat及御用器物象征君主主权与特殊地位。
Bahasa Melayu: Warna diraja, nobat dan regalia menggambarkan kedaulatan serta kedudukan istimewa raja."
F4 Chp 1,radio,Perlis_Q02,A,B,C,D,C,../Perlis/Picture2.png,"中文：大臣在领地维持和平与秩序，让居民安全生活，是照顾人民福利的基本责任。
Bahasa Melayu: Pembesar memelihara keamanan di kawasan pegangan supaya rakyat hidup selamat dan kebajikan mereka terjaga."
F4 Chp 1,radio,PutrajayaSet_Q02,A,B,C,D,D,../Putrajaya set 1/Picture2.png,"中文：苏丹赐给大臣管理的地区称kawasan pegangan，大臣在当地负责行政、收入及人民事务。
Bahasa Melayu: Kawasan yang dikurniakan sultan kepada pembesar untuk ditadbir disebut kawasan pegangan."
F4 Chp 1,radio,PutrajayaSet_Q02,A,B,C,D,A,../Putrajaya set 2/Picture2.png,"中文：宗教学者及大臣协助统治者治理国家，属于统治阶层；商人主要从事经济活动，故I和II正确。
Bahasa Melayu: Ulama dan pembesar membantu pemerintahan dan tergolong dalam golongan pemerintah. Pedagang menjalankan kegiatan ekonomi, maka I dan II tepat."
F4 Chp 1,radio,SarawakSerian_Q02,A,B,C,D,B,../Sarawak Serian/Picture2.png,"中文：B：地方官通过sistem serah征收收入并管理辖区；划战船是人民服役的例子。
Bahasa Melayu: B: Pembesar mengutip hasil melalui sistem serah dan mentadbir kawasan pegangan. Mendayung kapal perang ialah contoh khidmat rakyat."
F4 Chp 1,radio,Sbp_Q02,A,B,C,D,C,../SBP/Picture2.png,"中文：malim负责导航，严重疏忽可危及船只与人员，重罚的目的在于确保航行安全。
Bahasa Melayu: Malim mengemudi pelayaran; kecuaian boleh membahayakan kapal dan penumpang, maka hukuman bertujuan menjamin keselamatan pelayaran."
F4 Chp 1,radio,SelangorSet_Q02,A,B,C,D,C,../Selangor set 1/Picture2.png,"中文：C：未经国王同意杀人及伪造苏丹命令是严重罪行，Hukum Kanun Melaka规定死刑。
Bahasa Melayu: C: Membunuh tanpa pengetahuan raja dan memalsukan titah sultan ialah kesalahan berat yang dikenakan hukuman bunuh dalam Hukum Kanun Melaka."
F4 Chp 1,radio,SelangorSet_Q02,A,B,C,D,D,../Selangor set 2/Picture2.png,"中文：D：Malim负责导航；若因疏忽导致船只损坏或沉没，可按海事法处死。
Bahasa Melayu: D: Malim bertanggungjawab mengemudi kapal. Kecuaian yang menyebabkan kerosakan atau kapal tenggelam boleh dikenakan hukuman bunuh."
F4 Chp 1,radio,SelangorSet_Q02,A,B,C,D,A,../Selangor set 3/Picture2.png,"中文：A（I、II）：大臣负责辖区安全及人民福利，体现其地方治理职责。
Bahasa Melayu: A (I dan II): Pembesar menjaga keamanan kawasan pegangan dan kebajikan rakyat sebagai tanggungjawab pentadbiran."
F4 Chp 1,radio,Smka_Q02,A,B,C,D,D,../SMKA/Picture2.png,"中文：大臣把苏丹命令传达给人民，也处理领地事务，是统治者与人民之间的中介。
Bahasa Melayu: Pembesar menyampaikan arahan sultan dan mengurus rakyat di kawasan pegangan sebagai perantara antara sultan dengan rakyat."
F4 Chp 1,radio,Terengganu_Q02,A,B,C,D,D,../Terengganu/Picture2.png,"中文：D：Bendahara除领导行政及辅佐苏丹，也担任军队总参谋；海上安全主要属于Laksamana。
Bahasa Melayu: D: Bendahara turut menjadi ketua turus angkatan tentera selain mengetuai pentadbiran. Keselamatan laut ialah tugas Laksamana."
F4 Chp 10,radio,JohorBahru_Q19,A,B,C,D,B,../Johor Bahru/Picture19.png,"中文：Mohamed Hamzah设计国家旗帜，原设计经过调整成为联邦旗帜，后来发展为马来西亚国旗。因此选B。
Bahasa Melayu: Mohamed Hamzah mereka bentuk bendera kebangsaan yang kemudiannya disesuaikan bagi Persekutuan dan Malaysia. Oleh itu, B tepat."
F4 Chp 10,radio,Kedah_Q19,A,B,C,D,B,../Kedah/Picture19.png,"中文：B：实体准备委员会建设体育场等设施；庆典委员会安排礼宾课程，让官员接待正式嘉宾。
Bahasa Melayu: B: Jawatankuasa fizikal menyediakan kemudahan seperti stadium, manakala jawatankuasa sambutan menganjurkan kursus protokol untuk pegawai."
F4 Chp 10,radio,Kelantan_Q19,A,B,C,D,D,../Kelantan/Picture19.png,"中文：D：准备体育场、国家象征及庆典设施，使独立国家的新身份在仪式中呈现。
Bahasa Melayu: D: Persediaan fizikal seperti stadium, lambang dan kemudahan sambutan menonjolkan identiti negara merdeka."
F4 Chp 10,radio,KlSentul_Q19,A,B,C,D,D,../KL Sentul/Picture19.png,"中文：物质准备委员会除安排体育场及王宫，也重视国家象征，包括准备国歌供独立典礼使用。因此X可对应创作国歌，选D。
Bahasa Melayu: Persediaan fizikal turut melibatkan pembentukan identiti negara, termasuk penyediaan lagu kebangsaan untuk upacara kemerdekaan. Oleh itu, X ialah D."
F4 Chp 10,radio,Melaka_Q19,A,B,C,D,B,../Melaka/Picture19.png,"中文：庆典委员会举办礼仪课程，让参与独立仪式的人熟悉正式程序。
Bahasa Melayu: Jawatankuasa Sambutan menganjurkan kursus protokol agar peserta memahami tatacara upacara kemerdekaan."
F4 Chp 10,radio,N_Q19,A,B,C,D,A,../N9/Picture19.png,"中文：礼仪课程、提前发薪及订购旗帜是庆典委员会安排独立庆祝的任务。
Bahasa Melayu: Kursus protokol, gaji awal dan tempahan bendera ialah tugas Jawatankuasa Sambutan untuk perayaan kemerdekaan."
F4 Chp 10,radio,Penang_Q19,A,B,C,D,D,../Penang/Picture19.png,"中文：了解、纪念及尊崇独立领袖的牺牲，是直接表达感恩的方法。
Bahasa Melayu: Memahami, mengenang dan menyanjung pengorbanan pejuang ialah cara langsung menghargai jasa mereka."
F4 Chp 10,radio,Perak_Q19,A,B,C,D,C,../Perak/Picture19.png,"中文：国旗替代象征新独立主权国家成立，英国殖民权力终结。
Bahasa Melayu: Pertukaran bendera menandakan pembentukan negara berdaulat merdeka dan berakhirnya kuasa penjajah British."
F4 Chp 10,radio,Perlis_Q19,A,B,C,D,A,../Perlis/Picture19.png,"中文：Soekarno把独立理解为永久自由，包括摆脱压迫政治及专制，能够自由思考与行动。
Bahasa Melayu: Soekarno mentakrifkan kemerdekaan sebagai kebebasan selama-lamanya untuk berfikir dan bertindak daripada penindasan serta rejim autokratik."
F4 Chp 10,radio,PutrajayaSet_Q19,A,B,C,D,D,../Putrajaya set 1/Picture19.png,"中文：国徽与国歌是正式国家象征，代表身份与主权，所以III和IV正确；传统风筝及短剑不是这里同一类别。
Bahasa Melayu: Jata Negara dan Lagu Kebangsaan ialah lambang rasmi identiti serta kedaulatan negara. Maka III dan IV tepat."
F4 Chp 10,radio,PutrajayaSet_Q19,A,B,C,D,A,../Putrajaya set 2/Picture19.png,"中文：独立典礼、场地及国家标志让新国家展示自身身份与主权。
Bahasa Melayu: Persediaan upacara, tempat dan lambang kemerdekaan menonjolkan identiti serta kedaulatan negara baharu."
F4 Chp 10,radio,SarawakSerian_Q19,A,B,C,D,D,../Sarawak Serian/Picture19.png,"中文：D：Kamus Dewan把独立解释为摆脱殖民、束缚或外来控制，能够自主治理。
Bahasa Melayu: D: Kemerdekaan menurut Kamus Dewan merujuk kebebasan daripada penjajahan, kurungan atau penguasaan luar."
F4 Chp 10,radio,Sbp_Q19,A,B,C,D,A,../SBP/Picture19.png,"中文：官员接受礼宾训练以接待及陪同受邀来宾，确保独立庆典流程得体。
Bahasa Melayu: Pegawai diberi latihan protokol untuk mengiringi tetamu jemputan dan memastikan sambutan berjalan tertib."
F4 Chp 10,radio,SelangorSet_Q19,A,B,C,D,D,../Selangor set 1/Picture19.png,"中文：D：国会大厦象征议会民主，人民代表在其中讨论及制定国家法律。
Bahasa Melayu: D: Bangunan Parlimen melambangkan pengamalan demokrasi kerana wakil rakyat membincangkan dan menggubal undang-undang di situ."
F4 Chp 10,radio,SelangorSet_Q19,A,B,C,D,D,../Selangor set 2/Picture19.png,"中文：D：场地与国家象征的准备使独立庆典展示新国家身份，而不只是布置街道。
Bahasa Melayu: D: Persediaan fizikal dan lambang kebangsaan menonjolkan identiti negara merdeka, bukan sekadar menghias jalan."
F4 Chp 10,radio,SelangorSet_Q19,A,B,C,D,A,../Selangor set 3/Picture19.png,"中文：A：国歌、国徽及国旗展示国家共同身份，区分马来西亚与其他国家。
Bahasa Melayu: A: Negaraku, Jata Negara dan bendera kebangsaan menonjolkan identiti bersama yang membezakan Malaysia daripada negara lain."
F4 Chp 10,radio,Smka_Q19,A,B,C,D,B,../SMKA/Picture19.png,"中文：降下Union Jack象征英国殖民统治结束，升起联邦旗则象征独立与主权。
Bahasa Melayu: Penurunan Union Jack melambangkan tamatnya penjajahan British, sementara bendera Persekutuan menunjukkan kemerdekaan."
F4 Chp 10,radio,JohorBahru_Q20,A,B,C,D,A,../Johor Bahru/Picture20.png,"中文：政府、领土和法律主权让国家能够独立治理，不受外国控制。答案A强调摆脱外来支配，这是主权的重要意义。
Bahasa Melayu: Kerajaan, wilayah dan kedaulatan undang-undang membolehkan negara mentadbir secara bebas tanpa penguasaan asing. A menekankan kebebasan daripada pihak luar, selaras dengan kepentingan kedaulatan."
F4 Chp 10,radio,Kedah_Q20,A,B,C,D,B,../Kedah/Picture20.png,"中文：B：Buku Merah记录发展项目，供各地监督基本设施计划的进度与落实。
Bahasa Melayu: B: Buku Merah menjadi panduan merekod dan memantau perkembangan projek serta kemudahan asas di seluruh negara."
F4 Chp 10,radio,Kelantan_Q20,A,B,C,D,A,../Kelantan/Picture20.png,"中文：A：降下Union Jack、结束英国国歌象征殖民统治告终，国家开始独立。
Bahasa Melayu: A: Penurunan Union Jack dan berakhirnya penggunaan lagu British menandakan tamatnya penjajahan serta permulaan negara merdeka."
F4 Chp 10,radio,KlSentul_Q20,A,B,C,D,C,../KL Sentul/Picture20.png,"中文：红皮书计划记录发展项目及进度，让政府监督和评估计划落实情况，特别是乡村发展。因此选C。
Bahasa Melayu: Rancangan Buku Merah merekodkan projek dan kemajuan pembangunan supaya pelaksanaannya dapat dipantau serta dinilai. Oleh itu, C tepat."
F4 Chp 10,radio,Melaka_Q20,A,B,C,D,B,../Melaka/Picture20.png,"中文：降下英国旗、升起联邦旗象征英国统治结束和独立国家开始。
Bahasa Melayu: Penurunan Union Jack dan penaikan bendera Persekutuan menandakan tamatnya pentadbiran British serta bermulanya kemerdekaan."
F4 Chp 10,radio,Mrsm_Q20,A,B,C,D,A,../MRSM/Picture20.png,"中文：A：实体准备委员会负责国家元首居所及重要庆典场所等设施；礼宾课程及提前发薪属庆典安排。
Bahasa Melayu: A: Jawatankuasa fizikal menyediakan kemudahan seperti istana dan tempat utama sambutan, manakala protokol serta gaji awal berkaitan urusan sambutan."
F4 Chp 10,radio,N_Q20,A,B,C,D,D,../N9/Picture20.png,"中文：独立后马来亚实行议会民主，由人民选代表参与国家治理。
Bahasa Melayu: Selepas merdeka, Tanah Melayu mengamalkan Demokrasi Berparlimen dengan wakil dipilih rakyat."
F4 Chp 10,radio,Pahang_Q20,A,B,C,D,B,../Pahang/Picture20.png,"中文：独立政府须逐步由本地人接替欧洲官员，建立具备能力的本地行政与专业队伍。
Bahasa Melayu: Kerajaan merdeka perlu menggantikan pegawai Eropah secara berperingkat dengan rakyat tempatan dalam pentadbiran dan bidang profesional."
F4 Chp 10,radio,Penang_Q20,A,B,C,D,C,../Penang/Picture20.png,"中文：AMDA安排英国及盟友国防援助，巩固独立后的马来亚安全。
Bahasa Melayu: AMDA menyediakan bantuan pertahanan British dan sekutunya untuk memperkukuh keselamatan Tanah Melayu merdeka."
F4 Chp 10,radio,Perak_Q20,A,B,C,D,A,../Perak/Picture20.png,"中文：这些计划改善乡村设施、开发土地和增加农民收入，共同目标是发展乡村。
Bahasa Melayu: Rancangan ini memperbaik kemudahan, membuka tanah dan menambah pendapatan petani untuk memajukan luar bandar."
F4 Chp 10,radio,Perlis_Q20,A,B,C,D,D,../Perlis/Picture20.png,"中文：议会民主让人民通过选举选择代表及领导政府的政党，是参与政治决策的制度。
Bahasa Melayu: Demokrasi berparlimen memberikan rakyat kuasa memilih wakil dan pemimpin melalui pilihan raya."
F4 Chp 10,radio,PutrajayaSet_Q20,A,B,C,D,C,../Putrajaya set 1/Picture20.png,"中文：独立确立本国的议会民主政府，让民选领袖负责治理；部分选举实践在独立前已开始，并非此前完全没有民主。
Bahasa Melayu: Kemerdekaan meneguhkan kerajaan demokrasi berparlimen pimpinan tempatan. Amalan pilihan raya telah bermula sebelum merdeka, bukan baharu sepenuhnya selepasnya."
F4 Chp 10,radio,PutrajayaSet_Q20,A,B,C,D,D,../Putrajaya set 2/Picture20.png,"中文：了解民族主义者的付出并尊重其牺牲，是对他们争取独立贡献的直接感谢。
Bahasa Melayu: Menyanjung dan memahami pengorbanan tokoh nasionalis merupakan penghargaan langsung terhadap jasa mencapai kemerdekaan."
F4 Chp 10,radio,SarawakSerian_Q20,A,B,C,D,B,../Sarawak Serian/Picture20.png,"中文：B（I、IV）：国徽和国旗表现国家身份，并凝聚人民的共同归属感与团结。
Bahasa Melayu: B (I dan IV): Jata Negara dan bendera menjadi lambang jati diri serta simbol perpaduan rakyat dalam sebuah negara."
F4 Chp 10,radio,Sbp_Q20,A,B,C,D,B,../SBP/Picture20.png,"中文：人民通过选举选择代表，获支持的政党组成政府，是议会民主运作方式。
Bahasa Melayu: Rakyat memilih wakil melalui pilihan raya dan parti yang mendapat sokongan membentuk kerajaan dalam demokrasi berparlimen."
F4 Chp 10,radio,SelangorSet_Q20,A,B,C,D,B,../Selangor set 1/Picture20.png,"中文：B（I、IV）：本题以国家象征及人民为答案：象征表现身份，人民构成国家共同体。语言与军队也重要，但不是这里指定的组合。
Bahasa Melayu: B (I dan IV): Soalan ini menekankan lambang yang menunjukkan identiti dan rakyat yang membentuk negara. Bahasa serta tentera penting, tetapi bukan pasangan yang ditetapkan dalam soalan ini."
F4 Chp 10,radio,SelangorSet_Q20,A,B,C,D,B,../Selangor set 2/Picture20.png,"中文：B：加入英联邦延续与成员国的社会及经济合作，包括教育、贸易与发展。
Bahasa Melayu: B: Penyertaan Komanwel merapatkan hubungan sosioekonomi dengan negara anggota melalui pendidikan, perdagangan dan pembangunan."
F4 Chp 10,radio,SelangorSet_Q20,A,B,C,D,D,../Selangor set 3/Picture20.png,"中文：D：主权指国家的最高统治权，使国家自主治理而不受外来支配。
Bahasa Melayu: D: Kedaulatan bermaksud kuasa tertinggi yang membolehkan negara mentadbir secara bebas tanpa penguasaan luar."
F4 Chp 10,radio,Smka_Q20,A,B,C,D,A,../SMKA/Picture20.png,"中文：公民身份确认人民对国家的权利与责任，国家标志展示独立身份，所以原答案选I和II。国际关系也是主权表现，题项并非完全互斥。
Bahasa Melayu: Pengiktirafan rakyat menetapkan hak dan tanggungjawab, manakala lambang kebangsaan menunjukkan identiti negara; skema memilih I dan II. Hubungan antarabangsa juga menunjukkan kedaulatan, jadi pilihan tidak sepenuhnya saling mengecualikan."
F4 Chp 10,radio,Terengganu_Q21,A,B,C,D,B,../Terengganu/Picture21.png,"中文：B：马来亚通过政治合作及谈判取得独立，庆典代表这一和平争取独立过程的成果。
Bahasa Melayu: B: Kemerdekaan Tanah Melayu dicapai melalui kerjasama politik dan rundingan, dan pemasyhuran tersebut menandakan kejayaan perjuangan secara aman."
F4 Chp 2,radio,JohorBahru_Q03,A,B,C,D,D,../Johor Bahru/Picture3.png,"中文：现有答案D“威胁佛教”不符合西方教育中产阶层推动民族主义的目的。该阶段主要争取自治，选项B更符合课本；早期保护佛教的运动不可与此混淆，此题需复核。
Bahasa Melayu: Jawapan semasa D tidak sesuai sebagai tujuan nasionalis kelas pertengahan berpendidikan Barat. Golongan ini menuntut pemerintahan sendiri, maka B lebih menepati buku teks. Gerakan awal mempertahankan agama Buddha perlu dibezakan daripada tahap tersebut."
F4 Chp 2,radio,Kedah_Q03,A,B,C,D,B,../Kedah/Picture3.png,"中文：B：Jose Rizal成立Liga Filipina推动改革，争取菲律宾成为西班牙领土的一部分并享有权利。
Bahasa Melayu: B: Jose Rizal menubuhkan Liga Filipina untuk memperjuangkan pembaharuan dan tuntutan Filipina menjadi sebahagian wilayah Sepanyol."
F4 Chp 2,radio,Kelantan_Q03,A,B,C,D,D,../Kelantan/Picture3.png,"中文：D：1932年改革运动终结泰国绝对君主制，推动君主立宪及人民政治参与。
Bahasa Melayu: D: Gerakan tokoh tersebut menamatkan sistem raja berkuasa mutlak di Thailand dan membawa kepada pemerintahan berperlembagaan."
F4 Chp 2,radio,KlSentul_Q03,A,B,C,D,B,../KL Sentul/Picture3.png,"中文：翁惹化的定义强调建立坚强民族，能够凭自身力量站稳脚步，体现民族自立。因此这段话对应Dato' Onn Jaafar，选B。
Bahasa Melayu: Tafsiran Dato' Onn menekankan pembentukan bangsa yang tegap, kuat dan mampu berdiri atas kekuatan sendiri. Oleh itu, tokoh tersebut ialah B."
F4 Chp 2,radio,Melaka_Q03,A,B,C,D,C,../Melaka/Picture3.png,"中文：两场革命限制或终结绝对君权，应选D。原key C的经济管制并非共同结果，保留原答案并注明疑点。
Bahasa Melayu: Kedua-dua revolusi mengehadkan atau menamatkan kuasa mutlak raja, D. Key asal C tentang ekonomi kawalan bukan kesan bersama; jawapan dikekalkan dengan percanggahan dicatat."
F4 Chp 2,radio,Mrsm_Q03,A,B,C,D,A,../MRSM/Picture3.png,"中文：A（I、II）：两场革命反对绝对王权，强调基本权利及人民声音在治理中的重要性。
Bahasa Melayu: A (I dan II): Kedua-dua revolusi menentang kuasa mutlak raja dan memperjuangkan kebebasan hak asasi serta keunggulan suara rakyat."
F4 Chp 2,radio,N_Q03,A,B,C,D,C,../N9/Picture3.png,"中文：两场革命反对君主专断，要求限制王权并保障人民和国会权利。
Bahasa Melayu: Kedua-dua revolusi menentang kuasa mutlak raja untuk membatasi pemerintahan dan menjamin hak rakyat serta parlimen."
F4 Chp 2,radio,Pahang_Q03,A,B,C,D,D,../Pahang/Picture3.png,"中文：共同国家忠诚让人民形成民族归属，为建立民族国家奠定基础。
Bahasa Melayu: Kesetiaan kepada negara membina rasa kebangsaan dan menjadi asas pembentukan negara bangsa."
F4 Chp 2,radio,Penang_Q03,A,B,C,D,B,../Penang/Picture3.png,"中文：MCKK和SITC培养具知识与组织能力的领袖，带领人民推动民族意识。
Bahasa Melayu: MCKK dan SITC melahirkan golongan berilmu serta berkebolehan memimpin rakyat dalam nasionalisme."
F4 Chp 2,radio,Perak_Q03,A,B,C,D,D,../Perak/Picture3.png,"中文：Satyagraha意为坚持真理，Gandhi用非暴力和道德力量反抗殖民。
Bahasa Melayu: Satyagraha bermaksud berpegang teguh kepada kebenaran, digunakan Gandhi dalam perjuangan tanpa kekerasan."
F4 Chp 2,radio,Perlis_Q03,A,B,C,D,B,../Perlis/Picture3.png,"中文：光荣革命反对James II专制，确立议会权威及限制君主权力，而不是加强绝对王权。
Bahasa Melayu: Revolusi Keagungan menentang pemerintahan mutlak James II dan menegakkan kedaulatan Parlimen dengan mengehadkan kuasa raja."
F4 Chp 2,radio,PutrajayaSet_Q03,A,B,C,D,D,../Putrajaya set 1/Picture3.png,"中文：美国革命反对英国殖民压迫及不公平征税，争取殖民地独立，而不是主要反对本国绝对君主。
Bahasa Melayu: Revolusi Amerika menentang penindasan dan percukaian British untuk mencapai kemerdekaan daripada penjajahan."
F4 Chp 2,radio,PutrajayaSet_Q03,A,B,C,D,D,../Putrajaya set 2/Picture3.png,"中文：美国独立后建立共和及民主政府，以宪法组织国家，摆脱英国殖民统治。
Bahasa Melayu: Revolusi Amerika membawa kemerdekaan dan pembentukan pemerintahan republik serta demokrasi berasaskan Perlembagaan."
F4 Chp 2,radio,SarawakSerian_Q03,A,B,C,D,A,../Sarawak Serian/Picture3.png,"中文：A：早期印尼民族主义者相信教育能改变人民命运，让人民摆脱殖民压迫与落后。
Bahasa Melayu: A: Nasionalis awal Indonesia melihat pendidikan sebagai cara mengubah nasib rakyat dan membebaskan mereka daripada penindasan serta kemunduran."
F4 Chp 2,radio,Sbp_Q03,A,B,C,D,D,../SBP/Picture3.png,"中文：两人的民族主义解释都强调为民族权益、身份及发展奋斗，不只限于某一种宗教或行动方式。
Bahasa Melayu: Tafsiran kedua-dua tokoh menekankan perjuangan bangsa, hak dan identitinya, bukan terhad pada agama atau satu bentuk tindakan."
F4 Chp 2,radio,SelangorSet_Q03,A,B,C,D,C,../Selangor set 1/Picture3.png,"中文：C：Cerita Awang Putat描述民族生活中的苦难，唤起读者对人民处境的关心与民族意识。
Bahasa Melayu: C: Cerita Awang Putat mengungkap penderitaan hidup bangsa dan membangkitkan keprihatinan serta kesedaran kebangsaan."
F4 Chp 2,radio,SelangorSet_Q03,A,B,C,D,B,../Selangor set 2/Picture3.png,"中文：B（I、IV）：Islah要求回归《古兰经》与圣训，以改善穆斯林社会生活并摆脱殖民支配。
Bahasa Melayu: B (I dan IV): Gerakan Islah menyeru kembali kepada al-Quran dan Hadis untuk memperbaik kehidupan masyarakat serta membebaskan diri daripada penjajahan."
F4 Chp 2,radio,SelangorSet_Q03,A,B,C,D,A,../Selangor set 3/Picture3.png,"中文：A：Tamil Nesan为印度社群表达社会与政治利益，传播关系本社群的议题。
Bahasa Melayu: A: Tamil Nesan memperjuangkan kepentingan sosiopolitik masyarakat India melalui berita serta pandangan berkaitan komuniti mereka."
F4 Chp 2,radio,Smka_Q03,A,B,C,D,C,../SMKA/Picture3.png,"中文：satyagraha强调坚持真理及非暴力，甘地以和平抵抗推动印度民族主义。
Bahasa Melayu: Satyagraha menekankan kebenaran dan perjuangan tanpa keganasan yang digunakan Gandhi untuk menggerakkan nasionalisme India."
F4 Chp 2,radio,Terengganu_Q03,A,B,C,D,A,../Terengganu/Picture3.png,"中文：A：越南民族主义党以民主、民族主义及社会主义为基础，1930年起义旨在结束法国统治并建立共和国。
Bahasa Melayu: A: Parti Nasionalisme Vietnam melancarkan pemberontakan untuk menamatkan pemerintahan Perancis dan menubuhkan kerajaan republik."
F4 Chp 2,radio,JohorBahru_Q04,A,B,C,D,A,../Johor Bahru/Picture4.png,"中文：Tok Janggut和Dol Said的抗争集中于各自地区，争取地方自由并维护当地领土权。因此I和II最符合地方性抗争，选A。
Bahasa Melayu: Perjuangan tokoh tersebut tertumpu di kawasan masing-masing untuk menuntut kebebasan dan mendaulatkan wilayah tempatan. Oleh itu, I dan II paling sesuai, iaitu A."
F4 Chp 2,radio,Kedah_Q04,A,B,C,D,C,../Kedah/Picture4.png,"中文：C：泰国采用西方行政改革，提高治理能力以应对列强压力，维护国家独立。
Bahasa Melayu: C: Pemodenan birokrasi meningkatkan keupayaan Thailand menghadapi tekanan kuasa Barat dan mengekalkan kedaulatan negara."
F4 Chp 2,radio,Kelantan_Q04,A,B,C,D,A,../Kelantan/Picture4.png,"中文：A（I、II）：宗教知识分子通过报章传播Islah思想，并创办madrasah推动教育。
Bahasa Melayu: A (I dan II): Intelektual agama menerbitkan akhbar untuk menyebarkan Islah dan menubuhkan madrasah bagi memajukan pendidikan."
F4 Chp 2,radio,KlSentul_Q04,A,B,C,D,D,../KL Sentul/Picture4.png,"中文：Kartini作品揭示人民落后与教育不足，特别关注女性受教育机会，唤起改善社会的意识。因此选D。
Bahasa Melayu: Karya Kartini mendedahkan kemunduran rakyat dan kekurangan peluang pendidikan, terutama bagi wanita. Penulisannya menyedarkan masyarakat tentang keperluan pembaharuan, maka D tepat."
F4 Chp 2,radio,Melaka_Q04,A,B,C,D,B,../Melaka/Picture4.png,"中文：Liga Filipina要求菲律宾人享有平等权利，并推动西班牙殖民政府改革，所以I、IV正确。
Bahasa Melayu: Liga Filipina menuntut persamaan hak dan mendesak pembaharuan pentadbiran Sepanyol; I dan IV betul."
F4 Chp 2,radio,Mrsm_Q04,A,B,C,D,B,../MRSM/Picture4.png,"中文：B：Ibu Zain推动教育，尤其女性教育，让人民意识到知识可改善民族命运。
Bahasa Melayu: B: Ibu Zain membangkitkan kesedaran tentang kepentingan pendidikan, khususnya pendidikan wanita, untuk memajukan bangsa."
F4 Chp 2,radio,N_Q04,A,B,C,D,B,../N9/Picture4.png,"中文：作家借小说及短篇批评殖民和社会问题，唤醒民族意识。
Bahasa Melayu: Penulis menggunakan novel dan cerpen untuk mengkritik penjajahan serta masalah masyarakat dan membangkitkan nasionalisme."
F4 Chp 2,radio,Pahang_Q04,A,B,C,D,A,../Pahang/Picture4.png,"中文：光荣革命反对专制君王；美国革命反对英国殖民统治，A配对正确。
Bahasa Melayu: Revolusi Keagungan menentang raja mutlak, manakala Revolusi Amerika menentang penjajahan British; pasangan A betul."
F4 Chp 2,radio,Penang_Q04,A,B,C,D,C,../Penang/Picture4.png,"中文：爱国主题小说使读者认同国家、反思殖民问题，增强民族主义。
Bahasa Melayu: Novel bertemakan cinta negara membina kesedaran dan identiti kebangsaan serta menguatkan nasionalisme."
F4 Chp 2,radio,Perak_Q04,A,B,C,D,A,../Perak/Picture4.png,"中文：经费不足限制组织活动，殖民法律又压制政治宣传，I、II是组织发展障碍。
Bahasa Melayu: Kekurangan kewangan mengehadkan kegiatan dan undang-undang kolonial menyekat gerakan politik; I dan II ialah cabaran pertubuhan."
F4 Chp 2,radio,Perlis_Q04,A,B,C,D,A,../Perlis/Picture4.png,"中文：吉打苏丹反对英国东印度公司，是要收回被Francis Light占据的槟城。
Bahasa Melayu: Sultan Abdullah Mukarram Shah menentang SHTI untuk mendapatkan semula Pulau Pinang yang dikuasai Francis Light."
F4 Chp 2,radio,PutrajayaSet_Q04,A,B,C,D,B,../Putrajaya set 1/Picture4.png,"中文：《Mari Kita Berjuang》通过文学鼓励读者热爱祖国，唤醒民族意识及争取自由的精神。
Bahasa Melayu: Mari Kita Berjuang membangkitkan semangat cinta akan tanah air dan kesedaran memperjuangkan kebebasan melalui penulisan."
F4 Chp 2,radio,PutrajayaSet_Q04,A,B,C,D,B,../Putrajaya set 2/Picture4.png,"中文：泰国未被西方殖民，民族主义一方面维护主权，一方面要求人民参与治理，故I和IV符合原答案。
Bahasa Melayu: Thailand tidak dijajah Barat; nasionalismenya mempertahankan kedaulatan dan menuntut penglibatan rakyat dalam pemerintahan. Maka I dan IV menepati jawapan asal."
F4 Chp 2,radio,Sbp_Q04,A,B,C,D,B,../SBP/Picture4.png,"中文：泰国主要反对绝对王权，其他被殖民东南亚国家则反对外国殖民，因此B配对正确。
Bahasa Melayu: Nasionalisme Thailand menentang raja berkuasa mutlak, sementara negara lain menentang penjajahan asing. Maka B tepat."
F4 Chp 2,radio,SelangorSet_Q04,A,B,C,D,B,../Selangor set 1/Picture4.png,"中文：B（I、IV）：al-Jamiah al-Khairiah鼓励马来人经商，并撰写说明进步重要性的文章。
Bahasa Melayu: B (I dan IV): Al-Jamiah al-Khairiah membangkitkan semangat berniaga dan menghasilkan rencana berinformasi tentang kepentingan kemajuan."
F4 Chp 2,radio,SelangorSet_Q04,A,B,C,D,B,../Selangor set 2/Picture4.png,"中文：B：KMM公开而大胆反对英国殖民统治，因此英国把它视为激进组织。
Bahasa Melayu: B: KMM berani menyuarakan penentangan terhadap penjajahan British, lalu dianggap pertubuhan radikal."
F4 Chp 2,radio,SelangorSet_Q04,A,B,C,D,B,../Selangor set 3/Picture4.png,"中文：B：Ibu Zain推动女性教育与社会进步，使女性更有能力参与民族发展。
Bahasa Melayu: B: Ibu Zain memajukan pendidikan wanita supaya mereka dapat memperbaik kehidupan dan menyumbang kepada kemajuan bangsa."
F4 Chp 2,radio,Smka_Q04,A,B,C,D,B,../SMKA/Picture4.png,"中文：PASPAM鼓励会员团结并交流意见，把各地读者联结成共同文化与民族意识网络。
Bahasa Melayu: PASPAM menggalakkan ahli bersatu dan bertukar pendapat untuk membina hubungan serta kesedaran bersama."
F4 Chp 2,radio,Terengganu_Q04,A,B,C,D,B,../Terengganu/Picture4.png,"中文：B：这两份英文报章推动教育基金，帮助马来学生赴海外升学。
Bahasa Melayu: B: The Malay Mail dan The Malaya Tribune berusaha mengasaskan dana pendidikan untuk membantu orang Melayu melanjutkan pelajaran di luar negara."
F4 Chp 2,radio,Pahang_Q05,A,B,C,D,D,../Pahang/Picture5.png,"中文：Kartini揭露对人民、尤其妇女的压迫，并强调教育可改善女性处境。
Bahasa Melayu: Kartini mendedahkan penindasan rakyat, khususnya wanita, dan menekankan pendidikan untuk kemajuan mereka."
F4 Chp 2,radio,Sbp_Q05,A,B,C,D,A,../SBP/Picture5.png,"中文：MCKK培养受教育的本地领袖及行政人才。题干若把成立时间写为1920年代应注意：MCKK实际于1905年成立。
Bahasa Melayu: MCKK melahirkan pemimpin dan pentadbir tempatan berpendidikan. Institusi ini ditubuhkan pada 1905, bukan1920-an seperti dinyatakan soalan."
F4 Chp 2,radio,Pahang_Q06,A,B,C,D,B,../Pahang/Picture6.png,"中文：Islah运动倡导宗教与社会改革，鼓励穆斯林接受教育和进步，唤醒民族意识。
Bahasa Melayu: Gerakan Islah menyeru pembaharuan agama serta masyarakat dan menggalakkan pendidikan serta kemajuan untuk kesedaran nasionalisme."
F4 Chp 2,radio,Sbp_Q06,A,B,C,D,D,../SBP/Picture6.png,"中文：Za'ba让师范生认识高等教育及英语课程的重要性，帮助居民突破只受初等教育的限制，故III和IV正确。
Bahasa Melayu: Za'ba menyedarkan guru pelatih tentang kepentingan pendidikan tinggi dan kurikulum bahasa Inggeris. Maka III dan IV tepat."
F4 Chp 2,radio,Pahang_Q07,A,B,C,D,B,../Pahang/Picture7.png,"中文：教育培养知识分子，使他们理解殖民不公平并领导改革和反殖民活动。
Bahasa Melayu: Pendidikan melahirkan cendekiawan yang memahami ketidakadilan penjajahan dan memimpin pembaharuan serta penentangan."
F4 Chp 2,radio,Pahang_Q08,A,B,C,D,D,../Pahang/Picture8.png,"中文：Ibu Zain通过Bulan Melayu强调妇女教育和进步，提升女性尊严及社会地位。
Bahasa Melayu: Ibu Zain melalui Bulan Melayu memperjuangkan pendidikan dan kemajuan untuk mengangkat martabat wanita."
F4 Chp 3,radio,SarawakSerian_Q04,A,B,C,D,B,../Sarawak Serian/Picture4.png,"中文：B（I、IV）：Majalah Guru及Lembaga Melayu讨论教育与民族问题，传播民族觉醒；本题以历史时期的刊物为准。
Bahasa Melayu: B (I dan IV): Majalah Guru dan Lembaga Melayu membincangkan pendidikan serta masalah bangsa dan menyebarkan kesedaran kebangsaan pada zaman tersebut."
F4 Chp 3,radio,JohorBahru_Q05,A,B,C,D,D,../Johor Bahru/Picture5.png,"中文：“亚洲人的亚洲”等口号用来激发反西方殖民情绪，让人民相信日本会解放亚洲，从而支持日本。但这是日本扩张宣传的一部分，因此选D。
Bahasa Melayu: Slogan Jepun membangkitkan sentimen antipenjajah Barat untuk mendapatkan sokongan penduduk Asia. Slogan tersebut juga menjadi propaganda peluasan kuasa Jepun, maka D tepat."
F4 Chp 3,radio,Kedah_Q05,A,B,C,D,C,../Kedah/Picture5.png,"中文：C：军事联盟使一个冲突牵动多个国家，扩大为第一次世界大战；国联失败属于第二次大战背景。
Bahasa Melayu: C: Pakatan ketenteraan menyebabkan konflik melibatkan banyak negara sehingga tercetus Perang Dunia Pertama. Kegagalan Liga Bangsa-Bangsa berkaitan perang kemudian."
F4 Chp 3,radio,Kelantan_Q05,A,B,C,D,C,../Kelantan/Picture5.png,"中文：C：十四点原则强调民族自决，并以民族作为划定国家边界的基础。
Bahasa Melayu: C: Deklarasi Empat Belas Perkara menekankan penentuan nasib sendiri dan sempadan negara berasaskan bangsa."
F4 Chp 3,radio,KlSentul_Q05,A,B,C,D,B,../KL Sentul/Picture5.png,"中文：法西斯主义和纳粹主义强调极端民族主义，把国家与民族置于首位，并推动扩张。因此I和IV正确，选B。
Bahasa Melayu: Fasisme dan Nazisme mengagungkan bangsa serta mengutamakan kepentingan negara secara melampau. Ideologi ini mendorong peluasan kuasa, maka I dan IV, iaitu B."
F4 Chp 3,radio,Melaka_Q05,A,B,C,D,C,../Melaka/Picture5.png,"中文：Wilson主张民族自决，国家边界依据民族形成，让人民决定政治归属。
Bahasa Melayu: Wilson menyarankan penentuan nasib sendiri dengan sempadan negara berasaskan bangsa supaya rakyat menentukan kedudukan politiknya."
F4 Chp 3,radio,Mrsm_Q05,A,B,C,D,C,../MRSM/Picture5.png,"中文：C：法西斯主义强调极端民族主义与军事扩张，成为第二次世界大战因素；王储遇刺属第一次大战。
Bahasa Melayu: C: Fasisme menggalakkan nasionalisme melampau dan perluasan ketenteraan sebagai faktor Perang Dunia Kedua. Pembunuhan pewaris Austria-Hungary berkaitan Perang Dunia Pertama."
F4 Chp 3,radio,N_Q05,A,B,C,D,A,../N9/Picture5.png,"中文：民族自决让人民决定自身国家的政治命运，是Wilson宣言的核心原则。
Bahasa Melayu: Penentuan nasib sendiri membolehkan rakyat menentukan masa depan politik negaranya, prinsip utama deklarasi Wilson."
F4 Chp 3,radio,Penang_Q05,A,B,C,D,B,../Penang/Picture5.png,"中文：在马来亚出生的印度群体形成以本地为家园的身份，关注本地权益与政治。
Bahasa Melayu: Golongan India kelahiran Tanah Melayu membentuk identiti tempatan dan menumpukan hak serta politik negara ini."
F4 Chp 3,radio,Perak_Q05,A,B,C,D,B,../Perak/Picture5.png,"中文：国际联盟旨在通过国际协商维护和平，防止世界大战重演。
Bahasa Melayu: Liga Bangsa-Bangsa ditubuhkan untuk memastikan keamanan melalui kerjasama antarabangsa dan mencegah perang berulang."
F4 Chp 3,radio,Perlis_Q05,A,B,C,D,B,../Perlis/Picture5.png,"中文：军事结盟及帝国主义竞争加剧欧洲紧张，并把局部冲突扩大成战争，所以I和IV正确。
Bahasa Melayu: Pakatan ketenteraan dan persaingan kuasa imperialis meningkatkan ketegangan Eropah serta meluaskan konflik. Maka I dan IV tepat."
F4 Chp 3,radio,PutrajayaSet_Q05,A,B,C,D,B,../Putrajaya set 1/Picture5.png,"中文：日本工业及战争需要原料、能源及市场，促使其向亚太扩张并引发战争。
Bahasa Melayu: Keperluan bahan mentah, tenaga dan pasaran bagi industri serta peperangan mendorong peluasan Jepun di Asia Pasifik."
F4 Chp 3,radio,PutrajayaSet_Q05,A,B,C,D,C,../Putrajaya set 2/Picture5.png,"中文：轴心国合作让德国派专家到日本，研究进攻南方地区并帮助飞机制造业发展，故II和III正确。不要把一般工业技术概括取代课本列出的具体任务。
Bahasa Melayu: Pakatan Kuasa Paksi membolehkan Jerman menghantar pakar untuk mengkaji serangan terhadap wilayah selatan dan membantu industri pembuatan kapal terbang Jepun. Maka II dan III tepat."
F4 Chp 3,radio,SarawakSerian_Q05,A,B,C,D,B,../Sarawak Serian/Picture5.png,"中文：B（I、IV）：国联未能阻止日本侵占满洲，也未能约束德国违反凡尔赛条约；入侵波兰的是德国，不是意大利。
Bahasa Melayu: B (I dan IV): Liga Bangsa-Bangsa gagal menangani penaklukan Manchuria oleh Jepun dan keingkaran Jerman terhadap Versailles. Poland diserang Jerman, bukan Itali."
F4 Chp 3,radio,SelangorSet_Q05,A,B,C,D,C,../Selangor set 1/Picture5.png,"中文：C：奥匈王储遇刺引发巴尔干危机及军事联盟连锁参战，促成第一次世界大战。
Bahasa Melayu: C: Pembunuhan pewaris takhta Austria-Hungary mencetuskan krisis Balkan dan penglibatan pakatan ketenteraan sehingga meletus Perang Dunia Pertama."
F4 Chp 3,radio,SelangorSet_Q05,A,B,C,D,A,../Selangor set 2/Picture5.png,"中文：A：进攻苏联的Barbarossa行动是希特勒扩张欧洲霸权的一部分，目标是扩大对欧洲的统治。
Bahasa Melayu: A: Operasi Barbarossa menyerang Kesatuan Soviet sebagai sebahagian cita-cita Hitler meluaskan penguasaan ke seluruh Eropah."
F4 Chp 3,radio,SelangorSet_Q05,A,B,C,D,B,../Selangor set 3/Picture5.png,"中文：B：国际伊斯兰觉醒鼓舞本地反殖民意识，课本以Tok Janggut反英斗争作为例子。
Bahasa Melayu: B: Kebangkitan Islam antarabangsa mendorong kesedaran menentang penjajahan, termasuk penentangan Tok Janggut terhadap British."
F4 Chp 3,radio,Smka_Q05,A,B,C,D,A,../SMKA/Picture5.png,"中文：第一次世界大战导致德国等君主制度崩溃，也因帝国解体产生新国家，所以I和II正确。
Bahasa Melayu: Perang Dunia Pertama membawa keruntuhan pemerintahan beraja dan kemunculan negara baharu akibat perpecahan empayar. Maka I dan II tepat."
F4 Chp 3,radio,Terengganu_Q05,A,B,C,D,C,../Terengganu/Picture5.png,"中文：C：十四点原则强调民族自决，国家边界应按民族而定。
Bahasa Melayu: C: Deklarasi Empat Belas Perkara menekankan penentuan nasib sendiri dan sempadan negara berasaskan bangsa."
F4 Chp 3,radio,JohorBahru_Q06,A,B,C,D,A,../Johor Bahru/Picture6.png,"中文：Albert Kwok领导沙巴Jesselton起义，反抗日本统治。他不是成立Force136的领袖，因此选A。
Bahasa Melayu: Albert Kwok memimpin pemberontakan Jesselton di Sabah menentang pendudukan Jepun. Oleh itu, A tepat, bukan pembentukan Force 136."
F4 Chp 3,radio,Kedah_Q06,A,B,C,D,D,../Kedah/Picture6.png,"中文：D：日据经验显示欧洲殖民者并非不可战胜，并推动当地人反殖民及争取自主的精神。
Bahasa Melayu: D: Pendudukan Jepun menunjukkan kuasa Barat boleh dikalahkan dan mengembangkan semangat antipenjajah dalam kalangan penduduk tempatan."
F4 Chp 3,radio,Kelantan_Q06,A,B,C,D,B,../Kelantan/Picture6.png,"中文：B：战争造成大量死亡和财产毁坏，提醒人民珍惜和平，并以协商解决争端。
Bahasa Melayu: B: Kehilangan nyawa dan kemusnahan akibat perang mengajar kita menghargai keamanan serta menyelesaikan pertikaian secara damai."
F4 Chp 3,radio,KlSentul_Q06,A,B,C,D,C,../KL Sentul/Picture6.png,"中文：Sybil Kathigasu在霹雳提供医疗援助，帮助战争受害者及抗日游击队。题目线索是诊所与药物援助，因此选C。
Bahasa Melayu: Sybil Kathigasu memberikan rawatan dan ubat kepada mangsa perang serta gerila anti-Jepun di Perak. Oleh itu, C tepat."
F4 Chp 3,radio,Melaka_Q06,A,B,C,D,A,../Melaka/Picture6.png,"中文：战争造成大量伤亡与财产损毁，说明应珍惜和平并避免冲突扩大。
Bahasa Melayu: Kehilangan nyawa dan kemusnahan harta akibat perang mengingatkan kita menghargai keamanan serta mengelakkan konflik."
F4 Chp 3,radio,Mrsm_Q06,A,B,C,D,B,../MRSM/Picture6.png,"中文：B：日本工业与军事需要石油、橡胶及锡等原料，因此向东南亚扩张。
Bahasa Melayu: B: Jepun mahu memperoleh bahan mentah seperti petroleum, getah dan bijih timah untuk keperluan industri serta ketenteraannya."
F4 Chp 3,radio,N_Q06,A,B,C,D,B,../N9/Picture6.png,"中文：日军提升本地领袖以解决官员不足，并争取居民支持，I、IV正确。
Bahasa Melayu: Jepun menaikkan pangkat pemimpin tempatan untuk mengatasi kekurangan pegawai dan mendapat sokongan penduduk; I dan IV betul."
F4 Chp 3,radio,Penang_Q06,A,B,C,D,A,../Penang/Picture6.png,"中文：原答案A对应抗日的Askar Melayu，但该团1933年已成立，不能说是日军占领暴行导致成立。Tentera Semut则在Sarawak开展，题干地区和措辞有问题。
Bahasa Melayu: Key A merujuk Askar Melayu yang menentang Jepun, tetapi rejimen ditubuhkan pada 1933, bukan akibat kekejaman pendudukan. Semut berlaku di Sarawak; lokasi dan perkataan menubuhkan dalam soalan bermasalah."
F4 Chp 3,radio,Perak_Q06,A,B,C,D,C,../Perak/Picture6.png,"中文：日军口号把自己塑造成亚洲解放者，以争取居民支持并掩盖扩张目的。
Bahasa Melayu: Slogan Jepun menggambarkannya sebagai pembela Asia untuk mendapat sokongan penduduk serta menutup tujuan imperialisme."
F4 Chp 3,radio,Perlis_Q06,A,B,C,D,A,../Perlis/Picture6.png,"中文：Yaakob Bidin因勇敢抗敌而获Military Medal，奖章对应其战场英勇表现。
Bahasa Melayu: Yaakob Bidin menerima Military Medal kerana keberanian dalam perjuangan menentang tentera Jepun."
F4 Chp 3,radio,PutrajayaSet_Q06,A,B,C,D,A,../Putrajaya set 1/Picture6.png,"中文：英国迟迟未返回造成权力真空，Bintang Tiga趁机控制地方并惩罚被怀疑合作的人。
Bahasa Melayu: Kelewatan British kembali mewujudkan kekosongan kuasa yang diambil kesempatan oleh Bintang Tiga untuk menguasai keadaan."
F4 Chp 3,radio,PutrajayaSet_Q06,A,B,C,D,D,../Putrajaya set 2/Picture6.png,"中文：粮食短缺及生产运动促使居民利用本地材料、种植替代食物并制作新用品，表现生活创造力。
Bahasa Melayu: Kekurangan makanan mendorong penduduk menggunakan bahan tempatan, menanam makanan gantian dan menghasilkan ciptaan untuk kehidupan."
F4 Chp 3,radio,SarawakSerian_Q06,A,B,C,D,D,../Sarawak Serian/Picture6.png,"中文：D：Barbarossa是德国进攻苏联的军事行动，目标是向东扩张并占领俄罗斯地区。
Bahasa Melayu: D: Operasi Barbarossa ialah serangan Jerman terhadap Kesatuan Soviet untuk meluaskan penguasaan ke timur dan menawan Rusia."
F4 Chp 3,radio,SelangorSet_Q06,A,B,C,D,B,../Selangor set 1/Picture6.png,"中文：B：日本把华人社团联合于Kakeo Kokokai，方便监督及控制当地华人活动。
Bahasa Melayu: B: Jepun menggunakan Kakeo Kokokai untuk menggabungkan persatuan Cina dan mengawal kegiatan penduduk di Sarawak."
F4 Chp 3,radio,SelangorSet_Q06,A,B,C,D,B,../Selangor set 2/Picture6.png,"中文：B：Ibrahim Alla Ditta在对日作战中救助盟军，英勇表现使他获得Military Cross；Pasir Panjang主要相关人物是Adnan Saidi。
Bahasa Melayu: B: Ibrahim Alla Ditta dianugerahi Military Cross kerana keberanian menyelamatkan tentera Bersekutu. Pertempuran Pasir Panjang lebih dikaitkan dengan Adnan Saidi."
F4 Chp 3,radio,SelangorSet_Q06,A,B,C,D,A,../Selangor set 3/Picture6.png,"中文：A：日本投降后Bintang Tiga暴力活动引发反抗，Selempang Merah等组织起来保护当地人民。
Bahasa Melayu: A: Selepas kekalahan Jepun, keganasan Bintang Tiga mendorong pembentukan gerakan seperti Selempang Merah untuk mempertahankan penduduk."
F4 Chp 3,radio,Smka_Q06,A,B,C,D,C,../SMKA/Picture6.png,"中文：Ibrahim Alla Ditta及Yaakob Bidin勇敢抵抗日本入侵，为保卫国家付出，因此受到敬重。
Bahasa Melayu: Ibrahim Alla Ditta dan Yaakob Bidin disanjung kerana keberanian menentang Jepun untuk mempertahankan negara."
F4 Chp 3,radio,Terengganu_Q06,A,B,C,D,A,../Terengganu/Picture6.png,"中文：A：Force 136联合本地马来游击队开展抗日活动，组织情报及破坏行动。
Bahasa Melayu: A: Force 136 membentuk dan bekerjasama dengan pasukan gerila tempatan untuk menjalankan kegiatan menentang Jepun."
F4 Chp 3,radio,Sbp_Q07,A,B,C,D,A,../SBP/Picture7.png,"中文：德国轰炸英国重要工业及城市，意图削弱经济、生产与继续作战能力。
Bahasa Melayu: Pengeboman Jerman menyasarkan industri dan bandar British untuk melumpuhkan ekonomi serta keupayaan meneruskan perang."
F4 Chp 3,radio,Sbp_Q08,A,B,C,D,C,../SBP/Picture8.png,"中文：我国位置有利于控制海峡及向东南亚扩军，是日本进攻的重要军事战略因素。
Bahasa Melayu: Kedudukan negara kita membantu penguasaan laluan dan kemaraan tentera ke Asia Tenggara, menjadikannya strategik bagi Jepun."
F4 Chp 3,radio,Pahang_Q09,A,B,C,D,C,../Pahang/Picture9.png,"中文：Versailles条约限制德国军备；德国后来扩充军队违反这些限制。题中1919指条约年份，并非扩军发生年份。
Bahasa Melayu: Versailles mengehadkan tentera Jerman; pengukuhan tentera kemudian melanggar syarat itu. Tahun 1919 merujuk tahun perjanjian, bukan tindakan memperkuat tentera."
F4 Chp 3,radio,Sbp_Q09,A,B,C,D,C,../SBP/Picture9.png,"中文：Giyu Tai协助海岸防卫并维护公共秩序；不是抗日游击队。
Bahasa Melayu: Giyu Tai membantu pertahanan pesisiran pantai dan menjaga ketenteraman awam, bukan pasukan gerila anti-Jepun."
F4 Chp 3,radio,Pahang_Q10,A,B,C,D,A,../Pahang/Picture10.png,"中文：经济制裁限制资源供应，日本以南方扩张取得石油等原料，I、II正确。
Bahasa Melayu: Sekatan ekonomi menghadkan bekalan dan Jepun meluaskan kuasa ke wilayah selatan untuk minyak serta bahan mentah; I dan II betul."
F4 Chp 3,radio,Pahang_Q11,A,B,C,D,D,../Pahang/Picture11.png,"中文：口号把日本描绘成亚洲的保护者，掩饰帝国扩张并争取本地支持，D符合强调形象的课本表述。
Bahasa Melayu: Slogan menggambarkan Jepun sebagai pembela Asia untuk menyembunyikan imperialisme dan menarik sokongan; D menepati penekanan imej dalam buku teks."
F4 Chp 3,radio,Pahang_Q12,A,B,C,D,B,../Pahang/Picture12.png,"中文：Gurchan Singh以Lion of Malaya为化名散发反日传单和宣传资料。
Bahasa Melayu: Gurchan Singh menggunakan nama Lion of Malaya untuk menyebarkan risalah serta propaganda anti-Jepun."
F4 Chp 4,radio,JohorBahru_Q07,A,B,C,D,C,../Johor Bahru/Picture7.png,"中文：马来统治者决定以法律途径挑战Malayan Union，质疑签约过程是否有效，维护统治权。因此选C的通过法院抗议。
Bahasa Melayu: Raja-raja Melayu menggunakan saluran perundangan untuk mencabar kesahan perjanjian Malayan Union serta mempertahankan kedaulatan. Oleh itu, C tepat."
F4 Chp 4,radio,Kedah_Q07,A,B,C,D,D,../Kedah/Picture7.png,"中文：D：英国总督领导、采用jus soli公民原则，是1946年Malayan Union的特点。
Bahasa Melayu: D: Pentadbiran oleh Gabenor British dan kewarganegaraan melalui jus soli ialah ciri Malayan Union 1946."
F4 Chp 4,radio,Kelantan_Q07,A,B,C,D,B,../Kelantan/Picture7.png,"中文：B：jus soli及未满18岁的公民子女资格是Malayan Union宽松公民条件的一部分。
Bahasa Melayu: B: Jus soli dan kelayakan anak bawah 18 tahun yang ibu bapanya warganegara ialah sebahagian syarat kewarganegaraan Malayan Union."
F4 Chp 4,radio,KlSentul_Q07,A,B,C,D,D,../KL Sentul/Picture7.png,"中文：BMA要求MPAJA交出武器，以终止战后武装势力自行行动，恢复社会秩序与安全。因此最全面的目的为D。
Bahasa Melayu: BMA mengarahkan MPAJA menyerahkan senjata untuk mengawal kegiatan bersenjata dan memulihkan keamanan selepas perang. Oleh itu, D tepat."
F4 Chp 4,radio,Melaka_Q07,A,B,C,D,A,../Melaka/Picture7.png,"中文：BMA恢复战后秩序、公共设施和基本供应，以重建人民对政府的信任。
Bahasa Melayu: BMA memulihkan ketenteraman, kemudahan dan bekalan selepas perang untuk mengembalikan kepercayaan rakyat."
F4 Chp 4,radio,Mrsm_Q07,A,B,C,D,A,../MRSM/Picture7.png,"中文：A：UMNO组织各地大规模抗议，集合马来人反对Malayan Union。
Bahasa Melayu: A: UMNO menyatukan orang Melayu melalui bantahan besar-besaran terhadap Malayan Union."
F4 Chp 4,radio,N_Q07,A,B,C,D,B,../N9/Picture7.png,"中文：BMA恢复人民信任及战后稳定与和平，所以I、IV正确。
Bahasa Melayu: BMA memulihkan kepercayaan rakyat serta kestabilan dan keamanan selepas perang; I dan IV betul."
F4 Chp 4,radio,Penang_Q07,A,B,C,D,B,../Penang/Picture7.png,"中文：反Malayan Union运动显示斗争精神及马来人联合捍卫权利，所以I、IV正确。
Bahasa Melayu: Penentangan Malayan Union menunjukkan semangat juang dan penyatuan orang Melayu mempertahankan hak; I dan IV betul."
F4 Chp 4,radio,Perak_Q07,A,B,C,D,D,../Perak/Picture7.png,"中文：Malayan Union统一行政、便于资源管理及吸引投资，为英国经济利益服务。
Bahasa Melayu: Malayan Union menyatukan pentadbiran untuk pengurusan sumber dan pelaburan demi kepentingan ekonomi British."
F4 Chp 4,radio,Perlis_Q07,A,B,C,D,D,../Perlis/Picture7.png,"中文：人民通过马来大会集合力量，并以报刊宣传反对马来亚联盟，故III和IV正确；高等法院行动主要与统治者有关。
Bahasa Melayu: Rakyat mengadakan Kongres Melayu dan menggunakan akhbar untuk menentang Malayan Union, maka III dan IV tepat. Tindakan mahkamah terutama berkaitan raja."
F4 Chp 4,radio,PutrajayaSet_Q07,A,B,C,D,A,../Putrajaya set 1/Picture7.png,"中文：英国为统一及简化行政、保障经济投资而推出马来亚联盟，A对应图中两个行政经济目的。
Bahasa Melayu: British memperkenalkan Malayan Union untuk menyeragamkan pentadbiran dan menjaga kepentingan pelaburan ekonomi."
F4 Chp 4,radio,PutrajayaSet_Q07,A,B,C,D,D,../Putrajaya set 2/Picture7.png,"中文：统治者向伦敦寄出抗议信，反对在压力下签署协议及马来亚联盟削弱主权。
Bahasa Melayu: Raja-raja Melayu menghantar surat bantahan ke London terhadap persetujuan yang diperoleh melalui tekanan dan pengurangan kedaulatan."
F4 Chp 4,radio,SarawakSerian_Q07,A,B,C,D,B,../Sarawak Serian/Picture7.png,"中文：B（I、IV）：英国统一行政以提高管理效率，并希望加强经济活动与投资；增加行政成本不是目的。
Bahasa Melayu: B (I dan IV): Malayan Union bertujuan melicinkan pentadbiran dan meningkatkan kegiatan serta pelaburan ekonomi, bukan menambah kos pentadbiran."
F4 Chp 4,radio,SelangorSet_Q07,A,B,C,D,A,../Selangor set 1/Picture7.png,"中文：A：统一行政有助英国更有效管理资源与经济，提升经济活动和投资。
Bahasa Melayu: A: Malayan Union menyatukan pentadbiran untuk meningkatkan kecekapan pengurusan serta pelaburan ekonomi."
F4 Chp 4,radio,SelangorSet_Q07,A,B,C,D,D,../Selangor set 2/Picture7.png,"中文：D：统治者认为签署Malayan Union协议时受到施压，要求取消其对该协议的同意。
Bahasa Melayu: D: Raja-raja Melayu mempertikaikan persetujuan yang diperoleh melalui tekanan dan meminta persetujuan terhadap Malayan Union dimansuhkan."
F4 Chp 4,radio,SelangorSet_Q07,A,B,C,D,C,../Selangor set 3/Picture7.png,"中文：C：统治者认为MacMichael以施压及威胁取得签字，因此同意并非合法自愿，决定提诉。
Bahasa Melayu: C: Raja-raja Melayu menganggap persetujuan diperoleh melalui tekanan dan paksaan MacMichael, lalu mempertikaikan kesahihannya di mahkamah."
F4 Chp 4,radio,Smka_Q07,A,B,C,D,D,../SMKA/Picture7.png,"中文：马来统治者通过在英国高等法院提出挑战，反对马来亚联盟协议取得方式及主权削弱。
Bahasa Melayu: Raja-raja Melayu menggunakan tindakan di Mahkamah Tinggi England untuk mencabar Malayan Union dan cara persetujuan diperoleh."
F4 Chp 4,radio,Terengganu_Q07,A,B,C,D,B,../Terengganu/Picture7.png,"中文：B（I、IV）：Malayan Union把马来亚变成英国直接殖民地，并削弱统治者政治主权，因此遭到反对。
Bahasa Melayu: B (I dan IV): Malayan Union menjadikan Tanah Melayu tanah jajahan secara langsung dan menghakis kedaulatan politik Raja-raja Melayu."
F4 Chp 4,radio,JohorBahru_Q08,A,B,C,D,A,../Johor Bahru/Picture8.png,"中文：割让砂拉越违反1941年宪法所承诺的自治方向，且无视Brooke遗嘱并使用欺骗手段。题目缺项是违反原则，选A。
Bahasa Melayu: Penyerahan Sarawak bertentangan dengan prinsip Perlembagaan 1941 yang menjanjikan pemerintahan sendiri, selain mengetepikan wasiat dan menggunakan muslihat. Oleh itu, A tepat."
F4 Chp 4,radio,Kedah_Q08,A,B,C,D,A,../Kedah/Picture8.png,"中文：A（I、II）：战后修复缺乏资金及王位继承困难，促使Vyner Brooke移交砂拉越。
Bahasa Melayu: A (I dan II): Kekurangan kewangan selepas perang dan masalah pewarisan takhta mendorong Vyner Brooke menyerahkan Sarawak."
F4 Chp 4,radio,Kelantan_Q08,A,B,C,D,C,../Kelantan/Picture8.png,"中文：C：英国继续在东南亚维护战略及经济利益，把沙巴直接纳入殖民统治；王位继承是砂拉越因素。
Bahasa Melayu: C: British meneruskan dasar dan kepentingan strategik serta ekonomi di rantau ini melalui penguasaan Sabah. Masalah pewarisan takhta berkaitan Sarawak."
F4 Chp 4,radio,KlSentul_Q08,A,B,C,D,D,../KL Sentul/Picture8.png,"中文：Malayan Union把主要行政权交给英国总督，使苏丹失去原有统治主权。统治者通过抗议信、法院及抵制仪式反对，因此选D。
Bahasa Melayu: Malayan Union memindahkan kuasa utama kepada Gabenor British dan menjejaskan kedaulatan sultan. Raja-raja Melayu menentang melalui pelbagai saluran, maka D tepat."
F4 Chp 4,radio,Melaka_Q08,A,B,C,D,D,../Melaka/Picture8.png,"中文：两位妇女领袖动员女性参加反Malayan Union运动，捍卫马来主权和权益。
Bahasa Melayu: Kedua-dua pemimpin wanita menggerakkan bantahan Malayan Union untuk mempertahankan kedaulatan serta kepentingan Melayu."
F4 Chp 4,radio,Mrsm_Q08,A,B,C,D,C,../MRSM/Picture8.png,"中文：C：砂拉越移交英国成为殖民地，否定1941年宪法许诺的自治方向，因而被反对。
Bahasa Melayu: C: Penyerahan Sarawak sebagai tanah jajahan menafikan hak berkerajaan sendiri yang dijanjikan Perlembagaan 1941."
F4 Chp 4,radio,N_Q08,A,B,C,D,A,../N9/Picture8.png,"中文：马来民众在议员巡察时举行示威，展示对Malayan Union的广泛反对。
Bahasa Melayu: Orang Melayu mengadakan tunjuk perasaan semasa lawatan ahli parlimen untuk menunjukkan bantahan luas terhadap Malayan Union."
F4 Chp 4,radio,Penang_Q08,A,B,C,D,D,../Penang/Picture8.png,"中文：Sabah居民当时对移交目的及影响了解有限，政治组织和意识亦薄弱，未形成强大反对运动。
Bahasa Melayu: Penduduk Sabah kurang memahami tujuan dan kesan penyerahan, sementara kesedaran serta pertubuhan politik lemah, lalu bantahan besar tidak muncul."
F4 Chp 4,radio,Perak_Q08,A,B,C,D,D,../Perak/Picture8.png,"中文：支持割让者期望英国带来工作及本地发展机会，所以III、IV正确。
Bahasa Melayu: Penyokong penyerahan berharap British menyediakan pekerjaan dan memajukan penduduk tempatan; III dan IV betul."
F4 Chp 4,radio,Perlis_Q08,A,B,C,D,D,../Perlis/Picture8.png,"中文：SBUB无足够资金重建战后的沙巴，因此把当地移交英国政府。
Bahasa Melayu: SBUB kekurangan dana untuk membangunkan semula Sabah selepas perang, lalu menyerahkannya kepada British."
F4 Chp 4,radio,PutrajayaSet_Q08,A,B,C,D,B,../Putrajaya set 1/Picture8.png,"中文：各领袖组织马来大会，集合协会及人民力量共同反对联盟，随后推动UMNO成立。
Bahasa Melayu: Kerjasama pemimpin membawa penganjuran Kongres Melayu untuk menyatukan penentangan terhadap Malayan Union."
F4 Chp 4,radio,PutrajayaSet_Q08,A,B,C,D,C,../Putrajaya set 2/Picture8.png,"中文：禁止公务员参与反割让运动的通告引发409人辞职，也影响56名师范生的学习，故II和III正确；Rukun13是随后激进行动。
Bahasa Melayu: Pekeliling yang melarang kakitangan kerajaan menyertai antipenyerahan menyebabkan409orang meletakkan jawatan dan menjejaskan56pelajar maktab. Maka II dan III tepat."
F4 Chp 4,radio,SarawakSerian_Q08,A,B,C,D,D,../Sarawak Serian/Picture8.png,"中文：D：1941年宪法承诺让砂拉越人民走向自治，移交英国成为殖民地违背了这项承诺。
Bahasa Melayu: D: Perlembagaan 1941 menjanjikan arah berkerajaan sendiri kepada rakyat Sarawak; penyerahan kepada British bercanggah dengan janji tersebut."
F4 Chp 4,radio,SelangorSet_Q08,A,B,C,D,A,../Selangor set 2/Picture8.png,"中文：A：YMA关注当地马来人的社会与经济进步，通过组织活动改善人民生活。
Bahasa Melayu: A: YMA bertujuan memajukan penduduk tempatan melalui kegiatan sosial dan ekonomi."
F4 Chp 4,radio,SelangorSet_Q08,A,B,C,D,A,../Selangor set 3/Picture8.png,"中文：A：SBUB把管理权移交英国后，沙巴成为英国直属殖民地。
Bahasa Melayu: A: Penyerahan kuasa pentadbiran SBUB kepada British menyebabkan Sabah menjadi tanah jajahan British."
F4 Chp 4,radio,Smka_Q08,A,B,C,D,D,../SMKA/Picture8.png,"中文：SBUB缺乏重建战争破坏的资金，于1946年把沙巴移交英国政府。
Bahasa Melayu: SBUB kekurangan dana untuk pembangunan semula selepas perang lalu menyerahkan Sabah kepada British pada 1946."
F4 Chp 4,radio,Terengganu_Q08,A,B,C,D,A,../Terengganu/Picture8.png,"中文：A：Rosli Dhoby的反移交斗争激发砂拉越民族意识，后来推动本地政党成立；并非当时即恢复传统统治。
Bahasa Melayu: A: Perjuangan Rosli Dhoby membangkitkan kesedaran nasionalisme yang kemudian membawa kepada penubuhan parti politik di Sarawak."
F4 Chp 4,radio,Mrsm_Q09,A,B,C,D,B,../MRSM/Picture9.png,"中文：B：战争严重毁坏沙巴城镇，SBUB缺乏资金与能力重建，于是移交英国。
Bahasa Melayu: B: Kemusnahan bandar akibat perang menyebabkan SBUB kekurangan sumber untuk membina semula Sabah, lalu menyerahkannya kepada British."
F4 Chp 4,radio,Sbp_Q10,A,B,C,D,A,../SBP/Picture10.png,"中文：马来亚联盟设统治者会议，并以宽松jus soli安排公民权；1948联邦的公民权条件更严格。
Bahasa Melayu: Malayan Union mewujudkan Majlis Raja-Raja dan kewarganegaraan jus soli yang longgar; syarat PTM1948 lebih ketat."
F4 Chp 4,radio,Sbp_Q11,A,B,C,D,B,../SBP/Picture11.png,"中文：支持者认为英国会发展当地并提供公务就业机会，故I和IV是支持割让的理由。
Bahasa Melayu: Penyokong penyerahan menganggap British akan memajukan penduduk dan memberikan pekerjaan dalam perkhidmatan awam. Maka I dan IV tepat."
F4 Chp 4,radio,Pahang_Q13,A,B,C,D,C,../Pahang/Picture13.png,"中文：BMA要求缴械并解散抗日游击队MPAJA，以减少战后武装混乱，按题意选C。
Bahasa Melayu: BMA meminta senjata diserahkan dan membubarkan MPAJA untuk mengurangkan kekacauan bersenjata selepas perang, C."
F4 Chp 4,radio,Pahang_Q14,A,B,C,D,A,../Pahang/Picture14.png,"中文：宽松jus soli扩大移民公民权，马来人担忧本地特殊地位及政治优势被削弱。
Bahasa Melayu: Jus soli yang longgar meluaskan kewarganegaraan imigran dan menimbulkan kebimbangan kedudukan istimewa serta kekuatan politik Melayu terhakis."
F4 Chp 5,radio,SelangorSet_Q08,A,B,C,D,D,../Selangor set 1/Picture8.png,"中文：D：英国希望掌握砂拉越的经济财富，因此施压要求取得更大统治权。
Bahasa Melayu: D: British mendesak perluasan kuasa supaya dapat menguasai kekayaan dan kepentingan ekonomi Sarawak."
F4 Chp 5,radio,JohorBahru_Q09,A,B,C,D,D,../Johor Bahru/Picture9.png,"中文：1948年联合邦恢复马来州作为保护国的地位，并恢复统治者权力。国家元首职位在独立时设立，因此III和IV正确，选D。
Bahasa Melayu: Persekutuan 1948 mengembalikan status negeri naungan dan memulihkan kedudukan Raja-raja Melayu. Jawatan Yang di-Pertuan Agong diwujudkan kemudian, maka III dan IV, iaitu D."
F4 Chp 5,radio,Kedah_Q09,A,B,C,D,D,../Kedah/Picture9.png,"中文：D：工作委员会负责拟定取代Malayan Union的联合邦协议内容，而恢复王权等属于其具体建议。
Bahasa Melayu: D: Jawatankuasa Kerja merangka isi Perjanjian Persekutuan Tanah Melayu; pemulihan kuasa raja ialah antara cadangannya."
F4 Chp 5,radio,Kelantan_Q09,A,B,C,D,C,../Kelantan/Picture9.png,"中文：C：PUTERA-AMCJA提出的人民宪法没有获英国接受，遂用hartal停业行动表示反对。
Bahasa Melayu: C: PUTERA-AMCJA melancarkan hartal sebagai bantahan terhadap penolakan Perlembagaan Rakyat yang mereka cadangkan."
F4 Chp 5,radio,KlSentul_Q09,A,B,C,D,A,../KL Sentul/Picture9.png,"中文：引文承认激进民族主义者也为独立贡献力量，其抗争增加英国面对的压力并唤醒人民。因此选A，即解放祖国。
Bahasa Melayu: Petikan mengiktiraf sumbangan nasionalis radikal dalam perjuangan membebaskan tanah air daripada penjajah. Tekanan dan kesedaran yang mereka bangkitkan turut membantu kemerdekaan, maka A tepat."
F4 Chp 5,radio,Melaka_Q09,A,B,C,D,C,../Melaka/Picture9.png,"中文：人民宪法建议把统一公民身份称为Melayu，并不意味着所有人的族群身份改变。
Bahasa Melayu: Perlembagaan Rakyat mencadangkan kewarganegaraan Malaya dinamakan Melayu, bukan perubahan keturunan semua penduduk."
F4 Chp 5,radio,N_Q09,A,B,C,D,C,../N9/Picture9.png,"中文：PUTERA-AMCJA认为工作委员会只包含特定群体，未代表所有族群及政治力量。
Bahasa Melayu: PUTERA-AMCJA membantah kerana Jawatankuasa Kerja tidak mewakili semua kaum dan pertubuhan politik."
F4 Chp 5,radio,Penang_Q09,A,B,C,D,B,../Penang/Picture9.png,"中文：PUTERA-AMCJA发动hartal，要求商家停业，以和平集体行动抗议人民宪法被拒。
Bahasa Melayu: PUTERA-AMCJA menganjurkan hartal dengan penutupan kedai sebagai bantahan bersama secara aman terhadap penolakan Perlembagaan Rakyat."
F4 Chp 5,radio,Perak_Q09,A,B,C,D,C,../Perak/Picture9.png,"中文：工作委员会共同拟定1948年联邦协议基础，取代Malayan Union安排。
Bahasa Melayu: Jawatankuasa Kerja merangka asas Perjanjian Persekutuan 1948 untuk menggantikan Malayan Union."
F4 Chp 5,radio,Perlis_Q09,A,B,C,D,C,../Perlis/Picture9.png,"中文：Hamzah Abdullah及Nik Ahmad Kamil是统治者代表；Onn Jaafar及Abdul Rahman Yassin代表UMNO，故II和III正确。
Bahasa Melayu: Hamzah Abdullah dan Nik Ahmad Kamil mewakili Raja-raja Melayu, sementara Onn Jaafar serta Abdul Rahman Yassin mewakili UMNO. Maka II dan III tepat."
F4 Chp 5,radio,PutrajayaSet_Q09,A,B,C,D,B,../Putrajaya set 1/Picture9.png,"中文：Burhanuddin及其他反对者要求真正独立和更广泛政治自由，认为1948年联邦仍保留英国控制，故I和IV符合。
Bahasa Melayu: Burhanuddin dan golongan penentang menuntut kebebasan bersuara serta kemerdekaan sepenuhnya kerana PTM1948 masih mengekalkan kawalan British. Maka I dan IV tepat."
F4 Chp 5,radio,PutrajayaSet_Q09,A,B,C,D,C,../Putrajaya set 2/Picture9.png,"中文：Hamzah Abdullah及Nik Ahmad Kamil代表统治者参与工作委员会，Onn及Abdul Rahman Yassin代表UMNO，故II和III正确。
Bahasa Melayu: Hamzah Abdullah dan Nik Ahmad Kamil mewakili raja, sementara Onn Jaafar serta Abdul Rahman Yassin mewakili UMNO. Maka II dan III tepat."
F4 Chp 5,radio,SarawakSerian_Q09,A,B,C,D,A,../Sarawak Serian/Picture9.png,"中文：A：言论、集会和出版自由让民族主义者传播思想，启发人民争取独立。
Bahasa Melayu: A: Kebebasan bersuara, berhimpun dan menerbitkan akhbar membolehkan nasionalis membuka minda rakyat ke arah negara merdeka."
F4 Chp 5,radio,SelangorSet_Q09,A,B,C,D,B,../Selangor set 1/Picture9.png,"中文：B（I、IV）：PUTERA-AMCJA认为工作委员会没有非马来代表，建议也继续强化英国控制。
Bahasa Melayu: B (I dan IV): PUTERA-AMCJA menolak cadangan kerana tiada wakil bukan Melayu dan kuasa British terus diperkukuh."
F4 Chp 5,radio,SelangorSet_Q09,A,B,C,D,C,../Selangor set 2/Picture9.png,"中文：C（II、III）：PUTERA提出国旗应含马来民族色彩，并要求外交与国防由马来亚和英国共同承担。
Bahasa Melayu: C (II dan III): PUTERA mencadangkan unsur warna kebangsaan Melayu dalam bendera serta tanggungjawab bersama Tanah Melayu dan British dalam hal ehwal luar dan pertahanan."
F4 Chp 5,radio,SelangorSet_Q09,A,B,C,D,C,../Selangor set 3/Picture9.png,"中文：C：新加坡没有加入1948年马来亚联合邦，继续作为单独的英国殖民地。
Bahasa Melayu: C: Singapura tidak menyertai Persekutuan Tanah Melayu 1948 dan kekal sebagai tanah jajahan British yang berasingan."
F4 Chp 5,radio,Smka_Q09,A,B,C,D,B,../SMKA/Picture9.png,"中文：委员会包括统治者与UMNO代表，以及英国方面代表，故题列I和IV正确。
Bahasa Melayu: Jawatankuasa Kerja dianggotai wakil Raja-raja Melayu, UMNO dan British. Dalam pilihan yang diberikan, I dan IV tepat."
F4 Chp 5,radio,Terengganu_Q09,A,B,C,D,A,../Terengganu/Picture9.png,"中文：A：工作委员会讨论取代Malayan Union的新联邦协议基础，包括行政及公民制度。
Bahasa Melayu: A: Jawatankuasa Kerja membincangkan asas Perjanjian Persekutuan bagi menggantikan Malayan Union, termasuk pentadbiran dan kewarganegaraan."
F4 Chp 5,radio,JohorBahru_Q10,A,B,C,D,B,../Johor Bahru/Picture10.png,"中文：联合邦协定保障马来人的特殊地位，回应本地居民对权益受损的担忧。因此选B，而不是把完全自治说成1948年成果。
Bahasa Melayu: Perjanjian 1948 melindungi kedudukan istimewa orang Melayu dan kepentingan penduduk asal. Oleh itu, B tepat."
F4 Chp 5,radio,Kedah_Q10,A,B,C,D,B,../Kedah/Picture10.png,"中文：B（I、IV）：1948年协议开启族群政治合作，并保障马来人的特殊地位。
Bahasa Melayu: B (I dan IV): Perjanjian 1948 memulakan asas kerjasama kaum dan melindungi kedudukan istimewa orang Melayu."
F4 Chp 5,radio,Kelantan_Q10,A,B,C,D,B,../Kelantan/Picture10.png,"中文：B：部分英国行政人员支持恢复王权和稳定行政的联合邦方案，有助新体制成立。
Bahasa Melayu: B: Sokongan pentadbir British terhadap susunan Persekutuan yang memulihkan kedudukan raja dan kestabilan membantu penubuhannya."
F4 Chp 5,radio,KlSentul_Q10,A,B,C,D,B,../KL Sentul/Picture10.png,"中文：英国拒绝PUTERA-AMCJA提出的《人民宪法》，促使其发动Hartal停业抗议，因此选B。全国性Hari Hartal Se-Malaya的日期为1947年10月20日，题图若把全国行动标为9月20日，月份有误。
Bahasa Melayu: Penolakan Perlembagaan Rakyat oleh British mendorong hartal sebagai bantahan, maka B tepat. Hari Hartal Se-Malaya berlangsung pada 20 Oktober 1947; jika gambar merujuk tindakan seluruh Malaya, tarikh 20 September dalam soalan tidak tepat."
F4 Chp 5,radio,Melaka_Q10,A,B,C,D,D,../Melaka/Picture10.png,"中文：Gammans与Rees Williams赴马来亚观察人民反Malayan Union的强烈抗议，并向英国反馈。
Bahasa Melayu: Gammans dan Rees Williams datang menyaksikan bantahan terhadap Malayan Union dan melaporkannya kepada British."
F4 Chp 5,radio,Mrsm_Q10,A,B,C,D,A,../MRSM/Picture10.png,"中文：A：被工作委员会排除的激进马来组织结成PUTERA，联合推动另一套宪法主张。
Bahasa Melayu: A: Golongan nasionalis Melayu radikal membentuk PUTERA untuk menyatukan tuntutan dan mengemukakan cadangan perlembagaan alternatif."
F4 Chp 5,radio,N_Q10,A,B,C,D,D,../N9/Picture10.png,"中文：英国行政人员支持及马来君主提出联邦建议，推动以1948年联邦取代Malayan Union。
Bahasa Melayu: Sokongan pentadbir British dan cadangan Raja-raja Melayu mendorong penggantian Malayan Union dengan Persekutuan 1948."
F4 Chp 5,radio,Penang_Q10,A,B,C,D,D,../Penang/Picture10.png,"中文：人民与领袖共同坚持要求、参与协商，促成1948年联邦，体现合作的重要。
Bahasa Melayu: Kerjasama rakyat dan pemimpin dalam tuntutan serta rundingan menjayakan Persekutuan 1948, menunjukkan pentingnya permuafakatan."
F4 Chp 5,radio,Perak_Q10,A,B,C,D,C,../Perak/Picture10.png,"中文：1948年协议设依法自动取得及登记公民权两类途径，II、III正确。
Bahasa Melayu: Perjanjian 1948 menyediakan kewarganegaraan secara kuat kuasa undang-undang dan pendaftaran; II dan III betul."
F4 Chp 5,radio,Perlis_Q10,A,B,C,D,A,../Perlis/Picture10.png,"中文：1948年联邦承认马来人特殊地位，并恢复统治者主权，回应马来人对联盟制度的忧虑。
Bahasa Melayu: PTM 1948 mengiktiraf kedudukan istimewa orang Melayu dan memulihkan kedaulatan raja sebagai tindak balas terhadap kebimbangan mengenai Malayan Union."
F4 Chp 5,radio,PutrajayaSet_Q10,A,B,C,D,A,../Putrajaya set 1/Picture10.png,"中文：马六甲及槟城是英国殖民地，出生于这些地区者归入英国臣民类别，而非有苏丹州的统治者臣民。
Bahasa Melayu: Melaka dan Pulau Pinang ialah tanah jajahan British; penduduk yang lahir di sana termasuk rakyat British, bukan rakyat Raja negeri Melayu."
F4 Chp 5,radio,PutrajayaSet_Q10,A,B,C,D,D,../Putrajaya set 2/Picture10.png,"中文：1948年联邦确认马来人作为本地原有居民的地位，并保障相关权益，非削弱其社会地位。
Bahasa Melayu: PTM1948 mengiktiraf orang Melayu sebagai penduduk asal dan menjaga kedudukan serta kepentingan mereka."
F4 Chp 5,radio,SarawakSerian_Q10,A,B,C,D,C,../Sarawak Serian/Picture10.png,"中文：C：课本把Atlantic Charter的去殖民化原则列为英国接受1948年联合邦安排的背景，促进当地人自治。
Bahasa Melayu: C: Buku teks mengaitkan prinsip dekolonisasi Piagam Atlantik dengan sokongan British terhadap Persekutuan 1948 dan persediaan pemerintahan sendiri."
F4 Chp 5,radio,SelangorSet_Q10,A,B,C,D,D,../Selangor set 1/Picture10.png,"中文：D：1948年马来亚联合邦由英国最高专员领导；国家元首职位是在独立后建立。
Bahasa Melayu: D: Persekutuan Tanah Melayu 1948 diketuai Pesuruhjaya Tinggi British, manakala jawatan Yang di-Pertuan Agong diwujudkan selepas merdeka."
F4 Chp 5,radio,SelangorSet_Q10,A,B,C,D,C,../Selangor set 2/Picture10.png,"中文：C：这不是自动取得公民身份，而是符合居住、品格、语言及忠诚条件后提出申请，按本题称为登记。
Bahasa Melayu: C: Pemuda itu perlu memohon setelah memenuhi syarat pemastautinan, kelakuan baik, bahasa dan kesetiaan; dalam pilihan soalan ini kaedahnya ialah pendaftaran, bukan kuat kuasa undang-undang."
F4 Chp 5,radio,SelangorSet_Q10,A,B,C,D,C,../Selangor set 3/Picture10.png,"中文：C：CLC为不同族群提供协商平台，培养理解并缓和关系。
Bahasa Melayu: C: CLC menyediakan ruang perbincangan antara kaum untuk memupuk persefahaman dan mengurangkan pertentangan."
F4 Chp 5,radio,Smka_Q10,A,B,C,D,C,../SMKA/Picture10.png,"中文：支持联邦的英国官员认为新制度能恢复和平及稳定，让经济活动继续发展。
Bahasa Melayu: Pentadbir British menyokong Persekutuan kerana dapat mewujudkan keamanan, kestabilan dan kemajuan ekonomi."
F4 Chp 5,radio,Terengganu_Q10,A,B,C,D,B,../Terengganu/Picture10.png,"中文：B（I、IV）：马来人的强烈反对及英国行政人员支持新安排，使英国同意以1948年联合邦取代Malayan Union。
Bahasa Melayu: B (I dan IV): Bantahan orang Melayu dan sokongan pentadbir British mendorong penggantian Malayan Union dengan Persekutuan 1948."
F4 Chp 5,radio,Mrsm_Q11,A,B,C,D,B,../MRSM/Picture11.png,"中文：B：CLC让各族领袖协商敏感问题，形成理解及政治妥协。
Bahasa Melayu: B: CLC membolehkan pemimpin pelbagai kaum berbincang tentang isu sensitif untuk membina persefahaman dan kompromi."
F4 Chp 5,radio,Sbp_Q12,A,B,C,D,A,../SBP/Picture12.png,"中文：调查认为若英国继续强行联盟，可能造成严重混乱，促使英国考虑改变制度；A应理解为风险判断，不是证明当时已经发生全面混乱。
Bahasa Melayu: Tinjauan memberi amaran bahawa penerusan Malayan Union boleh mencetuskan huru-hara. A merujuk risiko yang dibimbangi, bukan bukti kekacauan menyeluruh sudah berlaku."
F4 Chp 5,radio,Pahang_Q15,A,B,C,D,C,../Pahang/Picture15.png,"中文：共同公民身份增加非马来人的国家归属，有助各族合作建立联邦。
Bahasa Melayu: Kewarganegaraan bukan Melayu meningkatkan rasa kepunyaan dan kerjasama kaum dalam pembinaan persekutuan."
F4 Chp 6,radio,JohorBahru_Q11,A,B,C,D,B,../Johor Bahru/Picture11.png,"中文：印尼共产党使用暴力争取支持，但当地社会不接受这种斗争方式，未能在马来亚获得广泛支持。因此选B。
Bahasa Melayu: Cara perjuangan PKI yang menggunakan kekerasan tidak mendapat sambutan penduduk Tanah Melayu. Kegagalan memperoleh sokongan menyukarkan pembukaan cawangan, maka B tepat."
F4 Chp 6,radio,Kedah_Q11,A,B,C,D,A,../Kedah/Picture11.png,"中文：A：Templer以心理战措施争取合作，包括针对Tanjung Malim施加限制及收集信息，以取得共产党情报。
Bahasa Melayu: A: Templer menggunakan Perang Saraf, termasuk tekanan serta usaha mendapatkan maklumat di Tanjung Malim, untuk memperoleh kerjasama penduduk."
F4 Chp 6,radio,Kelantan_Q11,A,B,C,D,B,../Kelantan/Picture11.png,"中文：B（I、IV）：共产主义思想通过华校及工会传播，接触学生、教师和劳动群体。
Bahasa Melayu: B (I dan IV): Fahaman komunis tersebar melalui sekolah Cina dan kesatuan sekerja kepada pelajar, guru serta pekerja."
F4 Chp 6,radio,KlSentul_Q11,A,B,C,D,C,../KL Sentul/Picture11.png,"中文：共产党杀害双溪Siput种植园经理，促使英国宣布紧急状态，以加强安全控制。因此即时影响是C；Briggs计划等属于后续措施。
Bahasa Melayu: Pembunuhan pengurus ladang Eropah di Sungai Siput mencetuskan pengisytiharan darurat. Rancangan Briggs ialah langkah kemudian, maka C tepat."
F4 Chp 6,radio,Melaka_Q11,A,B,C,D,C,../Melaka/Picture11.png,"中文：Sungai Siput杀害事件推动英国宣布紧急法令，采取特别措施应对共产党暴力。
Bahasa Melayu: Pembunuhan di Sungai Siput membawa pengisytiharan undang-undang darurat untuk menangani keganasan komunis."
F4 Chp 6,radio,N_Q11,A,B,C,D,C,../N9/Picture11.png,"中文：PKI在1926年未能控制Java后，转向马来亚设分支和传播共产思想。
Bahasa Melayu: Kegagalan PKI menguasai Jawa pada 1926 mendorong pembukaan cawangan serta penyebaran ideologi di Tanah Melayu."
F4 Chp 6,radio,Penang_Q11,A,B,C,D,A,../Penang/Picture11.png,"中文：图中破坏让人民失去住所与生计、生活痛苦，A是后果。题干写“为什么共产党这样做”，却提供后果选项，应改问行动的影响。
Bahasa Melayu: Kemusnahan menyebabkan rakyat kehilangan tempat tinggal serta mata pencarian, maka A ialah kesan. Soalan bertanya mengapa komunis bertindak tetapi pilihan ialah kesan; frasa soalan sepatutnya menanyakan akibat."
F4 Chp 6,radio,Perak_Q11,A,B,C,D,A,../Perak/Picture11.png,"中文：Sungai Siput谋杀事件后英国宣布紧急状态，以特别法律控制共产党暴力。
Bahasa Melayu: Selepas pembunuhan Sungai Siput, British mengisytiharkan darurat untuk mengawal keganasan komunis melalui undang-undang khas."
F4 Chp 6,radio,Perlis_Q11,A,B,C,D,C,../Perlis/Picture11.png,"中文：Sarawak Rangers熟悉森林及追踪技术，协助寻找共产党的藏身地点。
Bahasa Melayu: Sarawak Rangers mahir menjejak dan memahami hutan, lalu mengesan tempat persembunyian komunis."
F4 Chp 6,radio,PutrajayaSet_Q11,A,B,C,D,C,../Putrajaya set 1/Picture11.png,"中文：英国通过工会条例限制共产党操控工会及劳工活动，以削弱其政治影响。
Bahasa Melayu: Ordinan Kesatuan Sekerja menyekat pengaruh dan penguasaan komunis dalam kesatuan sekerja."
F4 Chp 6,radio,PutrajayaSet_Q11,A,B,C,D,B,../Putrajaya set 2/Picture11.png,"中文：马克思《资本论》分析资本主义经济并成为共产主义思想的重要著作；其他作品属于不同主题或思想。
Bahasa Melayu: Das Kapital karya Karl Marx membincangkan ekonomi kapitalisme dan menjadi karya penting pemikiran komunisme."
F4 Chp 6,radio,SelangorSet_Q11,A,B,C,D,B,../Selangor set 1/Picture11.png,"中文：B：破坏公共设施及袭击工作人员影响交通、服务及安全，直接干扰居民日常生活。
Bahasa Melayu: B: Sabotaj kemudahan dan serangan terhadap pekerja awam menjejaskan pengangkutan, perkhidmatan serta kehidupan harian penduduk."
F4 Chp 6,radio,SelangorSet_Q11,A,B,C,D,C,../Selangor set 2/Picture11.png,"中文：C：共产党使用暴力和恐吓，引起人民反感，使多数马来人不支持其运动。
Bahasa Melayu: C: Penggunaan kekerasan dan ugutan oleh komunis menimbulkan penolakan dalam kalangan orang Melayu."
F4 Chp 6,radio,SelangorSet_Q11,A,B,C,D,D,../Selangor set 3/Picture11.png,"中文：D：袭击警察和警局意在显示政府无法维持治安，削弱人民对政府的信任。
Bahasa Melayu: D: Serangan terhadap polis bertujuan menunjukkan ketidakupayaan kerajaan menjaga keselamatan dan melemahkan keyakinan rakyat."
F4 Chp 6,radio,Smka_Q11,A,B,C,D,D,../SMKA/Picture11.png,"中文：橡胶园与锡矿是英国收入的重要来源，袭击这些产业直接削弱殖民经济。
Bahasa Melayu: Ladang getah dan lombong bijih timah ialah sumber ekonomi British; serangan komunis bertujuan melemahkannya."
F4 Chp 6,radio,Terengganu_Q11,A,B,C,D,B,../Terengganu/Picture11.png,"中文：B：1948年协议为后来族群协商及政治合作提供基础，促进共同建设国家。
Bahasa Melayu: B: Perjanjian 1948 membuka asas kerjasama dan perundingan antara kaum dalam perkembangan politik negara."
F4 Chp 6,radio,JohorBahru_Q12,A,B,C,D,D,../Johor Bahru/Picture12.png,"中文：为争取非马来族群支持政府、共同对抗共产党，公民权条件获放宽。答案D强调马来人作出让步与妥协，促进更多居民取得公民权。
Bahasa Melayu: Syarat kewarganegaraan dilonggarkan untuk mendapatkan sokongan bukan Melayu kepada kerajaan dalam usaha menentang komunis. D menekankan kesediaan orang Melayu bertolak ansur sehingga lebih ramai penduduk memperoleh kewarganegaraan."
F4 Chp 6,radio,Kedah_Q12,A,B,C,D,B,../Kedah/Picture12.png,"中文：B：英国为争取人民支持而加快自治及独立进程，这属于紧急状态的政治影响。
Bahasa Melayu: B: British mempercepat proses pemerintahan sendiri dan kemerdekaan untuk memperoleh sokongan rakyat, sebagai kesan politik Darurat."
F4 Chp 6,radio,Kelantan_Q12,A,B,C,D,B,../Kelantan/Picture12.png,"中文：题库暂存B，但配对有误：课本说Home Guard保护村落，不是矿工；保护矿场属于Special Constables，追踪共产党属Senoi Praaq，保卫城镇村庄属Auxiliary Police。本表没有完全正确的配对。
Bahasa Melayu: Kunci semasa ialah B, tetapi padanan salah: Home Guard menjaga kampung, Special Constables mengawal lombong, Senoi Praaq menjejak komunis dan Auxiliary Police mempertahankan bandar serta kampung. Tiada padanan yang sepenuhnya betul dalam jadual."
F4 Chp 6,radio,KlSentul_Q12,A,B,C,D,B,../KL Sentul/Picture12.png,"中文：现有答案B把死亡人数归因于政府能力不足，但表格只有牺牲人数，不能单凭这些数字证明该原因。可确定的是安全部队在对抗共产党时付出重大牺牲；题目所问原因缺少足够资料，需复核。
Bahasa Melayu: Jawapan semasa B menyatakan ketidakupayaan kerajaan, tetapi angka korban sahaja tidak membuktikan punca tersebut. Jadual menunjukkan pengorbanan besar pasukan keselamatan ketika menghadapi komunis; sebab khusus memerlukan maklumat tambahan dan jawapan perlu disemak."
F4 Chp 6,radio,Melaka_Q12,A,B,C,D,B,../Melaka/Picture12.png,"中文：Sarawak Rangers擅长丛林追踪，负责寻找共产党藏身地点，B配对正确。
Bahasa Melayu: Sarawak Rangers mahir menjejak tempat persembunyian komunis dalam hutan, maka pasangan B betul."
F4 Chp 6,radio,Mrsm_Q12,A,B,C,D,D,../MRSM/Picture12.png,"中文：D：Senoi Praaq及Sarawak Rangers擅长森林追踪，协助侦测敌人藏身处。
Bahasa Melayu: D: Senoi Praaq dan Sarawak Rangers mahir menjejak di hutan untuk mengesan tempat persembunyian musuh."
F4 Chp 6,radio,N_Q12,A,B,C,D,A,../N9/Picture12.png,"中文：三位园丘经理遭杀害后，英国宣布紧急法令以控制暴力和共产党活动。
Bahasa Melayu: Pembunuhan tiga pengurus ladang membawa pengisytiharan undang-undang darurat untuk mengawal keganasan komunis."
F4 Chp 6,radio,Penang_Q12,A,B,C,D,A,../Penang/Picture12.png,"中文：PKI在Java夺权失败后尝试在马来亚建立新据点与传播共产主义。
Bahasa Melayu: Kegagalan PKI menguasai Jawa mendorong usaha membuka tapak dan menyebarkan komunisme di Tanah Melayu."
F4 Chp 6,radio,Perak_Q12,A,B,C,D,C,../Perak/Picture12.png,"中文：放宽非马来人公民权培养国家忠诚及归属，减少受共产党影响的可能。
Bahasa Melayu: Kelonggaran kewarganegaraan bukan Melayu memupuk kesetiaan serta rasa kepunyaan dan mengurangkan pengaruh komunis."
F4 Chp 6,radio,Perlis_Q12,A,B,C,D,B,../Perlis/Picture12.png,"中文：粮食配给限制购买与供应，居民难以取得足够食物，成为紧急状态期间生活困苦的原因。
Bahasa Melayu: Catuan makanan mengehadkan bekalan dan pembelian sehingga menyukarkan rakyat mendapatkan makanan yang mencukupi."
F4 Chp 6,radio,PutrajayaSet_Q12,A,B,C,D,D,../Putrajaya set 1/Picture12.png,"中文：英国以逐步给予自治及独立争取人民支持、削弱共产党，紧急状态因而推动独立进程。
Bahasa Melayu: British mempercepat langkah berkerajaan sendiri dan kemerdekaan untuk mendapatkan sokongan rakyat serta melemahkan komunis."
F4 Chp 6,radio,PutrajayaSet_Q12,A,B,C,D,B,../Putrajaya set 2/Picture12.png,"中文：破坏铁路阻断货运及经济活动，以削弱英国经济。D是直接交通后果，原答案B强调其更广的经济目的。
Bahasa Melayu: Sabotaj kereta api mengganggu pengangkutan barang dan kegiatan ekonomi untuk melumpuhkan ekonomi British. D ialah kesan perhubungan langsung, manakala B menekankan tujuan ekonomi."
F4 Chp 6,radio,SarawakSerian_Q12,A,B,C,D,D,../Sarawak Serian/Picture12.png,"中文：D：Senoi Praaq与Sarawak Rangers擅长追踪森林足迹，协助寻找共产党藏身处。
Bahasa Melayu: D: Senoi Praaq dan Sarawak Rangers mahir menjejak di hutan untuk mengesan tempat persembunyian komunis."
F4 Chp 6,radio,SelangorSet_Q12,A,B,C,D,A,../Selangor set 1/Picture12.png,"中文：A：Briggs计划把居民迁入新村，切断Min Yuen向共产党提供粮食、情报及物资的网络。
Bahasa Melayu: A: Rancangan Briggs memindahkan penduduk ke Kampung Baru untuk memutuskan rangkaian makanan, maklumat dan bantuan Min Yuen kepada komunis."
F4 Chp 6,radio,SelangorSet_Q12,A,B,C,D,A,../Selangor set 2/Picture12.png,"中文：A：争取原住民信任及放宽公民条件都是心理战措施，用于取得人民支持以对抗共产党。
Bahasa Melayu: A: Usaha memenangi kepercayaan Orang Asli dan melonggarkan kewarganegaraan ialah langkah Perang Saraf untuk mendapatkan sokongan rakyat."
F4 Chp 6,radio,SelangorSet_Q12,A,B,C,D,A,../Selangor set 3/Picture12.png,"中文：A：身份证配合全国登记制度确认居民身份，帮助辨别共产党成员与合法居民。
Bahasa Melayu: A: Kad pengenalan dalam sistem pendaftaran kebangsaan membantu pihak berkuasa mengenal pasti penduduk dan membezakan mereka daripada anggota komunis."
F4 Chp 6,radio,Smka_Q12,A,B,C,D,C,../SMKA/Picture12.png,"中文：新村安排按族群集中居住，减少不同社区日常接触，因而疏远族群关系。
Bahasa Melayu: Petempatan berasaskan kaum mengurangkan interaksi antara masyarakat dan merenggangkan hubungan kaum."
F4 Chp 6,radio,Terengganu_Q12,A,B,C,D,C,../Terengganu/Picture12.png,"中文：C：英国把这些反殖民组织视为激进政治力量，利用紧急法令禁止其活动；不应把所有成员直接等同共产党。
Bahasa Melayu: C: British menganggap organisasi tersebut berhaluan radikal dan mengharamkannya melalui Undang-undang Darurat; ini tidak bermaksud semua anggotanya komunis."
F4 Chp 6,radio,Mrsm_Q13,A,B,C,D,B,../MRSM/Picture13.png,"中文：B：英国为取得人民支持而加快自治与独立进程，这是紧急状态的重要政治影响。
Bahasa Melayu: B: Darurat mendorong British mempercepat proses pemerintahan sendiri dan kemerdekaan untuk mendapatkan sokongan rakyat."
F4 Chp 6,radio,Sbp_Q13,A,B,C,D,A,../SBP/Picture13.png,"中文：加尔各答会议号召反对帝国主义，并推动共产党采取武装斗争，非维护封建王权。
Bahasa Melayu: Persidangan Calcutta menggesa penentangan terhadap kuasa imperialis dan perjuangan bersenjata, bukan pemulihan sistem feudal."
F4 Chp 6,radio,Sbp_Q14,A,B,C,D,B,../SBP/Picture14.png,"中文：MCA是本地华人政治组织，协助政府争取华人支持并减少共产党影响。
Bahasa Melayu: MCA ialah parti berorientasikan tempatan yang membantu mendapatkan sokongan masyarakat Cina dan mengurangkan pengaruh komunis."
F4 Chp 6,radio,Pahang_Q16,A,B,C,D,A,../Pahang/Picture16.png,"中文：宵禁限制居民和共产党行动、切断接触及供应，让安全部队更易执行任务。
Bahasa Melayu: Perintah berkurung mengawal pergerakan serta hubungan dan bekalan komunis, memudahkan operasi keselamatan."
F4 Chp 7,radio,JohorBahru_Q13,A,B,C,D,B,../Johor Bahru/Picture13.png,"中文：翁惹化在Sistem Ahli负责内政，包括移民事务及朝圣事务。因此I和IV属于其职责，选B。
Bahasa Melayu: Dato' Onn sebagai Ahli Hal Ehwal Dalam Negeri mengurus perkara seperti imigran dan urusan haji. Oleh itu, I dan IV tepat, iaitu B."
F4 Chp 7,radio,Kedah_Q13,A,B,C,D,D,../Kedah/Picture13.png,"中文：D：Sistem Ahli让本地人领导部门，培养治理经验，为接掌政府作准备。
Bahasa Melayu: D: Sistem Ahli memberi pemimpin tempatan peluang menerajui portfolio dan memperoleh pengalaman untuk mentadbir kerajaan sendiri."
F4 Chp 7,radio,Kelantan_Q13,A,B,C,D,C,../Kelantan/Picture13.png,"中文：C：RIDA为乡村马来人提供经济援助、训练及经营机会，改善经商和工业参与不足。
Bahasa Melayu: C: RIDA menyediakan bantuan ekonomi, latihan dan peluang perusahaan untuk memperbaik kedudukan orang Melayu luar bandar."
F4 Chp 7,radio,KlSentul_Q13,A,B,C,D,C,../KL Sentul/Picture13.png,"中文：IMP以多族群合作为基础，追求国家团结，因此选C。题干年份有笔误：翁惹化成立IMP是在1951年，而不是1949年。
Bahasa Melayu: IMP berasaskan penyertaan pelbagai kaum untuk membina perpaduan kebangsaan, maka C tepat. Tahun dalam soalan tersalah tulis; IMP ditubuhkan pada tahun 1951, bukan 1949."
F4 Chp 7,radio,Melaka_Q13,A,B,C,D,C,../Melaka/Picture13.png,"中文：H.S. Lee在Sistem Ahli中担任交通事务成员，负责有关部门工作。
Bahasa Melayu: H.S. Lee memegang portfolio Ahli Pengangkutan dalam Sistem Ahli dan mengendalikan bidang tersebut."
F4 Chp 7,radio,N_Q13,A,B,C,D,A,../N9/Picture13.png,"中文：IMP开放给各族加入，旨在建立跨族全国团结。
Bahasa Melayu: IMP membuka keahlian kepada semua kaum untuk membina perpaduan kebangsaan."
F4 Chp 7,radio,Penang_Q13,A,B,C,D,C,../Penang/Picture13.png,"中文：任命多族成员共同治理部门，让各族领袖合作并建立互信。
Bahasa Melayu: Pelantikan ahli pelbagai kaum untuk mengurus portfolio bersama membina kerjasama dan kepercayaan."
F4 Chp 7,radio,Perak_Q13,A,B,C,D,A,../Perak/Picture13.png,"中文：PKMM与KRIS都倡议Melayu Raya，即马来亚与印尼结合的独立构想。
Bahasa Melayu: PKMM dan KRIS memperjuangkan Melayu Raya, gagasan kemerdekaan melalui penggabungan Tanah Melayu dengan Indonesia."
F4 Chp 7,radio,Perlis_Q13,A,B,C,D,A,../Perlis/Picture13.png,"中文：RIDA提供经济援助及训练，扩大马来人在商业与企业活动的机会，以改善经济差距。
Bahasa Melayu: RIDA memberi bantuan serta latihan untuk menambah peluang orang Melayu dalam perniagaan dan perusahaan."
F4 Chp 7,radio,PutrajayaSet_Q13,A,B,C,D,C,../Putrajaya set 1/Picture13.png,"中文：KMM主张Melayu Raya，即马来亚与印尼联合取得独立，与之后的马来西亚组成不同。
Bahasa Melayu: KMM memperjuangkan Melayu Raya melalui gabungan Tanah Melayu dengan Indonesia untuk mencapai kemerdekaan."
F4 Chp 7,radio,PutrajayaSet_Q13,A,B,C,D,B,../Putrajaya set 2/Picture13.png,"中文：拉萨报告强调共同、具国家特色的课程及适用于各族儿童的学校体系，故I和IV正确；并非所有学校立即只用国语。题图1951日期与1956报告不符。
Bahasa Melayu: Penyata Razak menekankan kurikulum seragam bercorak kebangsaan dan sistem persekolahan bersama. Maka I dan IV tepat. Tarikh1951 dalam rajah tidak sepadan dengan Penyata1956."
F4 Chp 7,radio,SarawakSerian_Q13,A,B,C,D,A,../Sarawak Serian/Picture13.png,"中文：A：CLC通过族群之间讨论和妥协建立政治合作，减少矛盾并推动独立。
Bahasa Melayu: A: CLC menggalakkan kerjasama politik melalui perbincangan dan kompromi antara kaum untuk mengurangkan pertentangan serta menuju kemerdekaan."
F4 Chp 7,radio,SelangorSet_Q13,A,B,C,D,A,../Selangor set 1/Picture13.png,"中文：A：API采取激进的反殖民立场，被英国视为威胁殖民统治，因而遭禁止。
Bahasa Melayu: A: API dianggap kumpulan radikal yang mencabar pemerintahan kolonial, lalu diharamkan oleh British."
F4 Chp 7,radio,SelangorSet_Q13,A,B,C,D,C,../Selangor set 2/Picture13.png,"中文：C（II、III）：CLC研究族群关系并通过协商减少矛盾，建立社会和谐。
Bahasa Melayu: C (II dan III): CLC mengkaji hubungan kaum dan mencari persefahaman untuk mewujudkan keadaan harmoni."
F4 Chp 7,radio,SelangorSet_Q13,A,B,C,D,D,../Selangor set 3/Picture13.png,"中文：D（III、IV）：共同教育制度扩大公平学习机会，分阶段选举则让各族累积参与政治的经验。
Bahasa Melayu: D (III dan IV): Sistem pendidikan seragam menyediakan pengalaman bersama, manakala pilihan raya berperingkat memberi penduduk pengalaman penyertaan politik."
F4 Chp 7,radio,Smka_Q13,A,B,C,D,A,../SMKA/Picture13.png,"中文：成员制度让本地领袖承担部门职责，培养领导行政能力，为自治作准备。
Bahasa Melayu: Sistem Ahli melatih pemimpin tempatan menerajui pentadbiran melalui tanggungjawab jabatan sebelum berkerajaan sendiri."
F4 Chp 7,radio,Terengganu_Q13,A,B,C,D,B,../Terengganu/Picture13.png,"中文：B：政府要求马共解散组织及放下武器，马共坚持要求政治承认，双方条件不一致导致谈判失败。
Bahasa Melayu: B: Kerajaan menuntut PKM membubarkan parti dan meletakkan senjata, tetapi PKM mahukan pengiktirafan politik, menyebabkan rundingan gagal."
F4 Chp 7,radio,JohorBahru_Q14,A,B,C,D,C,../Johor Bahru/Picture14.png,"中文：Barnes和Fenn-Wu报告讨论教学语言、学校制度和各族教育需求，属于建立国家教育体系的过程。因此选C。
Bahasa Melayu: Laporan Barnes dan Fenn-Wu membincangkan bahasa pengantar serta sistem persekolahan bagi membentuk pendidikan kebangsaan. Oleh itu, C tepat."
F4 Chp 7,radio,Kedah_Q14,A,B,C,D,D,../Kedah/Picture14.png,"中文：D：英殖民时期各语文学校采用不同课程及教学媒介，缺少共同的教育基础。
Bahasa Melayu: D: Sekolah pelbagai aliran pada zaman British menggunakan kurikulum dan bahasa pengantar berlainan, menyebabkan pendidikan tidak seragam."
F4 Chp 7,radio,Kelantan_Q14,A,B,C,D,A,../Kelantan/Picture14.png,"中文：A：共同的国家教育制度让各族学生拥有共同知识与价值，目标是培养团结。
Bahasa Melayu: A: Sistem pendidikan kebangsaan menyediakan pengetahuan dan nilai bersama untuk memupuk perpaduan kaum."
F4 Chp 7,radio,KlSentul_Q14,A,B,C,D,D,../KL Sentul/Picture14.png,"中文：Woodhead报告建议加强英语在学校的地位，包括统一教学方向及发展教育。题目所列建议中提升英语最符合，因此选D。
Bahasa Melayu: Laporan Woodhead mencadangkan pengukuhan pendidikan dan penggunaan bahasa Inggeris dalam sistem persekolahan Sabah serta Sarawak. Oleh itu, D paling sesuai."
F4 Chp 7,radio,Melaka_Q14,A,B,C,D,B,../Melaka/Picture14.png,"中文：统一课程让各族学生学习共同知识与价值，是促进教育团结的措施。
Bahasa Melayu: Kurikulum seragam memberikan pengetahuan dan nilai bersama kepada murid pelbagai kaum untuk perpaduan."
F4 Chp 7,radio,Mrsm_Q14,A,B,C,D,A,../MRSM/Picture14.png,"中文：A：Melayu Raya主张联合马来民族同源地区，争取共同独立。
Bahasa Melayu: A: Idea Melayu Raya menekankan penyatuan rumpun Melayu dalam wilayah serumpun untuk mencapai kemerdekaan bersama."
F4 Chp 7,radio,N_Q14,A,B,C,D,D,../N9/Picture14.png,"中文：Sistem Ahli让本地领袖负责部门工作，积累行政经验以准备自治。
Bahasa Melayu: Sistem Ahli melatih pemimpin tempatan mengendalikan portfolio dan memperoleh pengalaman untuk pemerintahan sendiri."
F4 Chp 7,radio,Penang_Q14,A,B,C,D,C,../Penang/Picture14.png,"中文：1956年教育报告提出统一且具有国家特色的课程，培养共同认同。
Bahasa Melayu: Penyata 1956 mencadangkan kurikulum seragam bercorak kebangsaan untuk membina identiti bersama."
F4 Chp 7,radio,Perak_Q14,A,B,C,D,D,../Perak/Picture14.png,"中文：反Malayan Union、维护马来人地位及君主主权是UMNO早期宗旨。
Bahasa Melayu: Penentangan Malayan Union serta perlindungan kedudukan Melayu dan kedaulatan raja ialah perjuangan awal UMNO."
F4 Chp 7,radio,Perlis_Q14,A,B,C,D,C,../Perlis/Picture14.png,"中文：帆船象征各成员共同前进并准备面对风浪，体现联盟愿意一起克服挑战。
Bahasa Melayu: Kapal layar melambangkan kesediaan anggota Perikatan bergerak bersama dan menempuh cabaran."
F4 Chp 7,radio,PutrajayaSet_Q14,A,B,C,D,B,../Putrajaya set 1/Picture14.png,"中文：本地成员负责政府部门，学习行政与决策，是自治前的重要训练。
Bahasa Melayu: Sistem Ahli melatih penduduk tempatan mengurus jabatan serta membuat keputusan sebagai persediaan berkerajaan sendiri."
F4 Chp 7,radio,PutrajayaSet_Q14,A,B,C,D,B,../Putrajaya set 2/Picture14.png,"中文：帆船是联盟党的标志，代表合作及共同面对挑战。
Bahasa Melayu: Kapal layar ialah logo Parti Perikatan yang melambangkan kerjasama dan usaha menghadapi cabaran bersama."
F4 Chp 7,radio,SarawakSerian_Q14,A,B,C,D,C,../Sarawak Serian/Picture14.png,"中文：C：联盟党以帆船为标志，象征愿意克服争取独立过程中的挑战和阻碍。
Bahasa Melayu: C: Parti Perikatan menggunakan kapal layar sebagai logo yang melambangkan kesediaan menghadapi cabaran dan rintangan untuk mencapai kemerdekaan."
F4 Chp 7,radio,SelangorSet_Q14,A,B,C,D,D,../Selangor set 1/Picture14.png,"中文：D：联盟党帆船标志象征面对争取独立过程中的风浪、挑战及阻碍。
Bahasa Melayu: D: Logo kapal layar Perikatan melambangkan kesediaan menghadapi cabaran dan rintangan dalam usaha mencapai kemerdekaan."
F4 Chp 7,radio,SelangorSet_Q14,A,B,C,D,D,../Selangor set 2/Picture14.png,"中文：D：Sistem Ahli让本地领袖管理部门，累积政府行政经验，为自治作准备。
Bahasa Melayu: D: Sistem Ahli melatih penduduk tempatan mengurus portfolio dan memperoleh pengalaman mentadbir sebagai persediaan kerajaan sendiri."
F4 Chp 7,radio,SelangorSet_Q14,A,B,C,D,B,../Selangor set 3/Picture14.png,"中文：B：统一课程内容使不同学校的学生拥有共同学习基础，培养国家认同与团结。
Bahasa Melayu: B: Kandungan kurikulum yang seragam membentuk pengetahuan bersama dan memupuk integrasi serta perpaduan murid pelbagai kaum."
F4 Chp 7,radio,Smka_Q14,A,B,C,D,D,../SMKA/Picture14.png,"中文：Fenn-Wu建议华校教育以马来亚为导向，让学生认识当地社会与共同生活，而不是只关注中国。
Bahasa Melayu: Laporan Fenn-Wu mencadangkan pendidikan sekolah Cina berorientasikan Tanah Melayu supaya berkaitan masyarakat serta kehidupan tempatan."
F4 Chp 7,radio,Terengganu_Q14,A,B,C,D,B,../Terengganu/Picture14.png,"中文：B：RIDA提供资金、训练及相关援助，帮助改善乡村经济与生活。
Bahasa Melayu: B: RIDA memberikan bantuan, latihan dan sokongan ekonomi untuk memajukan penduduk luar bandar."
F4 Chp 7,radio,Mrsm_Q15,A,B,C,D,B,../MRSM/Picture15.png,"中文：B：CLC讨论中，马来人对公民资格作出让步，其他领袖支持帮助马来人经济发展的RIDA，体现互相妥协。
Bahasa Melayu: B: Dalam CLC, orang Melayu bertolak ansur tentang kewarganegaraan, manakala pemimpin kaum lain menyokong bantuan ekonomi melalui RIDA sebagai kompromi bersama."
F4 Chp 7,radio,Sbp_Q15,A,B,C,D,B,../SBP/Picture15.png,"中文：族群协商中，马来人接受较宽松公民权，同时获得改善经济机会的承诺，体现互相让步。
Bahasa Melayu: Orang Melayu menerima kelonggaran kewarganegaraan dengan persetujuan bantuan dan peluang ekonomi, mencerminkan tolak ansur antara kaum."
F4 Chp 7,radio,Sbp_Q16,A,B,C,D,D,../SBP/Picture16.png,"中文：拉萨报告列出普通类型小学可使用英语、华语及淡米尔语，国民中学用马来语，符合图中学校安排。
Bahasa Melayu: Penyata Razak mencadangkan Sekolah Jenis Umum menggunakan bahasa Inggeris, Cina atau Tamil, dan Sekolah Menengah Kebangsaan menggunakan bahasa Melayu."
F4 Chp 7,radio,Pahang_Q17,A,B,C,D,D,../Pahang/Picture17.png,"中文：Sistem Ahli纳入多族代表共同处理行政，培养互信与团结。
Bahasa Melayu: Keanggotaan pelbagai kaum dalam Sistem Ahli membina kepercayaan dan perpaduan melalui pentadbiran bersama."
F4 Chp 8,radio,JohorBahru_Q15,A,B,C,D,D,../Johor Bahru/Picture15.png,"中文：UMNO与MCA合作赢得大量议席，说明不同族群的政治合作得到选民支持。因此最直接的结论是D。
Bahasa Melayu: Kemenangan besar Perikatan UMNO-MCA menunjukkan sokongan terhadap kerjasama politik antara kaum. Oleh itu, D ialah kesimpulan paling langsung."
F4 Chp 8,radio,Kedah_Q15,A,B,C,D,B,../Kedah/Picture15.png,"中文：B（I、IV）：1955年候选人须年满21岁及为联邦公民；不必是政党领袖。
Bahasa Melayu: B (I dan IV): Calon 1955 perlu berumur 21 tahun ke atas dan menjadi warganegara Persekutuan; tidak semestinya pemimpin parti politik."
F4 Chp 8,radio,Kelantan_Q15,A,B,C,D,B,../Kelantan/Picture15.png,"中文：B：1955年选举让人民选出本地代表，开辟自治政府道路并推进独立。
Bahasa Melayu: B: Pilihan raya 1955 memberi rakyat peluang memilih wakil tempatan dan merintis pembentukan kerajaan sendiri menuju kemerdekaan."
F4 Chp 8,radio,KlSentul_Q15,A,B,C,D,B,../KL Sentul/Picture15.png,"中文：1951年George Town举行的是市议会选举，属于地方选举的发展，而非1955年联邦立法议会选举。因此选B。
Bahasa Melayu: Pilihan raya George Town pada tahun 1951 ialah Pilihan Raya Majlis Perbandaran. Ia merupakan perkembangan pilihan raya tempatan sebelum pilihan raya Persekutuan 1955, maka B tepat."
F4 Chp 8,radio,Melaka_Q15,A,B,C,D,D,../Melaka/Picture15.png,"中文：1955年选举后多数成员由人民选出的机构是联邦立法议会。
Bahasa Melayu: Majlis dengan majoriti ahli dipilih selepas pilihan raya 1955 ialah Majlis Perundangan Persekutuan."
F4 Chp 8,radio,N_Q15,A,B,C,D,C,../N9/Picture15.png,"中文：早期选举让人民选代表，实践民主并逐步参与治理。
Bahasa Melayu: Pilihan raya awal membolehkan rakyat memilih wakil dan mengambil bahagian dalam pemerintahan secara demokrasi."
F4 Chp 8,radio,Penang_Q15,A,B,C,D,D,../Penang/Picture15.png,"中文：选举委员会研究选区、资格和程序等事项，为联邦选举做好制度准备。
Bahasa Melayu: Jawatankuasa Pilihan Raya mengkaji kawasan, kelayakan dan tatacara sebagai persediaan sistem pilihan raya persekutuan."
F4 Chp 8,radio,Perak_Q15,A,B,C,D,A,../Perak/Picture15.png,"中文：1950年法令为地方议会选举建立法律依据，让居民逐步选代表。
Bahasa Melayu: Ordinan 1950 menyediakan asas undang-undang bagi pilihan raya pihak berkuasa tempatan supaya rakyat memilih wakil."
F4 Chp 8,radio,Perlis_Q15,A,B,C,D,A,../Perlis/Picture15.png,"中文：选举让本地代表参与立法及治理，证明自治能力并加快争取独立。D也是民主结果的相关描述，原答案A强调通往独立的进展。
Bahasa Melayu: Pemilihan wakil tempatan membuktikan kemampuan berkerajaan sendiri dan mempercepat kemerdekaan. D berkaitan hasil demokrasi, tetapi skema asal A menekankan kemajuan menuju merdeka."
F4 Chp 8,radio,PutrajayaSet_Q15,A,B,C,D,D,../Putrajaya set 1/Picture15.png,"中文：选举委员会研究可行选举制度并提出实施建议，因此III和IV正确。
Bahasa Melayu: Jawatankuasa Pilihan Raya mengkaji sistem pilihan raya dan memberikan cadangan pelaksanaannya. Maka III dan IV tepat."
F4 Chp 8,radio,PutrajayaSet_Q15,A,B,C,D,C,../Putrajaya set 2/Picture15.png,"中文：选举让人民选择各层级代表，准备自治。题干“Majlis Perbandaran Persekutuan”应核为“Majlis Perundangan Persekutuan”。
Bahasa Melayu: Pilihan raya memilih wakil rakyat pada pelbagai peringkat sebagai persediaan berkerajaan sendiri. Istilah Majlis Perbandaran Persekutuan sepatutnya Majlis Perundangan Persekutuan."
F4 Chp 8,radio,SarawakSerian_Q15,A,B,C,D,B,../Sarawak Serian/Picture15.png,"中文：B：1951年首个市议会选举在George Town举行，随后是1952年吉隆坡选举。
Bahasa Melayu: B: Pilihan raya perbandaran awal diadakan di George Town pada 1951, diikuti Kuala Lumpur pada 1952."
F4 Chp 8,radio,SelangorSet_Q15,A,B,C,D,D,../Selangor set 1/Picture15.png,"中文：D：1955年选举选出联邦立法议会议员，让本地人民以投票参与政治。
Bahasa Melayu: D: Pilihan Raya Umum 1955 diadakan untuk memilih anggota Majlis Perundangan Persekutuan dan memberi rakyat peluang menyertai politik."
F4 Chp 8,radio,SelangorSet_Q15,A,B,C,D,B,../Selangor set 2/Picture15.png,"中文：B：选举委员会先研究选举制度、选区及代表安排，为联邦选举拟定建议。
Bahasa Melayu: B: Jawatankuasa Pilihan Raya mengkaji hal ehwal serta susunan pilihan raya dan menyediakan cadangan pelaksanaannya."
F4 Chp 8,radio,SelangorSet_Q15,A,B,C,D,D,../Selangor set 3/Picture15.png,"中文：D：1955年候选人除公民身份及良好品格，还须具备马来语和英语知识；选项D列出其中一项语言要求。
Bahasa Melayu: D: Calon 1955 perlu menjadi warganegara, berkelakuan baik serta mempunyai pengetahuan bahasa Melayu dan Inggeris; D menyatakan sebahagian syarat bahasa tersebut."
F4 Chp 8,radio,Smka_Q15,A,B,C,D,B,../SMKA/Picture15.png,"中文：划区、登记及提名后进入竞选阶段，候选人争取选民支持，之后才投票及计票。
Bahasa Melayu: Selepas penetapan sempadan, pendaftaran dan penamaan calon, kempen diadakan untuk meraih sokongan sebelum pengundian serta pengiraan undi."
F4 Chp 8,radio,Terengganu_Q15,A,B,C,D,A,../Terengganu/Picture15.png,"中文：A：1956年教育报告通过共同课程及教育方向，促进不同族群学生的团结。
Bahasa Melayu: A: Penyata Pelajaran 1956 membina asas kurikulum serta pendidikan bersama untuk memupuk perpaduan masyarakat."
F4 Chp 8,radio,JohorBahru_Q16,A,B,C,D,A,../Johor Bahru/Picture16.png,"中文：1955年民选议会让当地领袖代表人民参与治理，标志朝自治迈进的重要阶段。东姑的讲话强调自治斗争成果，因此选A。
Bahasa Melayu: Majlis Perundangan yang mempunyai wakil terpilih pada tahun 1955 merupakan langkah penting menuju kerajaan sendiri. Ucapan Tunku menekankan kemajuan perjuangan tersebut, maka A tepat."
F4 Chp 8,radio,Kedah_Q16,A,B,C,D,B,../Kedah/Picture16.png,"中文：B：首届内阁让本地部长承担更多职责，逐步减少英国官员在行政中的权力。
Bahasa Melayu: B: Kabinet pertama membolehkan pemimpin tempatan memegang tanggungjawab dan mengurangkan kuasa pentadbiran British secara beransur-ansur."
F4 Chp 8,radio,Kelantan_Q16,A,B,C,D,D,../Kelantan/Picture16.png,"中文：D：1955年选举后联邦立法议会多数成员由人民选出，东姑讲话指的正是该议会。
Bahasa Melayu: D: Selepas pilihan raya 1955, majoriti anggota Majlis Perundangan Persekutuan dipilih rakyat; majlis inilah yang dimaksudkan Tunku."
F4 Chp 8,radio,KlSentul_Q16,A,B,C,D,A,../KL Sentul/Picture16.png,"中文：不同族群愿意分享权力、听取彼此意见并作出妥协，体现包容和容忍Toleransi。因此选A。
Bahasa Melayu: Perkongsian kuasa antara kaum memerlukan sikap menerima pandangan dan bertolak ansur. Nilai tersebut ialah toleransi, maka A tepat."
F4 Chp 8,radio,Melaka_Q16,A,B,C,D,A,../Melaka/Picture16.png,"中文：首届内阁商讨国防等自治事务，准备独立政府接管国家责任。
Bahasa Melayu: Kabinet pertama membincangkan pertahanan dan urusan pemerintahan sendiri sebagai persediaan tanggungjawab negara merdeka."
F4 Chp 8,radio,Mrsm_Q16,A,B,C,D,C,../MRSM/Picture16.png,"中文：C（II、III）：1955年候选人须年满21岁及具备联邦公民身份，不要求高等教育或必须代表政党。
Bahasa Melayu: C (II dan III): Calon 1955 perlu berumur 21 tahun ke atas dan berstatus warganegara, bukan wajib berpendidikan tinggi atau mewakili parti tertentu."
F4 Chp 8,radio,N_Q16,A,B,C,D,C,../N9/Picture16.png,"中文：联邦立法议会主要制定法律，与行政机构的执行职责不同。
Bahasa Melayu: MPP menggubal undang-undang, berbeza daripada badan eksekutif yang melaksanakannya."
F4 Chp 8,radio,Penang_Q16,A,B,C,D,D,../Penang/Picture16.png,"中文：选举后的议会实行民主治理，并由Tunku领导政府，III、IV正确。
Bahasa Melayu: MPP selepas pilihan raya mengamalkan pentadbiran demokrasi dengan Tunku mengetuai kerajaan; III dan IV betul."
F4 Chp 8,radio,Perak_Q16,A,B,C,D,A,../Perak/Picture16.png,"中文：UMNO与MCA合作分配候选人与选区，是争取跨族选票的选举策略。
Bahasa Melayu: Kerjasama UMNO-MCA menyelaraskan calon dan kawasan sebagai strategi mendapatkan undi pelbagai kaum."
F4 Chp 8,radio,Perlis_Q16,A,B,C,D,D,../Perlis/Picture16.png,"中文：首届内阁显示本地领袖具能力及承担治理责任的权威，体现有威望、有能力的领导。
Bahasa Melayu: Kabinet pertama menunjukkan kewibawaan pemimpin tempatan yang mampu memikul tanggungjawab mentadbir negara."
F4 Chp 8,radio,PutrajayaSet_Q16,A,B,C,D,C,../Putrajaya set 1/Picture16.png,"中文：1955年首届内阁仍有英国官员掌管关键职务，包括财政秘书，独立谈判再推动本地部长接替。
Bahasa Melayu: Kabinet1955 masih mempunyai pegawai British dalam jawatan penting termasuk Setiausaha Kewangan, sebelum kuasa dipindahkan secara berperingkat."
F4 Chp 8,radio,PutrajayaSet_Q16,A,B,C,D,B,../Putrajaya set 2/Picture16.png,"中文：首届大选的候选人与选民都须符合年龄及公民权资格，所以I和IV正确；英语教育或公务员身份不是共同条件。
Bahasa Melayu: Calon dan pengundi perlu memenuhi syarat umur serta kewarganegaraan, maka I dan IV tepat. Pendidikan Inggeris dan pekerjaan bukan syarat bersama."
F4 Chp 8,radio,SarawakSerian_Q16,A,B,C,D,C,../Sarawak Serian/Picture16.png,"中文：C：选民参与投票，履行选择代表及决定国家治理方向的公民责任。
Bahasa Melayu: C: Pengundi melaksanakan tanggungjawab sebagai warganegara dengan memilih wakil untuk menentukan arah pemerintahan."
F4 Chp 8,radio,SelangorSet_Q16,A,B,C,D,C,../Selangor set 1/Picture16.png,"中文：C：议会正式运作让民选本地领袖承担行政责任，显示建立自治政府的认真努力。
Bahasa Melayu: C: Pembukaan Majlis Perundangan Persekutuan menunjukkan kesungguhan pemimpin serta rakyat melaksanakan kerajaan sendiri."
F4 Chp 8,radio,SelangorSet_Q16,A,B,C,D,B,../Selangor set 2/Picture16.png,"中文：B：联邦立法议会是立法机构，职责是讨论及制定法律。
Bahasa Melayu: B: Majlis Perundangan Persekutuan ialah badan yang membincangkan dan menggubal undang-undang."
F4 Chp 8,radio,SelangorSet_Q16,A,B,C,D,A,../Selangor set 3/Picture16.png,"中文：A：Abdul Razak在首届内阁担任教育部长，负责改善教育体系。
Bahasa Melayu: A: Abdul Razak memegang portfolio pelajaran dalam kabinet pertama dan memajukan sistem pendidikan negara."
F4 Chp 8,radio,Smka_Q16,A,B,C,D,A,../SMKA/Picture16.png,"中文：首届内阁讨论国内安全并减少英国行政权，故I和II正确；马共早在1948年已被禁。
Bahasa Melayu: Kabinet pertama membincangkan keselamatan dalam negeri dan mengurangkan kuasa British. Maka I dan II tepat; PKM telah diharamkan pada 1948."
F4 Chp 8,radio,Terengganu_Q16,A,B,C,D,D,../Terengganu/Picture16.png,"中文：D：选民登记后进行候选人提名，随后竞选、投票及宣布结果。
Bahasa Melayu: D: Selepas pendaftaran pengundi, penamaan calon dilakukan sebelum kempen, hari mengundi dan pengumuman keputusan."
F4 Chp 8,radio,Mrsm_Q17,A,B,C,D,C,../MRSM/Picture17.png,"中文：C：联盟党通过UMNO、MCA及MIC跨族群合作，赢得广泛选民支持，取得51席。
Bahasa Melayu: C: Kerjasama UMNO, MCA dan MIC dalam Perikatan diterima rakyat pelbagai kaum, membolehkan kemenangan 51 kerusi."
F4 Chp 8,radio,Sbp_Q17,A,B,C,D,B,../SBP/Picture17.png,"中文：45天竞选期让候选人与政党解释计划、接触群众并争取选票。
Bahasa Melayu: Tempoh kempen45hari memberi peluang calon dan parti menerangkan rancangan serta meraih sokongan pengundi."
F4 Chp 8,radio,Pahang_Q18,A,B,C,D,D,../Pahang/Picture18.png,"中文：1955年选举后成立内阁，以部长负责制取代Sistem Ahli。
Bahasa Melayu: Selepas pilihan raya 1955, kabinet dibentuk dan Sistem Ahli digantikan dengan pentadbiran kementerian."
F4 Chp 9,radio,JohorBahru_Q17,A,B,C,D,D,../Johor Bahru/Picture17.png,"中文：伦敦独立谈判涉及设立宪法委员会，以及撤除殖民行政中的财政秘书职位等安排。题目组合III和IV符合相关事项，选D。
Bahasa Melayu: Rundingan kemerdekaan membincangkan Suruhanjaya Perlembagaan dan penghapusan jawatan Setiausaha Kewangan dalam perubahan pentadbiran. Oleh itu, III dan IV sesuai, iaitu D."
F4 Chp 9,radio,Kedah_Q17,A,B,C,D,A,../Kedah/Picture17.png,"中文：A：1956年2月东姑在马六甲宣布1957年8月31日为独立日期，带回伦敦谈判成果。
Bahasa Melayu: A: Tunku mengumumkan tarikh kemerdekaan 31 Ogos 1957 di Melaka selepas membawa pulang hasil rundingan London."
F4 Chp 9,radio,Kelantan_Q17,A,B,C,D,A,../Kelantan/Picture17.png,"中文：A：乘船航程提供代表们讨论策略及统一立场的时间，然后从Karachi乘飞机到伦敦谈判。
Bahasa Melayu: A: Perjalanan laut memberi rombongan masa menyusun strategi rundingan bersama sebelum menaiki kapal terbang dari Karachi ke London."
F4 Chp 9,radio,KlSentul_Q17,A,B,C,D,D,../KL Sentul/Picture17.png,"中文：翁惹化反对过度宽松的公民权条件，促使Parti Negara、PAS及Parti Rakyat举办大会讨论宪法草案。因此选D。
Bahasa Melayu: Penolakan syarat kewarganegaraan yang longgar mendorong Parti Negara bersama PAS dan Parti Rakyat mengadakan kongres untuk membincangkan draf perlembagaan. Oleh itu, D tepat."
F4 Chp 9,radio,Melaka_Q17,A,B,C,D,B,../Melaka/Picture17.png,"中文：这些人士组成Reid委员会，收集意见并起草独立宪法。
Bahasa Melayu: Tokoh ini membentuk Suruhanjaya Reid untuk menerima pandangan dan merangka perlembagaan merdeka."
F4 Chp 9,radio,N_Q17,A,B,C,D,C,../N9/Picture17.png,"中文：Sheikh Abdullah Fahim向Tunku提供意见，协助确定独立日期。
Bahasa Melayu: Sheikh Abdullah Fahim memberi pandangan kepada Tunku untuk menentukan tarikh kemerdekaan."
F4 Chp 9,radio,Penang_Q17,A,B,C,D,D,../Penang/Picture17.png,"中文：海上旅程让联盟代表有时间与君主代表讨论，统一谈判策略。
Bahasa Melayu: Perjalanan laut memberi masa wakil Perikatan berbincang dengan wakil Raja-raja Melayu untuk menyelaraskan strategi rundingan."
F4 Chp 9,radio,Perak_Q17,A,B,C,D,D,../Perak/Picture17.png,"中文：委员会需建立强大中央政府并保留一定州自治，平衡联邦权力分配。
Bahasa Melayu: Suruhanjaya perlu mewujudkan pusat kuat sambil menjamin autonomi negeri untuk keseimbangan kuasa persekutuan."
F4 Chp 9,radio,Perlis_Q17,A,B,C,D,B,../Perlis/Picture17.png,"中文：乘船行程提供时间让统治者代表与联盟代表商议并统一伦敦谈判策略。
Bahasa Melayu: Perjalanan kapal laut memberikan masa untuk wakil raja dan Perikatan menyusun serta menyelaraskan strategi rundingan London."
F4 Chp 9,radio,PutrajayaSet_Q17,A,B,C,D,A,../Putrajaya set 1/Picture17.png,"中文：伦敦谈判讨论独立后的安全及国家宪法安排，故原答案选I和II。外交与国防也是独立安排相关议题，不能据此理解为完全没讨论。
Bahasa Melayu: Rundingan London membincangkan keselamatan dan Perlembagaan negara merdeka, maka skema memilih I dan II. Hal luar negeri serta pertahanan juga berkaitan rundingan dan tidak wajar dianggap langsung tidak dibincangkan."
F4 Chp 9,radio,PutrajayaSet_Q17,A,B,C,D,D,../Putrajaya set 2/Picture17.png,"中文：东姑用航程与统治者代表讨论策略，让代表团抵达伦敦时拥有共同谈判立场。
Bahasa Melayu: Tunku menggunakan perjalanan laut untuk berbincang dengan wakil Raja-raja dan menyelaraskan pendirian sebelum rundingan London."
F4 Chp 9,radio,SarawakSerian_Q17,A,B,C,D,A,../Sarawak Serian/Picture17.png,"中文：A：独立代表团回国后，东姑在马六甲Banda Hilir宣布独立日期为1957年8月31日。
Bahasa Melayu: A: Selepas rombongan merdeka pulang, Tunku mengumumkan tarikh kemerdekaan 31 Ogos 1957 di Banda Hilir, Melaka."
F4 Chp 9,radio,SelangorSet_Q17,A,B,C,D,C,../Selangor set 1/Picture17.png,"中文：C：制宪委员会收集意见并起草宪法，为独立国家的治理建立法律基础。
Bahasa Melayu: C: Suruhanjaya mengumpulkan pandangan dan menyusun perlembagaan sebagai asas undang-undang pemerintahan negara merdeka."
F4 Chp 9,radio,SelangorSet_Q17,A,B,C,D,D,../Selangor set 2/Picture17.png,"中文：D：Reid委员会负责起草独立马来亚的宪法，并征求各方意见。
Bahasa Melayu: D: Suruhanjaya Reid merangka perlembagaan Persekutuan Tanah Melayu yang merdeka berdasarkan pandangan pelbagai pihak."
F4 Chp 9,radio,SelangorSet_Q17,A,B,C,D,B,../Selangor set 3/Picture17.png,"中文：B：1955年选举赋予本地政府民意授权，为自治制度及独立宪法的形成奠定基础。
Bahasa Melayu: B: Pilihan Raya Umum 1955 memberi mandat kepada pemimpin tempatan dan menjadi asas perkembangan pemerintahan sendiri serta perlembagaan negara merdeka."
F4 Chp 9,radio,Smka_Q17,A,B,C,D,A,../SMKA/Picture17.png,"中文：英国谈判部分涉及独立后防务合作，由英国及英联邦提供协助；财政部长及独立日期属于马来亚代表诉求。
Bahasa Melayu: Rundingan pihak British melibatkan bantuan pertahanan Britain dan Komanwel selepas merdeka, berbeza daripada tuntutan tempatan tentang menteri serta tarikh merdeka."
F4 Chp 9,radio,Terengganu_Q17,A,B,C,D,A,../Terengganu/Picture17.png,"中文：A（I、II）：首届内阁仍保留英国官员负责国防及财政，显示行政权是逐步转移。
Bahasa Melayu: A (I dan II): Pegawai British masih memegang portfolio Setiausaha Pertahanan dan Setiausaha Kewangan dalam kabinet pertama ketika pemindahan kuasa berlaku secara beransur-ansur."
F4 Chp 9,radio,JohorBahru_Q18,A,B,C,D,D,../Johor Bahru/Picture18.png,"中文：宪法第32条规定国家元首作为联邦最高元首，并由统治者会议选出，任期五年。因此选D。
Bahasa Melayu: Perkara 32 memperuntukkan Yang di-Pertuan Agong sebagai Ketua Utama Negara yang dipilih oleh Majlis Raja-raja bagi tempoh lima tahun. Oleh itu, D tepat."
F4 Chp 9,radio,Kedah_Q18,A,B,C,D,C,../Kedah/Picture18.png,"中文：C：制宪委员会参考条款包括建立共同公民身份，作为独立国家人民组成的基础。
Bahasa Melayu: C: Terma rujukan suruhanjaya merangkumi pembentukan satu bentuk kewarganegaraan sebagai asas rakyat negara merdeka."
F4 Chp 9,radio,Kelantan_Q18,A,B,C,D,D,../Kelantan/Picture18.png,"中文：D：1957年协议建立君主立宪及议会民主制度，人民通过选举选择代表。
Bahasa Melayu: D: Perjanjian 1957 menetapkan amalan Raja Berperlembagaan dan Demokrasi Berparlimen dengan wakil dipilih rakyat."
F4 Chp 9,radio,KlSentul_Q18,A,B,C,D,A,../KL Sentul/Picture18.png,"中文：宣布独立日期代表谈判成功、国家主权即将实现，人民看见独立已接近。因此I和II正确，选A。
Bahasa Melayu: Pengumuman tarikh kemerdekaan menunjukkan hasil rundingan berjaya dan pembentukan negara berdaulat semakin hampir. Oleh itu, I dan II tepat, iaitu A."
F4 Chp 9,radio,Melaka_Q18,A,B,C,D,C,../Melaka/Picture18.png,"中文：联盟政治信托备忘录提出共同公民身份及取得公民权的安排，以协调各族利益。
Bahasa Melayu: Testament Amanah Politik Perikatan mengemukakan kewarganegaraan bersama dan syaratnya untuk menyelaraskan kepentingan kaum."
F4 Chp 9,radio,Mrsm_Q18,A,B,C,D,D,../MRSM/Picture18.png,"中文：D：Reid委员会收集政党、统治者及人民等各方意见，作为宪法建议依据。
Bahasa Melayu: D: Suruhanjaya Reid mengumpulkan pandangan Raja-raja Melayu, parti politik dan rakyat untuk merangka perlembagaan."
F4 Chp 9,radio,N_Q18,A,B,C,D,A,../N9/Picture18.png,"中文：委员会职权包括强大中央政府及设立国家元首职位，构建独立联邦政体。
Bahasa Melayu: Terma rujukan merangkumi kerajaan pusat kuat dan jawatan YDPA untuk membentuk pemerintahan persekutuan merdeka."
F4 Chp 9,radio,Penang_Q18,A,B,C,D,B,../Penang/Picture18.png,"中文：1956年1月18日至2月6日Lancaster House举行独立谈判，商议英国移交权力。
Bahasa Melayu: Rundingan kemerdekaan berlangsung di Lancaster House dari 18 Januari hingga 6 Februari 1956 tentang pemindahan kuasa British."
F4 Chp 9,radio,Perak_Q18,A,B,C,D,C,../Perak/Picture18.png,"中文：1957年代表团讨论宪法草案中的公民权安排，协调本地与移民群体权益。
Bahasa Melayu: Rombongan 1957 membincangkan kewarganegaraan dalam draf perlembagaan untuk menyelaraskan kepentingan penduduk."
F4 Chp 9,radio,Perlis_Q18,A,B,C,D,D,../Perlis/Picture18.png,"中文：公众及团体向里德委员会提交备忘录，把要求与意见纳入宪法讨论。
Bahasa Melayu: Rakyat dan pertubuhan mengemukakan memorandum kepada Suruhanjaya Reid untuk menyampaikan cadangan dalam penggubalan Perlembagaan."
F4 Chp 9,radio,PutrajayaSet_Q18,A,B,C,D,A,../Putrajaya set 1/Picture18.png,"中文：1957年协议建立独立国家的制度，让人民通过本地政府自行治理国家。
Bahasa Melayu: Perjanjian1957 membentuk asas negara merdeka dan memberikan hak rakyat mentadbir negara sendiri."
F4 Chp 9,radio,PutrajayaSet_Q18,A,B,C,D,C,../Putrajaya set 2/Picture18.png,"中文：1957年协议保留马来人特殊地位并确立伊斯兰为联邦宗教，所以II和III正确。
Bahasa Melayu: Perjanjian1957 mengekalkan kedudukan istimewa orang Melayu dan menetapkan Islam sebagai agama Persekutuan. Maka II dan III tepat."
F4 Chp 9,radio,SarawakSerian_Q18,A,B,C,D,C,../Sarawak Serian/Picture18.png,"中文：C：Naturalisasi是取得公民身份的一种方式，须满足居住、品格及其他法定条件。
Bahasa Melayu: C: Naturalisasi ialah kaedah memperoleh kewarganegaraan dengan memenuhi syarat pemastautinan, kelakuan baik dan syarat undang-undang lain."
F4 Chp 9,radio,Sbp_Q18,A,B,C,D,B,../SBP/Picture18.png,"中文：里德委员会须保障马来人特殊地位及其他族群合法利益，故I和IV正确。
Bahasa Melayu: Suruhanjaya Reid perlu menjaga kedudukan istimewa orang Melayu dan kepentingan sah kaum lain. Maka I dan IV tepat."
F4 Chp 9,radio,SelangorSet_Q18,A,B,C,D,D,../Selangor set 1/Picture18.png,"中文：D：政府通过调查人民意见，从候选花卉中选择国花，最后选定大红花。
Bahasa Melayu: D: Pemilihan bunga kebangsaan dibuat melalui tinjauan pendapat rakyat terhadap beberapa jenis bunga sebelum bunga raya dipilih."
F4 Chp 9,radio,SelangorSet_Q18,A,B,C,D,A,../Selangor set 2/Picture18.png,"中文：A（I、II）：1957年协议规定伊斯兰为联邦宗教，并维持马来人的特殊地位。
Bahasa Melayu: A (I dan II): Perjanjian 1957 menetapkan Islam sebagai agama Persekutuan dan mengekalkan kedudukan istimewa orang Melayu."
F4 Chp 9,radio,SelangorSet_Q18,A,B,C,D,D,../Selangor set 3/Picture18.png,"中文：D：课本把马来人的特殊地位与其被承认为马来亚原住民的历史地位联系起来。
Bahasa Melayu: D: Buku teks mengaitkan kedudukan istimewa orang Melayu dengan pengiktirafan mereka sebagai penduduk asal Tanah Melayu."
F4 Chp 9,radio,Smka_Q18,A,B,C,D,C,../SMKA/Picture18.png,"中文：国家元首由统治者会议在马来统治者中选出，是君主立宪制度的一部分，而非人民直接投票。
Bahasa Melayu: YDPA dipilih daripada Raja-raja Melayu oleh Majlis Raja-Raja, bukannya melalui undi langsung rakyat."
F4 Chp 9,radio,Terengganu_Q18,A,B,C,D,C,../Terengganu/Picture18.png,"中文：C（II、III）：伦敦谈判同意成立制宪委员会，并安排英联邦防务援助。
Bahasa Melayu: C (II dan III): Rundingan London bersetuju membentuk Suruhanjaya Perlembagaan dan menyediakan bantuan pertahanan daripada Komanwel."
F4 Chp 9,radio,Mrsm_Q19,A,B,C,D,B,../MRSM/Picture19.png,"中文：B：宪法草案讨论jus soli取得公民身份，与王权及马来人地位等共同组成制宪议题。
Bahasa Melayu: B: Draf perlembagaan membincangkan kewarganegaraan jus soli bersama konsep Raja Berperlembagaan dan kedudukan istimewa orang Melayu."
F4 Chp 9,radio,Pahang_Q19,A,B,C,D,B,../Pahang/Picture19.png,"中文：Tunku在Banda Hilir宣布独立日期，让人民得知伦敦谈判成果。
Bahasa Melayu: Tunku mengumumkan tarikh kemerdekaan di Banda Hilir untuk memaklumkan hasil rundingan London kepada rakyat."
F4 Chp 9,radio,Terengganu_Q19,A,B,C,D,C,../Terengganu/Picture19.png,"中文：C：1957年协议承认并维护马来人的特殊地位，也保障其他族群的合法利益。
Bahasa Melayu: C: Perjanjian 1957 mengiktiraf kedudukan istimewa orang Melayu di samping menjaga kepentingan sah kaum lain."
F4 Chp 9,radio,Terengganu_Q20,A,B,C,D,C,../Terengganu/Picture20.png,"中文：C：Sheikh Abdullah Fahim向东姑建议适合宣布独立的日期，即1957年8月31日。
Bahasa Melayu: C: Sheikh Abdullah Fahim memberikan cadangan kepada Tunku tentang tarikh kemerdekaan, iaitu 31 Ogos 1957."
F5 Chp 1,radio,JohorBahru_Q21,A,B,C,D,C,../Johor Bahru/Picture21.png,"中文：清楚边界让政府知道治理范围，也让安全部队明确防卫责任。因此行政II和国防III正确，选C。
Bahasa Melayu: Sempadan yang jelas menentukan kawasan pentadbiran dan tanggungjawab pertahanan sesebuah negara. Oleh itu, II dan III tepat, iaitu C."
F5 Chp 1,radio,Kedah_Q21,A,B,C,D,C,../Kedah/Picture21.png,"中文：C：现代主权与现代民族国家、人民权利及宪政政府发展相连，区别于以王权为中心的传统主权。
Bahasa Melayu: C: Kedaulatan moden berkaitan perkembangan negara bangsa, hak rakyat dan kerajaan berperlembagaan, berbeza daripada kuasa raja dalam kedaulatan tradisional."
F5 Chp 1,radio,Kelantan_Q21,A,B,C,D,A,../Kelantan/Picture21.png,"中文：A：法国革命推动人民权利与民族国家概念，是现代主权发展的重要背景。
Bahasa Melayu: A: Revolusi Perancis mendorong hak rakyat dan konsep negara bangsa yang berkaitan dengan perkembangan kedaulatan moden."
F5 Chp 1,radio,KlSentul_Q21,A,B,C,D,C,../KL Sentul/Picture21.png,"中文：马来西亚实行联邦制度、议会民主及君主立宪。国家元首依宪法履行职责，并非绝对君主，因此X是C。
Bahasa Melayu: Malaysia mengamalkan negara Persekutuan, Demokrasi Berparlimen dan Raja Berperlembagaan. Raja menjalankan kuasa mengikut perlembagaan, maka X ialah C."
F5 Chp 1,radio,Melaka_Q21,A,B,C,D,B,../Melaka/Picture21.png,"中文：维护独立国家的身份与主权可赢得外国尊重，确保国际地位。
Bahasa Melayu: Mempertahankan identiti dan kedaulatan negara membolehkan Malaysia dihormati negara luar serta mengekalkan kedudukan antarabangsa."
F5 Chp 1,radio,Mrsm_Q21,A,B,C,D,A,../MRSM/Picture21.png,"中文：A：人民承认王权并效忠统治者，使传统马来王国的国王地位更稳固。
Bahasa Melayu: A: Kesetiaan rakyat yang menerima kekuasaan raja mengukuhkan kedudukan baginda dalam kerajaan Melayu tradisional."
F5 Chp 1,radio,N_Q21,A,B,C,D,B,../N9/Picture21.png,"中文：经济繁荣政策增加收入、就业和基本设施，提升生活水平。
Bahasa Melayu: Dasar kemakmuran menambah pendapatan, pekerjaan serta kemudahan untuk meningkatkan taraf hidup rakyat."
F5 Chp 1,radio,Pahang_Q21,A,B,C,D,C,../Pahang/Picture21.png,"中文：法律主权表示政府与人民受宪法和法律约束，依法治理而非个人专断。
Bahasa Melayu: Kedaulatan undang-undang bermakna kerajaan dan rakyat terikat pada perlembagaan serta undang-undang, bukan kuasa peribadi mutlak."
F5 Chp 1,radio,Penang_Q21,A,B,C,D,A,../Penang/Picture21.png,"中文：主权让国家独立制定政策、保持秩序和发展经济，保障人民福祉。
Bahasa Melayu: Kedaulatan membolehkan negara menggubal dasar sendiri, menjaga ketenteraman dan ekonomi untuk kesejahteraan rakyat."
F5 Chp 1,radio,Perak_Q21,A,B,C,D,C,../Perak/Picture21.png,"中文：不同语言的定义都强调最高权力、统治能力及权威，故选C。
Bahasa Melayu: Takrif pelbagai bahasa menekankan kuasa tertinggi dan kewibawaan pemerintahan, C."
F5 Chp 1,radio,Perlis_Q21,A,B,C,D,A,../Perlis/Picture21.png,"中文：传统主权以君主领导及人民效忠为核心，不是现代选举或国际组织认可的概念。
Bahasa Melayu: Kedaulatan tradisional berasaskan pemerintahan raja dan kesetiaan rakyat, bukan pilihan raya moden atau pengiktirafan antarabangsa."
F5 Chp 1,radio,PutrajayaSet_Q21,A,B,C,D,A,../Putrajaya set 1/Picture21.png,"中文：法律体系构成国家规则的基础，规定权力、责任与处罚，保障有序治理。
Bahasa Melayu: Sistem perundangan menjadi asas peraturan negara dengan menetapkan kuasa, tanggungjawab dan hukuman."
F5 Chp 1,radio,PutrajayaSet_Q21,A,B,C,D,A,../Putrajaya set 2/Picture21.png,"中文：主权是国家最高权力及权威，能够独立治理，因此I和II正确；侵略其他国家不是主权定义。
Bahasa Melayu: Kedaulatan ialah kekuasaan tertinggi dan kewibawaan sesebuah negara untuk mentadbir sendiri. Maka I dan II tepat."
F5 Chp 1,radio,SarawakSerian_Q21,A,B,C,D,D,../Sarawak Serian/Picture21.png,"中文：D：Rukun Negara及共同的国语强化共同价值与交流，培养人民之间的善意关系。
Bahasa Melayu: D: Rukun Negara dan bahasa kebangsaan membina nilai serta komunikasi bersama untuk memupuk muhibah dalam kalangan rakyat."
F5 Chp 1,radio,Sbp_Q21,A,B,C,D,B,../SBP/Picture21.png,"中文：主权意味着国家最高权力及自主治理能力，不是各种机关拥有完全相等权力。
Bahasa Melayu: Kedaulatan bermaksud kekuasaan tertinggi dan kuasa mentadbir sendiri, bukan kesamarataan semua kuasa."
F5 Chp 1,radio,SelangorSet_Q21,A,B,C,D,D,../Selangor set 1/Picture21.png,"中文：D：Ibnu Khaldun把主权与国家力量及权威相连，体现国家统治能力。
Bahasa Melayu: D: Ibnu Khaldun mentafsir kedaulatan sebagai kekuatan dan kekuasaan sesebuah negara."
F5 Chp 1,radio,SelangorSet_Q21,A,B,C,D,C,../Selangor set 2/Picture21.png,"中文：C：Aristotle把主权理解为国家统治中的最高权力。
Bahasa Melayu: C: Aristotle mentafsir kedaulatan sebagai kekuasaan tertinggi dalam pemerintahan negara."
F5 Chp 1,radio,SelangorSet_Q21,A,B,C,D,B,../Selangor set 3/Picture21.png,"中文：B：两位人物都把主权与自由、独立及自主治理的权利相连。
Bahasa Melayu: B: Kedua-dua tokoh mengaitkan kedaulatan dengan kebebasan, kemerdekaan dan hak negara mengurus pemerintahannya sendiri."
F5 Chp 1,radio,Smka_Q21,A,B,C,D,C,../SMKA/Picture21.png,"中文：阿拉伯语daulah指政府的统治权；题目问词源具体解释，不是所有主权定义的概括。
Bahasa Melayu: Daulah dalam bahasa Arab bermaksud kuasa pemerintahan sesebuah kerajaan. Soalan meminta maksud istilah khusus, bukan semua takrif umum kedaulatan."
F5 Chp 1,radio,JohorBahru_Q22,A,B,C,D,A,../Johor Bahru/Picture22.png,"中文：纪念国家英雄和表扬有功公民，让人民认识贡献与牺牲，培养爱国精神。因此X是Memupuk patriotisme，选A。
Bahasa Melayu: Sambutan Hari Pahlawan dan pengiktirafan kepada rakyat berjasa menghargai pengorbanan untuk negara. Usaha ini memupuk patriotisme, maka A tepat."
F5 Chp 1,radio,Kedah_Q22,A,B,C,D,C,../Kedah/Picture22.png,"中文：C：自主统治权让国家制定并落实符合本国需要的制度，形成有效行政。
Bahasa Melayu: C: Kedaulatan membolehkan negara menentukan serta melaksanakan sistem sendiri untuk mewujudkan pentadbiran berkesan."
F5 Chp 1,radio,Kelantan_Q22,A,B,C,D,D,../Kelantan/Picture22.png,"中文：D：现代化武器技术提升军队能力，加强保卫国家主权和安全。
Bahasa Melayu: D: Pemodenan teknologi senjata meningkatkan keupayaan tentera mempertahankan keselamatan serta kedaulatan negara."
F5 Chp 1,radio,KlSentul_Q22,A,B,C,D,D,../KL Sentul/Picture22.png,"中文：人民可加入军警等安全部队，直接参与国家防卫。制定政策、跨境协定和装备现代化属于政府职责，因此选D。
Bahasa Melayu: Rakyat boleh menganggotai pasukan keselamatan untuk mempertahankan negara. Penggubalan dasar dan pemodenan aset terutama tanggungjawab pemerintah, maka D tepat."
F5 Chp 1,radio,Melaka_Q22,A,B,C,D,A,../Melaka/Picture22.png,"中文：领袖会面增进马来西亚与埃及的理解及合作，巩固外交关系。
Bahasa Melayu: Pertemuan pemimpin meningkatkan persefahaman dan kerjasama Malaysia-Mesir untuk mengukuhkan hubungan diplomatik."
F5 Chp 1,radio,Mrsm_Q22,A,B,C,D,B,../MRSM/Picture22.png,"中文：B：人民实践Rukun Negara的共同价值与原则，培养尊重和谐以支持团结。
Bahasa Melayu: B: Rakyat menghayati prinsip Rukun Negara untuk membina nilai bersama, saling menghormati dan menyokong perpaduan."
F5 Chp 1,radio,N_Q22,A,B,C,D,D,../N9/Picture22.png,"中文：人民避免勾结危害国家的外来势力，并加入安全部队，III、IV正确。
Bahasa Melayu: Rakyat mengelakkan kolaborasi yang mengancam negara dan menganggotai pasukan keselamatan; III dan IV betul."
F5 Chp 1,radio,Pahang_Q22,A,B,C,D,C,../Pahang/Picture22.png,"中文：乡村巡视让领袖检查发展计划成效及居民需求，监督经济繁荣政策。
Bahasa Melayu: Lawatan luar bandar membolehkan pemimpin menilai pembangunan dan keperluan rakyat untuk memantau dasar kemakmuran ekonomi."
F5 Chp 1,radio,Penang_Q22,A,B,C,D,A,../Penang/Picture22.png,"中文：现代化武器及军事技术提升安全部队应对威胁的能力。
Bahasa Melayu: Pemodenan teknologi senjata meningkatkan keupayaan pasukan keselamatan menghadapi ancaman."
F5 Chp 1,radio,Perak_Q22,A,B,C,D,A,../Perak/Picture22.png,"中文：受承认的明确边界划定国家治理范围，与政府、法律及人民构成主权国家。
Bahasa Melayu: Sempadan diiktiraf menetapkan wilayah pemerintahan bersama kerajaan, undang-undang dan rakyat sebagai ciri negara berdaulat."
F5 Chp 1,radio,Perlis_Q22,A,B,C,D,C,../Perlis/Picture22.png,"中文：公平分配国家财富减少不满及族群经济差距，帮助形成政治稳定与公众信任。
Bahasa Melayu: Pengagihan kekayaan secara adil mengurangkan rasa tidak puas hati dan jurang ekonomi, lalu menyokong kestabilan politik."
F5 Chp 1,radio,PutrajayaSet_Q22,A,B,C,D,A,../Putrajaya set 1/Picture22.png,"中文：国家自行制定外交政策，决定与哪些国家合作及维护何种利益，体现主权。
Bahasa Melayu: Penggubalan dasar luar menentukan hubungan dan kerjasama antarabangsa menurut kepentingan negara berdaulat."
F5 Chp 1,radio,PutrajayaSet_Q22,A,B,C,D,A,../Putrajaya set 2/Picture22.png,"中文：国家原则建立共同价值，培养各族友好、理解与团结，回应社会关系紧张。
Bahasa Melayu: Rukun Negara membina nilai bersama untuk memupuk muhibah, persefahaman dan perpaduan rakyat."
F5 Chp 1,radio,SarawakSerian_Q22,A,B,C,D,D,../Sarawak Serian/Picture22.png,"中文：D：多种文化和风俗共同构成马来西亚的特色，显示国家社会的独特性。
Bahasa Melayu: D: Kepelbagaian budaya dan adat resam menggambarkan keunikan masyarakat serta identiti negara Malaysia."
F5 Chp 1,radio,Sbp_Q22,A,B,C,D,D,../SBP/Picture22.png,"中文：国家原则、国语及文化政策建立共同身份与价值，促进不同族群团结。
Bahasa Melayu: Rukun Negara, bahasa kebangsaan dan kebudayaan kebangsaan membina identiti serta nilai bersama untuk memupuk perpaduan."
F5 Chp 1,radio,SelangorSet_Q22,A,B,C,D,A,../Selangor set 1/Picture22.png,"中文：A：边界是国家之间的分隔线，可确定治理、国防及经济活动的范围。
Bahasa Melayu: A: Sempadan ialah garis pemisah antara negara dan menentukan ruang pentadbiran, pertahanan serta kegiatan negara."
F5 Chp 1,radio,SelangorSet_Q22,A,B,C,D,B,../Selangor set 2/Picture22.png,"中文：B：高效行政使政策及服务落实、减少治理问题，从而维护政治稳定。
Bahasa Melayu: B: Pentadbiran cekap memastikan dasar dan perkhidmatan dilaksanakan dengan baik, lalu mewujudkan kestabilan politik."
F5 Chp 1,radio,SelangorSet_Q22,A,B,C,D,B,../Selangor set 3/Picture22.png,"中文：B：1970年友好关系宣言确认国家主权平等，即大国与小国同样享有主权权利。
Bahasa Melayu: B: Deklarasi 1970 mengesahkan prinsip persamaan kedaulatan negara; negara besar dan kecil mempunyai hak kedaulatan yang sama."
F5 Chp 1,radio,Smka_Q22,A,B,C,D,A,../SMKA/Picture22.png,"中文：经济稳定增强国家处理事务及抵御危机的能力，支持维护主权，原答案A因此可理解。但C维持族群团结也明确是课本维护主权措施，题目存在重叠。
Bahasa Melayu: Ekonomi stabil menyokong keupayaan negara mempertahankan kedaulatan, maka A boleh difahami. Namun C mengekalkan perpaduan juga langkah buku teks yang jelas, menyebabkan pertindihan pilihan."
F5 Chp 1,radio,Terengganu_Q22,A,B,C,D,C,../Terengganu/Picture22.png,"中文：C：主权国家有权自主进行行政，不受外国政府控制。
Bahasa Melayu: C: Negara berdaulat mempunyai hak melaksanakan pentadbirannya sendiri tanpa dikawal oleh kerajaan asing."
F5 Chp 10,radio,JohorBahru_Q39,A,B,C,D,B,../Johor Bahru/Picture39.png,"中文：AFTA降低区域内商品关税与贸易壁垒，方便东盟成员之间贸易，增加经济竞争力。因此选B。
Bahasa Melayu: AFTA mengurangkan tarif dan halangan perdagangan barangan antara negara ASEAN. Langkah ini merancakkan perdagangan serta daya saing ekonomi, maka B tepat."
F5 Chp 10,radio,Kedah_Q39,A,B,C,D,A,../Kedah/Picture39.png,"中文：A（I、II）：南极问题及Langkawi宣言均涉及全球环境与资源保护，体现可持续发展贡献。
Bahasa Melayu: A (I dan II): Isu Antartika dan Deklarasi Langkawi berkaitan pemeliharaan alam serta sumber dunia sebagai sumbangan kepada kelestarian global."
F5 Chp 10,radio,Kelantan_Q39,A,B,C,D,D,../Kelantan/Picture39.png,"中文：D：马来西亚位于区域交通及海上路线的战略位置，被非法网络利用为转运地点。
Bahasa Melayu: D: Kedudukan Malaysia yang strategik pada laluan perhubungan serantau dimanfaatkan oleh sindiket sebagai lokasi transit."
F5 Chp 10,radio,KlSentul_Q39,A,B,C,D,C,../KL Sentul/Picture39.png,"中文：Muslim Care和MAPIM向战争或灾害受害者提供食物、医疗及其他支援，其共同任务是人道援助。因此选C。
Bahasa Melayu: Muslim Care dan MAPIM menyalurkan keperluan serta bantuan kepada mangsa konflik atau bencana. Misi utamanya ialah bantuan kemanusiaan, maka C tepat."
F5 Chp 10,radio,Melaka_Q39,A,B,C,D,C,../Melaka/Picture39.png,"中文：AFTA降低贸易壁垒、扩大区域贸易与投资，增强东盟经济合作。
Bahasa Melayu: AFTA mengurangkan halangan perdagangan dan memperluas perdagangan serta pelaburan untuk kerjasama ekonomi ASEAN."
F5 Chp 10,radio,Mrsm_Q39,A,B,C,D,C,../MRSM/Picture39.png,"中文：C：政府固定马币汇率，并配合资本管制稳定货币及金融环境，以处理经济危机。
Bahasa Melayu: C: Kerajaan menambat kadar ringgit dan melaksanakan kawalan modal untuk menstabilkan mata wang serta kewangan semasa krisis."
F5 Chp 10,radio,N_Q39,A,B,C,D,C,../N9/Picture39.png,"中文：有关岛屿的主权争议交国际法院裁决，以法律和和平方法解决。
Bahasa Melayu: Pertikaian kedaulatan pulau dirujuk kepada Mahkamah Antarabangsa untuk penyelesaian undang-undang secara aman."
F5 Chp 10,radio,Penang_Q39,A,B,C,D,A,../Penang/Picture39.png,"中文：人民可提供人道物资并建立捐款基金帮助Palestin民众，I、II正确。
Bahasa Melayu: Rakyat menyalurkan bantuan kemanusiaan dan mewujudkan tabung sumbangan untuk Palestin; I dan II betul."
F5 Chp 10,radio,Perak_Q39,A,B,C,D,B,../Perak/Picture39.png,"中文：课本以ASEAN-China论坛讨论Spratly争议为外交解决例子；不代表所有重叠主张已经最终解决。
Bahasa Melayu: Forum ASEAN-China membincangkan pertikaian Spratly sebagai usaha diplomatik; ini tidak bermakna semua tuntutan bertindih telah selesai sepenuhnya."
F5 Chp 10,radio,Perlis_Q39,A,B,C,D,D,../Perlis/Picture39.png,"中文：良好农业规范GAP改善棕油生产管理及环境表现，回应反棕油运动的批评并提升产品信誉。
Bahasa Melayu: GAP memperbaik pengurusan pertanian dan kelestarian pengeluaran sawit untuk menjawab kritikan serta meningkatkan keyakinan terhadap produk."
F5 Chp 10,radio,PutrajayaSet_Q39,A,B,C,D,C,../Putrajaya set 1/Picture39.png,"中文：马来西亚向遭战争及灾害影响者提供物资、医疗及救援，体现国际人道角色。
Bahasa Melayu: Malaysia memberikan bekalan, rawatan dan bantuan kecemasan kepada mangsa konflik serta bencana sebagai peranan kemanusiaan."
F5 Chp 10,radio,PutrajayaSet_Q39,A,B,C,D,D,../Putrajaya set 2/Picture39.png,"中文：南沙争议涉及中国、越南、文莱、菲律宾及马来西亚等主张，因此D符合题列国家组合。
Bahasa Melayu: Pertikaian Spratly melibatkan tuntutan China, Vietnam, Brunei, Filipina dan Malaysia, maka D menepati senarai dalam soalan."
F5 Chp 10,radio,SarawakSerian_Q39,A,B,C,D,B,../Sarawak Serian/Picture39.png,"中文：B（I、IV）：持续说明棕油产业并推动MSPO认证，回应环保指责及证明可持续生产。
Bahasa Melayu: B (I dan IV): Kempen berterusan dan pensijilan MSPO menjelaskan usaha kelestarian minyak sawit serta menangani tuduhan terhadap industri tersebut."
F5 Chp 10,radio,Sbp_Q39,A,B,C,D,A,../SBP/Picture39.png,"中文：欧洲环保团体的批评集中在种植活动造成环境污染及野生动物栖息地损失，故I和II符合题意；这是活动方主张，不代表所有棕油生产都一样。
Bahasa Melayu: NGO alam sekitar mengkritik pencemaran dan kemusnahan habitat akibat kegiatan penanaman, maka I dan II tepat sebagai alasan kempen, bukan gambaran semua pengeluaran sawit."
F5 Chp 10,radio,SelangorSet_Q39,A,B,C,D,A,../Selangor set 1/Picture39.png,"中文：A：马来西亚建议取消否决权，避免少数强国阻止集体维护和平的决议。
Bahasa Melayu: A: Malaysia mencadangkan pemansuhan kuasa veto supaya keputusan menjaga keamanan tidak disekat oleh beberapa kuasa besar."
F5 Chp 10,radio,SelangorSet_Q39,A,B,C,D,B,../Selangor set 2/Picture39.png,"中文：B（I、IV）：本题所列的Muslim Care及MAPIM参与巴勒斯坦人道援助；不同非政府组织的服务地区不能一概相同。
Bahasa Melayu: B (I dan IV): Muslim Care dan MAPIM ialah organisasi yang dikaitkan dalam soalan ini dengan bantuan kemanusiaan Palestin; bidang operasi NGO lain tidak semestinya sama."
F5 Chp 10,radio,SelangorSet_Q39,A,B,C,D,B,../Selangor set 3/Picture39.png,"中文：B（I、IV）：人口贩运及反棕油运动都是马来西亚面对的全球议题；但II环境可持续性同样是全球议题，因此A也有合理依据，题目组合不够明确。
Bahasa Melayu: B (I dan IV): Pemerdagangan orang dan kempen antiminyak sawit ialah isu global Malaysia. Namun II, kelestarian alam sekitar, juga isu global, maka A turut munasabah dan pilihan soalan tidak sepenuhnya jelas."
F5 Chp 10,radio,Smka_Q39,A,B,C,D,C,../SMKA/Picture39.png,"中文：重叠疆界及领土主张涉及邻国关系，是马来西亚面对的国际议题之一。
Bahasa Melayu: Pertindihan sempadan dan tuntutan wilayah melibatkan hubungan dengan negara lain sebagai isu global yang dihadapi Malaysia."
F5 Chp 10,radio,Terengganu_Q39,A,B,C,D,A,../Terengganu/Picture39.png,"中文：A：Colombo计划以教育、训练与发展援助提升生活水平，因此马来西亚参与解决贫穷问题。
Bahasa Melayu: A: Rancangan Colombo meningkatkan taraf hidup melalui pendidikan, latihan dan bantuan pembangunan untuk menangani kemiskinan."
F5 Chp 10,radio,JohorBahru_Q40,A,B,C,D,A,../Johor Bahru/Picture40.png,"中文：国家繁荣和就业吸引力被人口贩运者利用，把马来西亚作为转运地点或目的地。题目答案A强调这种经济吸引因素，并不表示国家没有法律。
Bahasa Melayu: Kemakmuran dan peluang ekonomi Malaysia dieksploitasi oleh sindiket pemerdagangan manusia sebagai faktor tarikan serta transit. Oleh itu, A sesuai; ini tidak bermaksud negara tiada undang-undang."
F5 Chp 10,radio,Kedah_Q40,A,B,C,D,D,../Kedah/Picture40.png,"中文：D：限制携带核武器的舰艇进入本国海域，有助履行无核武器区承诺；须区分核武器与和平用途核技术。
Bahasa Melayu: D: Menghalang kapal yang membawa senjata nuklear memasuki perairan negara membantu komitmen SEANWFZ; senjata nuklear perlu dibezakan daripada teknologi nuklear untuk tujuan aman."
F5 Chp 10,radio,Kelantan_Q40,A,B,C,D,A,../Kelantan/Picture40.png,"中文：A：ASEAN Community推动更紧密的经济合作及整合，以促进成员国共同增长。
Bahasa Melayu: A: Komuniti ASEAN menggalakkan kerjasama dan integrasi ekonomi untuk meningkatkan pertumbuhan bersama negara anggota."
F5 Chp 10,radio,KlSentul_Q40,A,B,C,D,D,../KL Sentul/Picture40.png,"中文：东南亚无核区条约限制核武器扩散与部署，降低区域遭受核威胁的风险。因此马来西亚参与是为了保障地区安全，选D。
Bahasa Melayu: Zon Bebas Nuklear Asia Tenggara mengurangkan ancaman senjata nuklear dan menyokong keamanan rantau. Oleh itu, keselamatan serantau dalam D ialah sebab paling khusus."
F5 Chp 10,radio,Melaka_Q40,A,B,C,D,A,../Melaka/Picture40.png,"中文：Muslim Care提供食物、医疗和人道支援，帮助灾区及受冲突影响人民。
Bahasa Melayu: Muslim Care menyalurkan makanan, rawatan dan bantuan kemanusiaan kepada mangsa bencana serta konflik."
F5 Chp 10,radio,Mrsm_Q40,A,B,C,D,D,../MRSM/Picture40.png,"中文：D（III、IV）：马来西亚关注巴勒斯坦人民的主权与权利，并反对不公正和侵犯行为。
Bahasa Melayu: D (III dan IV): Malaysia mempertahankan kedaulatan serta hak rakyat Palestin dan menegakkan prinsip keadilan terhadap pencabulan yang berlaku."
F5 Chp 10,radio,N_Q40,A,B,C,D,A,../N9/Picture40.png,"中文：政府固定马币汇率以稳定货币和市场，减少金融危机中的投机与波动。
Bahasa Melayu: Kerajaan menambat kadar ringgit untuk menstabilkan mata wang serta pasaran dan mengurangkan turun naik ketika krisis."
F5 Chp 10,radio,Pahang_Q40,A,B,C,D,A,../Pahang/Picture40.png,"中文：马来西亚位处重要区域交通通道，容易被犯罪集团利用为人口贩运的过境或目的地。
Bahasa Melayu: Kedudukan Malaysia pada laluan serantau strategik menjadikannya lokasi transit atau destinasi yang disalahgunakan sindiket pemerdagangan orang."
F5 Chp 10,radio,Penang_Q40,A,B,C,D,D,../Penang/Picture40.png,"中文：课本所述承诺是防止携带核武器的舰船进入或停泊，维护区域无核武目标；并非禁止和平核能设施。
Bahasa Melayu: Komitmen dalam buku teks ialah menghalang kapal membawa senjata nuklear memasuki atau berlabuh untuk zon bebas nuklear, bukan melarang semua kemudahan tenaga nuklear aman."
F5 Chp 10,radio,Perak_Q40,A,B,C,D,B,../Perak/Picture40.png,"中文：CGM及MERCY提供医疗、物资与救灾援助，为受冲突和灾难影响的人争取人道福祉。
Bahasa Melayu: CGM dan MERCY menyalurkan rawatan, bekalan serta bantuan bencana untuk memperjuangkan kemanusiaan mangsa konflik dan bencana."
F5 Chp 10,radio,Perlis_Q40,A,B,C,D,B,../Perlis/Picture40.png,"中文：泥炭地火灾释放大量烟雾并引起跨境烟霾，所以合作研究预防泥炭地火灾能处理烟霾根源。
Bahasa Melayu: Kebakaran tanah gambut menghasilkan asap tebal dan jerebu rentas sempadan, maka penyelidikan pencegahannya menangani punca jerebu."
F5 Chp 10,radio,PutrajayaSet_Q40,A,B,C,D,A,../Putrajaya set 1/Picture40.png,"中文：京都议定书针对温室气体减排及气候变化；日内瓦公约主要关于战争人道规范，是不同议题。
Bahasa Melayu: Protokol Kyoto berkaitan pengurangan gas rumah hijau dan perubahan iklim, berbeza daripada Konvensyen Geneva tentang kemanusiaan ketika perang."
F5 Chp 10,radio,PutrajayaSet_Q40,A,B,C,D,D,../Putrajaya set 2/Picture40.png,"中文：由Muhammad Nadir Al-Nuri创办并推动2020斋月项目的是Cinta Gaza Malaysia，帮助加沙弱势居民。
Bahasa Melayu: Cinta Gaza Malaysia diasaskan Muhammad Nadir Al-Nuri dan melaksanakan Projek Ramadan2020 untuk membantu penduduk Gaza."
F5 Chp 10,radio,SarawakSerian_Q40,A,B,C,D,A,../Sarawak Serian/Picture40.png,"中文：A：禁止在本国海域进行核武器相关演习，有助履行东南亚无核武器区承诺。
Bahasa Melayu: A: Larangan latihan senjata nuklear di perairan negara membantu memastikan komitmen Zon Bebas Senjata Nuklear Asia Tenggara dipatuhi."
F5 Chp 10,radio,Sbp_Q40,A,B,C,D,C,../SBP/Picture40.png,"中文：Freedom Flotilla向巴勒斯坦运送人道及医疗援助，试图突破加沙封锁。
Bahasa Melayu: Freedom Flotilla membawa bantuan kemanusiaan dan perubatan ke Palestin serta berusaha menembusi sekatan Gaza."
F5 Chp 10,radio,SelangorSet_Q40,A,B,C,D,C,../Selangor set 1/Picture40.png,"中文：C：东南亚无核武器区限制核武器威胁，有助确保区域安全及稳定。
Bahasa Melayu: C: Zon Bebas Senjata Nuklear Asia Tenggara mengurangkan ancaman nuklear untuk menjamin keselamatan dan kestabilan serantau."
F5 Chp 10,radio,SelangorSet_Q40,A,B,C,D,C,../Selangor set 2/Picture40.png,"中文：C：马来西亚主张南极资源属于国际共同利益，应让各国共享成果，而非由少数国家垄断。
Bahasa Melayu: C: Malaysia mahu hasil dan manfaat Antartika dinikmati bersama oleh masyarakat antarabangsa, bukannya dimonopoli segelintir negara."
F5 Chp 10,radio,SelangorSet_Q40,A,B,C,D,B,../Selangor set 3/Picture40.png,"中文：B：推广新能源及较洁净能源，减少化石燃料使用，帮助限制温室气体排放。
Bahasa Melayu: B: Penggunaan tenaga baharu dan lebih bersih mengurangkan pergantungan pada bahan api fosil serta pelepasan gas rumah hijau."
F5 Chp 10,radio,Smka_Q40,A,B,C,D,A,../SMKA/Picture40.png,"中文：Freedom Flotilla运送粮食及其他人道物资到巴勒斯坦，帮助受封锁影响的居民，而非军事维和任务。
Bahasa Melayu: Freedom Flotilla membekalkan makanan dan bantuan kemanusiaan kepada penduduk Palestin yang menghadapi sekatan, bukan misi ketenteraan pengaman."
F5 Chp 10,radio,Terengganu_Q40,A,B,C,D,D,../Terengganu/Picture40.png,"中文：D：ASEAN Community重视成员之间整合，包括尊重及承认人权，促进共同社会价值。
Bahasa Melayu: D: Komuniti ASEAN meningkatkan integrasi negara anggota, termasuk pengiktirafan hak asasi dan nilai bersama masyarakat serantau."
F5 Chp 2,radio,JohorBahru_Q23,A,B,C,D,A,../Johor Bahru/Picture23.png,"中文：第一与第三份Charter of Justice设立或重组海峡殖民地法院，推动英国司法制度发展。题目着重法院的建立，因此选A。
Bahasa Melayu: Charter of Justice pertama dan ketiga berkaitan pewujudan mahkamah serta perkembangan sistem kehakiman Negeri-negeri Selat. Oleh itu, A sesuai dengan konteks soalan."
F5 Chp 2,radio,Kedah_Q23,A,B,C,D,B,../Kedah/Picture23.png,"中文：B（I、IV）：君主制度及马来语地位延续传统；议会民主及共同公民身份属于现代特征。
Bahasa Melayu: B (I dan IV): Pemerintahan beraja dan kedudukan bahasa Melayu ialah ciri tradisional, manakala demokrasi serta kewarganegaraan bersama ialah ciri moden."
F5 Chp 2,radio,Kelantan_Q23,A,B,C,D,A,../Kelantan/Picture23.png,"中文：A（I、II）：伊斯兰及马来语地位延续本地历史传统；议会民主属于现代宪制特征。
Bahasa Melayu: A (I dan II): Kedudukan Islam dan bahasa Melayu ialah ciri tradisional, manakala Demokrasi Berparlimen ialah ciri moden perlembagaan."
F5 Chp 2,radio,KlSentul_Q23,A,B,C,D,A,../KL Sentul/Picture23.png,"中文：Charter of Justice建立司法制度，课本强调其目的包括保护本地居民免受压迫。题目问该法律的目的，因此选A。
Bahasa Melayu: Charter of Justice membentuk asas kehakiman dan, menurut buku teks, bertujuan melindungi penduduk asal daripada penindasan. Oleh itu, A tepat."
F5 Chp 2,radio,Melaka_Q23,A,B,C,D,C,../Melaka/Picture23.png,"中文：Charter of Justice建立司法保护与法律秩序，防止居民受压迫。
Bahasa Melayu: Charter of Justice menyediakan perlindungan kehakiman dan aturan undang-undang untuk menghalang penindasan penduduk."
F5 Chp 2,radio,Mrsm_Q23,A,B,C,D,C,../MRSM/Picture23.png,"中文：C（II、III）：联邦政府及议会民主属于现代宪制；君主制度及马来人地位延续传统。
Bahasa Melayu: C (II dan III): Kerajaan Persekutuan dan Demokrasi Berparlimen ialah ciri moden, manakala sistem beraja serta kedudukan orang Melayu ialah ciri tradisional."
F5 Chp 2,radio,N_Q23,A,B,C,D,A,../N9/Picture23.png,"中文：联邦政府与公民权、议会民主同属宪法现代特征；君主、语言、宗教是传统特征。
Bahasa Melayu: Kerajaan Persekutuan, kewarganegaraan dan Demokrasi Berparlimen ialah ciri moden; raja, bahasa dan agama ialah ciri tradisional."
F5 Chp 2,radio,Pahang_Q23,A,B,C,D,C,../Pahang/Picture23.png,"中文：人民选择领袖及独立选举机构是议会民主的运作特点，属于现代宪法特征。
Bahasa Melayu: Pemilihan pemimpin oleh rakyat dan SPR ialah ciri pelaksanaan Demokrasi Berparlimen dalam perlembagaan moden."
F5 Chp 2,radio,Penang_Q23,A,B,C,D,C,../Penang/Picture23.png,"中文：选举让人民自由选择代表，确保政府取得民意授权，是民主基础。
Bahasa Melayu: Pilihan raya membolehkan rakyat memilih wakil dengan bebas dan memberikan mandat kepada kerajaan sebagai asas demokrasi."
F5 Chp 2,radio,Perak_Q23,A,B,C,D,D,../Perak/Picture23.png,"中文：这些州法律承继马六甲法律传统并作地方调整，体现法律制度延续。
Bahasa Melayu: Undang-undang negeri mewarisi perundangan Melaka dengan penyesuaian tempatan, menunjukkan kesinambungan tradisi."
F5 Chp 2,radio,Perlis_Q23,A,B,C,D,A,../Perlis/Picture23.png,"中文：定期选举让人民选择政府代表，体现民主；保留君主本身不能单独证明民主。
Bahasa Melayu: Pilihan raya membolehkan rakyat memilih wakil kerajaan dan menunjukkan amalan demokrasi. Institusi beraja sahaja bukan bukti demokrasi."
F5 Chp 2,radio,PutrajayaSet_Q23,A,B,C,D,B,../Putrajaya set 1/Picture23.png,"中文：马来联邦州的共同法律由联邦理事会制定，是统一殖民行政的制度之一。
Bahasa Melayu: Majlis Persekutuan menggubal undang-undang bersama bagi NNMB dalam penyelarasan pentadbiran negeri-negeri tersebut."
F5 Chp 2,radio,PutrajayaSet_Q23,A,B,C,D,C,../Putrajaya set 2/Picture23.png,"中文：西方势力到来前，马来王国由君主领导，并有大臣及法律协助治理。
Bahasa Melayu: Sebelum kedatangan Barat, kerajaan Melayu mengamalkan pemerintahan beraja dengan bantuan pembesar dan undang-undang."
F5 Chp 2,radio,SarawakSerian_Q23,A,B,C,D,A,../Sarawak Serian/Picture23.png,"中文：A：Westminster模式源自英国，影响马来西亚的议会民主及君主立宪安排。
Bahasa Melayu: A: Model Westminster berasal dari Britain dan mempengaruhi sistem Demokrasi Berparlimen serta Raja Berperlembagaan Malaysia."
F5 Chp 2,radio,Sbp_Q23,A,B,C,D,D,../SBP/Picture23.png,"中文：1877年霹雳州议会会议推动通过有组织讨论制定法律，成为现代国家立法发展起点之一。
Bahasa Melayu: Mesyuarat Majlis Negeri Perak1877 merintis penggubalan undang-undang melalui institusi tersusun dan perkembangan perundangan negara."
F5 Chp 2,radio,SelangorSet_Q23,A,B,C,D,B,../Selangor set 1/Picture23.png,"中文：B：Charter of Justice建立司法机制，保护本地居民免受压迫。
Bahasa Melayu: B: Charter of Justice menyediakan sistem kehakiman untuk melindungi penduduk asal dan mengelakkan penindasan."
F5 Chp 2,radio,SelangorSet_Q23,A,B,C,D,D,../Selangor set 2/Picture23.png,"中文：D：霹雳州议会首次会议开启讨论及制定书面法律的过程，成为法制发展的起点。
Bahasa Melayu: D: Mesyuarat pertama Majlis Negeri Perak merintis proses pembentukan undang-undang bertulis melalui perbincangan majlis."
F5 Chp 2,radio,SelangorSet_Q23,A,B,C,D,A,../Selangor set 3/Picture23.png,"中文：A：非联邦马来州由Majlis Negeri制定州法律，保留州级立法机制。
Bahasa Melayu: A: Majlis Negeri bertanggungjawab menggubal undang-undang di Negeri-negeri Melayu Tidak Bersekutu."
F5 Chp 2,radio,Smka_Q23,A,B,C,D,B,../SMKA/Picture23.png,"中文：伊斯兰教及马来人与土著的地位是传统宪法特征，公民权及联邦安排属于现代制度，故I和IV正确。
Bahasa Melayu: Islam dan kedudukan orang Melayu serta bumiputera ialah ciri tradisional. Maka I dan IV tepat, berbeza daripada ciri moden kewarganegaraan dan Persekutuan."
F5 Chp 2,radio,Terengganu_Q23,A,B,C,D,A,../Terengganu/Picture23.png,"中文：A：Charter of Justice建立司法制度，以保护居民及防止不公平待遇。
Bahasa Melayu: A: Charter of Justice mewujudkan sistem kehakiman untuk melindungi penduduk dan menghalang ketidakadilan."
F5 Chp 2,radio,JohorBahru_Q24,A,B,C,D,B,../Johor Bahru/Picture24.png,"中文：1963年成立马来西亚，需要加入与沙巴、砂拉越及新联邦组成有关的条款，包括自治和司法安排。因此选B。
Bahasa Melayu: Pindaan 1963 memasukkan klausa bagi menyesuaikan perlembagaan dengan pembentukan Malaysia, termasuk keperluan Sabah dan Sarawak. Oleh itu, B tepat."
F5 Chp 2,radio,Kedah_Q24,A,B,C,D,D,../Kedah/Picture24.png,"中文：D：1963年多个地区联合成立马来西亚，宪法须调整以纳入新州及新制度。
Bahasa Melayu: D: Penggabungan wilayah membentuk Malaysia pada 1963 memerlukan pindaan perlembagaan bagi negeri serta susunan baharu."
F5 Chp 2,radio,Kelantan_Q24,A,B,C,D,B,../Kelantan/Picture24.png,"中文：B：1963年成立马来西亚，宪法需纳入新州并调整联邦机构。
Bahasa Melayu: B: Pembentukan Malaysia 1963 memerlukan peruntukan bagi negeri baharu serta penyesuaian institusi Persekutuan."
F5 Chp 2,radio,KlSentul_Q24,A,B,C,D,B,../KL Sentul/Picture24.png,"中文：1965年修宪对应新加坡分离，因此选B。须注意被删除的是与新加坡有关的条款，不是整部宪法全部条款；题图表述若缺少“新加坡”，是不完整的。
Bahasa Melayu: Pindaan Perlembagaan 1965 berkaitan pemisahan Singapura, maka B tepat. Perkara yang dimansuhkan ialah perkara berkaitan Singapura, bukannya seluruh perlembagaan; huraian dalam rajah tidak lengkap jika frasa tersebut tiada."
F5 Chp 2,radio,Melaka_Q24,A,B,C,D,C,../Melaka/Picture24.png,"中文：君主制度继承马来州独立前传统，属于宪法传统特征。
Bahasa Melayu: Pemerintahan beraja diwarisi daripada tradisi negeri Melayu sebelum merdeka, maka ialah ciri tradisional perlembagaan."
F5 Chp 2,radio,Mrsm_Q24,A,B,C,D,D,../MRSM/Picture24.png,"中文：D：1963年成立马来西亚、1965年新加坡分离，宪法必须按联邦成员与现实需要调整。
Bahasa Melayu: D: Pembentukan Malaysia 1963 dan pemisahan Singapura 1965 memerlukan perlembagaan disesuaikan dengan keanggotaan serta keperluan semasa."
F5 Chp 2,radio,N_Q24,A,B,C,D,A,../N9/Picture24.png,"中文：1965年修宪配合新加坡脱离马来西亚，调整涉及新加坡的联邦条文。
Bahasa Melayu: Pindaan 1965 menyesuaikan peruntukan persekutuan selepas pemisahan Singapura daripada Malaysia."
F5 Chp 2,radio,Pahang_Q24,A,B,C,D,A,../Pahang/Picture24.png,"中文：联邦法院依据宪法裁定联邦与州之间的权限冲突，维护联邦制度。
Bahasa Melayu: Mahkamah Persekutuan menyelesaikan pertikaian kuasa persekutuan-negeri berdasarkan perlembagaan."
F5 Chp 2,radio,Penang_Q24,A,B,C,D,B,../Penang/Picture24.png,"中文：1963年成立马来西亚使新地区加入联邦，需要调整宪法及行政结构。
Bahasa Melayu: Pembentukan Malaysia 1963 memasukkan wilayah baharu dan memerlukan penyesuaian perlembagaan serta pentadbiran."
F5 Chp 2,radio,Perak_Q24,A,B,C,D,C,../Perak/Picture24.png,"中文：1948年联邦区分马来君主臣民与海峡殖民地英国臣民，作为公民权基础。
Bahasa Melayu: Persekutuan 1948 membezakan rakyat Raja Melayu dan rakyat British di Negeri-negeri Selat sebagai asas kewarganegaraan."
F5 Chp 2,radio,Perlis_Q24,A,B,C,D,D,../Perlis/Picture24.png,"中文：国会通过宪法修订，使1965年新加坡退出联邦得到法律落实。
Bahasa Melayu: Pindaan Perlembagaan melalui Parlimen melaksanakan pemisahan Singapura daripada Malaysia pada 1965."
F5 Chp 2,radio,PutrajayaSet_Q24,A,B,C,D,A,../Putrajaya set 1/Picture24.png,"中文：独立前马来统治者及沙巴砂拉越原住民领袖负责维护本地居民权益，因此I和II正确。
Bahasa Melayu: Sebelum merdeka, raja dan ketua pribumi menjaga kedudukan serta kepentingan penduduk tempatan. Maka I dan II tepat."
F5 Chp 2,radio,PutrajayaSet_Q24,A,B,C,D,D,../Putrajaya set 2/Picture24.png,"中文：公民权及议会民主属于宪法现代特征；君主及马来语是传统特征，故III和IV正确。
Bahasa Melayu: Kewarganegaraan dan demokrasi berparlimen ialah ciri moden, manakala kesultanan serta bahasa Melayu ialah ciri tradisional. Maka III dan IV tepat."
F5 Chp 2,radio,SarawakSerian_Q24,A,B,C,D,B,../Sarawak Serian/Picture24.png,"中文：B：联邦法院可处理宪法问题及联邦政府与州政府之间的争议，属于最高层级司法机构。
Bahasa Melayu: B: Mahkamah Persekutuan mendengar persoalan perlembagaan dan pertikaian antara Kerajaan Persekutuan dengan negeri sebagai mahkamah tertinggi."
F5 Chp 2,radio,SelangorSet_Q24,A,B,C,D,A,../Selangor set 1/Picture24.png,"中文：A：新加坡于1965年退出马来西亚，宪法需修改与其相关的条文。
Bahasa Melayu: A: Pemisahan Singapura daripada Malaysia pada 1965 memerlukan pindaan peruntukan perlembagaan yang berkaitan dengannya."
F5 Chp 2,radio,SelangorSet_Q24,A,B,C,D,A,../Selangor set 2/Picture24.png,"中文：A：1963年成立马来西亚后，宪法须加入及调整新州相关条文和联邦制度。
Bahasa Melayu: A: Pembentukan Malaysia 1963 memerlukan peruntukan perlembagaan disesuaikan dengan negeri baharu dan susunan Persekutuan."
F5 Chp 2,radio,SelangorSet_Q24,A,B,C,D,B,../Selangor set 3/Picture24.png,"中文：B（I、IV）：新加坡分离后，宪法中涉及新加坡的移民及外交等条文被取消；不是取消马来西亚所有相关职权。
Bahasa Melayu: B (I dan IV): Pemisahan Singapura memansuhkan peruntukan berkaitan imigresen dan hubungan luar bagi Singapura, bukan menghapuskan semua kuasa Malaysia dalam perkara tersebut."
F5 Chp 2,radio,Smka_Q24,A,B,C,D,A,../SMKA/Picture24.png,"中文：国会拥有通过联邦宪法修订的立法权限，内阁提出建议但不能自行取代国会批准。
Bahasa Melayu: Parlimen meluluskan pindaan Perlembagaan Persekutuan; Jemaah Menteri boleh mengusulkan tetapi tidak menggantikan kelulusan Parlimen."
F5 Chp 2,radio,Terengganu_Q24,A,B,C,D,B,../Terengganu/Picture24.png,"中文：B：1963年修宪配合马来西亚成立，增设Borneo高等法院及有关新州制度。
Bahasa Melayu: B: Pindaan 1963 menyesuaikan sistem kehakiman dengan pembentukan Malaysia, termasuk pembentukan Mahkamah Tinggi Borneo."
F5 Chp 3,radio,Sbp_Q24,A,B,C,D,D,../SBP/Picture24.png,"中文：国家元首依赦免程序可减轻或暂缓已判刑罚，属于司法相关权限；召集国会及批准法案属于立法。
Bahasa Melayu: YDPA boleh menangguhkan atau mengurangkan hukuman mengikut proses pengampunan sebagai kuasa berkaitan kehakiman."
F5 Chp 3,radio,JohorBahru_Q25,A,B,C,D,B,../Johor Bahru/Picture25.png,"中文：国家元首任命内阁，并担任武装部队最高统帅，属于课本列出的行政权限。召集国会属于立法权限，因此I和IV，即B。
Bahasa Melayu: Yang di-Pertuan Agong melantik Jemaah Menteri dan menjadi Pemerintah Tertinggi Angkatan Tentera dalam kuasa eksekutif. Memanggil Parlimen berkaitan kuasa perundangan, maka I dan IV, iaitu B."
F5 Chp 3,radio,Kedah_Q25,A,B,C,D,C,../Kedah/Picture25.png,"中文：C：马来统治者的主权及州制度限制英国直接扩权，英国须通过协议逐步介入。
Bahasa Melayu: C: Kedudukan dan kedaulatan Raja-raja Melayu menjadi halangan kepada perluasan kuasa British secara langsung."
F5 Chp 3,radio,Kelantan_Q25,A,B,C,D,C,../Kelantan/Picture25.png,"中文：C（II、III）：君主地位获得宪法承认，而人民享有投票权；首相是政府首长，国家元首是Yang di-Pertuan Agong。
Bahasa Melayu: C (II dan III): Perlembagaan mengiktiraf kedudukan raja dan hak rakyat mengundi. Perdana Menteri ialah Ketua Kerajaan, bukan Ketua Negara."
F5 Chp 3,radio,KlSentul_Q25,A,B,C,D,C,../KL Sentul/Picture25.png,"中文：州宪法规定统治者必须依宪法行使权力，推动君主立宪制度的发展。因此选C。
Bahasa Melayu: Undang-undang tubuh negeri menetapkan pemerintahan raja berlandaskan perlembagaan. Hal ini memperkenalkan amalan Raja Berperlembagaan, maka C tepat."
F5 Chp 3,radio,Melaka_Q25,A,B,C,D,C,../Melaka/Picture25.png,"中文：州宪法明确君主权力受法律约束，推动君主立宪而非绝对君权。
Bahasa Melayu: Undang-undang tubuh negeri menetapkan kuasa raja tertakluk pada perlembagaan, mengamalkan Raja Berperlembagaan."
F5 Chp 3,radio,Mrsm_Q25,A,B,C,D,A,../MRSM/Picture25.png,"中文：A：课本在国家元首立法权限下列出宣布紧急状态，允许按宪法处理严重危机。
Bahasa Melayu: A: Buku teks meletakkan kuasa mengisytiharkan darurat dalam bidang perundangan Yang di-Pertuan Agong untuk menangani keadaan serius mengikut perlembagaan."
F5 Chp 3,radio,N_Q25,A,B,C,D,D,../N9/Picture25.png,"中文：课本列出统治者会议在特定案件充当赦免委员会，并同意特定宪法修改，故III、IV正确。
Bahasa Melayu: Buku teks menyenaraikan Majlis Raja-Raja sebagai Lembaga Pengampunan bagi kes tertentu dan memperkenankan pindaan tertentu; III dan IV betul."
F5 Chp 3,radio,Pahang_Q25,A,B,C,D,D,../Pahang/Picture25.png,"中文：国家元首在安全、经济等受威胁时宣布紧急状态，课本把它列在立法权。
Bahasa Melayu: YDPA mengisytiharkan darurat apabila keselamatan atau ekonomi terancam, dikategorikan buku teks sebagai kuasa perundangan."
F5 Chp 3,radio,Penang_Q25,A,B,C,D,B,../Penang/Picture25.png,"中文：统治者会议就特定重要职位的任命提供意见，发挥宪法保障作用。
Bahasa Melayu: Majlis Raja-Raja memberikan nasihat tentang pelantikan jawatan tertentu untuk melaksanakan fungsi perlembagaan."
F5 Chp 3,radio,Perak_Q25,A,B,C,D,A,../Perak/Picture25.png,"中文：国家元首通常依首相建议行事，在宪法规定事项可用酌情权，I、II正确。
Bahasa Melayu: YDPA lazimnya bertindak atas nasihat Perdana Menteri dan menggunakan budi bicara bagi perkara tertentu; I dan II betul."
F5 Chp 3,radio,Perlis_Q25,A,B,C,D,B,../Perlis/Picture25.png,"中文：司法机关解释法律并在审理案件中适用法律，故I和IV符合这里的分类；制定及修订法律由立法机关负责。
Bahasa Melayu: Badan kehakiman mentafsir dan melaksanakan undang-undang melalui pengadilan kes, maka I dan IV tepat. Penggubalan serta pindaan ialah tugas perundangan."
F5 Chp 3,radio,PutrajayaSet_Q25,A,B,C,D,A,../Putrajaya set 1/Picture25.png,"中文：国家元首任命武装部队总司令属于行政职权；批准法案及解散国会属于立法相关权限。
Bahasa Melayu: Pelantikan Panglima Angkatan Tentera ialah kuasa eksekutif YDPA, sementara perkenan rang undang-undang dan pembubaran Parlimen berkaitan perundangan."
F5 Chp 3,radio,PutrajayaSet_Q25,A,B,C,D,D,../Putrajaya set 2/Picture25.png,"中文：日军让马来统治者保留伊斯兰教及习俗领域的地位，主要行政与军事由日军掌握。
Bahasa Melayu: Semasa Jepun, raja mengekalkan kedudukan dalam hal Islam dan adat Melayu, sementara pentadbiran serta tentera dikuasai Jepun."
F5 Chp 3,radio,SarawakSerian_Q25,A,B,C,D,D,../Sarawak Serian/Picture25.png,"中文：D：国家元首任命驻外外交官，代表国家进行正式外交关系。
Bahasa Melayu: D: Yang di-Pertuan Agong melantik diplomat ke luar negara untuk mewakili Malaysia dalam hubungan rasmi."
F5 Chp 3,radio,Sbp_Q25,A,B,C,D,C,../SBP/Picture25.png,"中文：日军会议承认马来统治者在伊斯兰教事务的地位，但实际行政及军事仍由日本掌控。
Bahasa Melayu: Persidangan Jepun mengiktiraf raja sebagai pemimpin hal ehwal Islam, sementara pentadbiran dan ketenteraan dikuasai Jepun."
F5 Chp 3,radio,SelangorSet_Q25,A,B,C,D,D,../Selangor set 1/Picture25.png,"中文：D：非联邦马来州仍由统治者及本地大臣进行州行政，因此王权地位较稳固。
Bahasa Melayu: D: Pentadbiran negeri dalam Negeri-negeri Melayu Tidak Bersekutu masih dijalankan oleh raja dan pembesar tempatan, lalu mengukuhkan kedudukan raja."
F5 Chp 3,radio,SelangorSet_Q25,A,B,C,D,A,../Selangor set 2/Picture25.png,"中文：A（I、II）：人民通过选举选择领袖，国王则作为依宪法行事的最高统治者。
Bahasa Melayu: A (I dan II): Rakyat memilih pemimpin melalui pilihan raya, manakala raja menjadi pemerintah tertinggi yang bertindak mengikut perlembagaan."
F5 Chp 3,radio,SelangorSet_Q25,A,B,C,D,A,../Selangor set 3/Picture25.png,"中文：A：保管王室印玺者在官方文件上加盖印玺及签署，确认统治者会议的正式决定。
Bahasa Melayu: A: Penyimpan Mohor Besar memeterai dokumen rasmi dan menandatanganinya untuk mengesahkan keputusan Majlis Raja-Raja."
F5 Chp 3,radio,Smka_Q25,A,B,C,D,C,../SMKA/Picture25.png,"中文：国家元首拥有军事法庭相关赦免权限，依法处理军人刑罚；首相及国防部长不能代替此宪法权力。
Bahasa Melayu: YDPA mempunyai kuasa pengampunan berkaitan mahkamah tentera menurut Perlembagaan, bukan Perdana Menteri atau Menteri Pertahanan."
F5 Chp 3,radio,Terengganu_Q25,A,B,C,D,D,../Terengganu/Picture25.png,"中文：D：统治者会议对重要职位任命提供意见，在国家制度中发挥制衡及保障作用。
Bahasa Melayu: D: Majlis Raja-Raja memberikan nasihat tentang pelantikan jawatan penting sebagai sebahagian fungsi semak dan imbang."
F5 Chp 3,radio,JohorBahru_Q26,A,B,C,D,C,../Johor Bahru/Picture26.png,"中文：现有答案C“缓和政党争议”只是可能效果。制衡机制主要防止权力集中和滥权，选项B更直接符合课本定义，此题答案需要复核。
Bahasa Melayu: Jawapan semasa C ialah kesan yang mungkin berlaku, tetapi tujuan utama semak dan imbang ialah mengelakkan pemusatan serta penyalahgunaan kuasa. Oleh itu, B lebih langsung menepati konsep buku teks dan jawapan perlu disemak."
F5 Chp 3,radio,Kedah_Q26,A,B,C,D,C,../Kedah/Picture26.png,"中文：C（II、III）：任命首相及担任军队最高统帅属于国家元首行政权限。
Bahasa Melayu: C (II dan III): Pelantikan Perdana Menteri dan kedudukan sebagai pemerintah tertinggi angkatan tentera ialah bidang kuasa eksekutif Yang di-Pertuan Agong."
F5 Chp 3,radio,Kelantan_Q26,A,B,C,D,D,../Kelantan/Picture26.png,"中文：D：制衡避免权力滥用，让机构互相监督，帮助建立公平及关心人民的政府。
Bahasa Melayu: D: Semak dan imbang mengelakkan penyalahgunaan kuasa dan membolehkan pengawasan antara institusi untuk mewujudkan kerajaan adil serta prihatin."
F5 Chp 3,radio,KlSentul_Q26,A,B,C,D,A,../KL Sentul/Picture26.png,"中文：立法机关负责制定法律，行政机关执行政策，司法机关解释法律及裁决争议。因此只有A把机关与职责正确配对。
Bahasa Melayu: Badan legislatif menggubal undang-undang, eksekutif melaksanakan dasar dan judisiari mentafsir undang-undang. Oleh itu, pasangan yang betul ialah A."
F5 Chp 3,radio,Melaka_Q26,A,B,C,D,A,../Melaka/Picture26.png,"中文：国家元首是军队最高统帅并任命驻外外交人员；不是所有州的伊斯兰领袖，也不亲自判案。
Bahasa Melayu: YDPA pemerintah tertinggi tentera dan melantik diplomat; baginda bukan ketua Islam semua negeri atau hakim yang menjatuhkan hukuman."
F5 Chp 3,radio,Mrsm_Q26,A,B,C,D,D,../MRSM/Picture26.png,"中文：D：国会通过辩论及监督审查政府政策，行政由政府执行，法律解释主要由法院处理。
Bahasa Melayu: D: Parlimen menyemak dasar kerajaan melalui perbahasan dan pengawasan, manakala pentadbiran dilaksanakan kerajaan dan tafsiran undang-undang dilakukan mahkamah."
F5 Chp 3,radio,N_Q26,A,B,C,D,C,../N9/Picture26.png,"中文：立法、行政和司法各有职责，图表体现权力分工及制衡。
Bahasa Melayu: Perundangan, eksekutif dan kehakiman mempunyai tugas berasingan, menunjukkan pembahagian kuasa dan semak imbang."
F5 Chp 3,radio,Pahang_Q26,A,B,C,D,B,../Pahang/Picture26.png,"中文：煽动法令限制危害公共秩序及族群和谐的言论，说明自由须在法律范围内行使。
Bahasa Melayu: Akta Hasutan membatasi ucapan yang mengancam ketenteraman dan keharmonian, menunjukkan kebebasan tertakluk pada undang-undang."
F5 Chp 3,radio,Penang_Q26,A,B,C,D,D,../Penang/Picture26.png,"中文：伊斯兰是联邦宗教，同时其他宗教信徒可实践各自宗教，III、IV体现宪法安排。
Bahasa Melayu: Islam agama Persekutuan dan penganut lain boleh mengamalkan agama masing-masing; III dan IV menunjukkan peruntukan agama."
F5 Chp 3,radio,Perak_Q26,A,B,C,D,A,../Perak/Picture26.png,"中文：X为行政机关，负责制定及执行国家政策，而不是解释宪法。
Bahasa Melayu: X ialah badan eksekutif yang menggubal serta melaksanakan dasar negara, bukan mentafsir perlembagaan."
F5 Chp 3,radio,Perlis_Q26,A,B,C,D,C,../Perlis/Picture26.png,"中文：课本明确列出统治者会议在特定案件中担任赦免委员会，因此C正确；不是首相任命者或武装部队领导机关。
Bahasa Melayu: Buku teks menyatakan Majlis Raja-Raja menjadi Lembaga Pengampunan bagi kes tertentu, maka C tepat. Ia bukan pihak yang melantik Perdana Menteri atau mengetuai tentera."
F5 Chp 3,radio,PutrajayaSet_Q26,A,B,C,D,B,../Putrajaya set 1/Picture26.png,"中文：大选让人民选择代表并决定政府领导，是民主的直接实践。
Bahasa Melayu: Pilihan Raya Umum membolehkan rakyat memilih wakil dan menentukan kepimpinan kerajaan sebagai amalan demokrasi."
F5 Chp 3,radio,PutrajayaSet_Q26,A,B,C,D,B,../Putrajaya set 2/Picture26.png,"中文：基本自由依法行使，并受维护公共秩序及他人权益的限制，因此并非绝对。
Bahasa Melayu: Kebebasan asasi tertakluk pada undang-undang demi ketenteraman awam dan hak orang lain, maka tidak bersifat mutlak."
F5 Chp 3,radio,SarawakSerian_Q26,A,B,C,D,C,../Sarawak Serian/Picture26.png,"中文：C：国会是立法机构，负责制定、讨论及通过国家法律。
Bahasa Melayu: C: Parlimen ialah badan perundangan yang membincangkan dan menggubal undang-undang negara."
F5 Chp 3,radio,Sbp_Q26,A,B,C,D,C,../SBP/Picture26.png,"中文：国家元首象征团结及主权，在宪政中维护国家稳定，因此II和III正确；不是亲自制定所有法律。
Bahasa Melayu: Institusi YDPA melambangkan perpaduan dan menjamin kedaulatan dalam sistem Perlembagaan. Maka II dan III tepat."
F5 Chp 3,radio,SelangorSet_Q26,A,B,C,D,D,../Selangor set 1/Picture26.png,"中文：D：联邦宪法规定立法、行政及司法机构的权限，是权力分立的法律来源。
Bahasa Melayu: D: Perlembagaan Persekutuan menetapkan bidang kuasa badan perundangan, eksekutif dan kehakiman sebagai asas pengasingan kuasa."
F5 Chp 3,radio,SelangorSet_Q26,A,B,C,D,B,../Selangor set 2/Picture26.png,"中文：B：君主保持中立，帮助缓和政党争议，为民主政治提供制衡。
Bahasa Melayu: B: Raja bersikap berkecuali dan membantu meredakan pertikaian parti politik sebagai mekanisme semak dan imbang."
F5 Chp 3,radio,SelangorSet_Q26,A,B,C,D,D,../Selangor set 3/Picture26.png,"中文：D（III、IV）：任命内阁及接见外国外交官属于国家元首的行政权限；召集国会则涉及立法权限。
Bahasa Melayu: D (III dan IV): Pelantikan Jemaah Menteri dan menerima menghadap diplomat asing ialah kuasa eksekutif, manakala memanggil Parlimen berkaitan kuasa perundangan."
F5 Chp 3,radio,Smka_Q26,A,B,C,D,D,../SMKA/Picture26.png,"中文：君主保持中立并发挥制衡作用，可缓和政党纷争及维持制度稳定。
Bahasa Melayu: Raja yang berkecuali memainkan kuasa pengimbang untuk meredakan pertikaian parti politik dan menjaga kestabilan."
F5 Chp 3,radio,Terengganu_Q26,A,B,C,D,D,../Terengganu/Picture26.png,"中文：D（III、IV）：权力分立防止权力集中，而政治合作让不同群体通过民主程序共同治理。
Bahasa Melayu: D (III dan IV): Pengasingan kuasa mengelakkan pemusatan kuasa, manakala kerjasama politik membolehkan pelbagai kumpulan menyertai pemerintahan demokratik."
F5 Chp 3,radio,SelangorSet_Q27,A,B,C,D,C,../Selangor set 1/Picture27.png,"中文：C（II、III）：君主保持中立并帮助缓和争议，发挥民主制度中的平衡作用，而非全面掌握行政。
Bahasa Melayu: C (II dan III): Raja bersikap berkecuali dan meredakan konflik untuk mengimbangi amalan demokrasi, bukannya berkuasa penuh dalam pentadbiran."
F5 Chp 4,radio,JohorBahru_Q27,A,B,C,D,D,../Johor Bahru/Picture27.png,"中文：国防和教育属于联邦清单；农业属于州权限，房屋涉及共同清单。因此III和IV正确，选D。
Bahasa Melayu: Pertahanan dan pendidikan berada dalam Senarai Persekutuan. Pertanian berkaitan negeri, manakala perumahan melibatkan Senarai Bersama, maka III dan IV, iaitu D."
F5 Chp 4,radio,Kedah_Q27,A,B,C,D,D,../Kedah/Picture27.png,"中文：D：地方当局负责道路维护、美化环境及当地公共服务，包括房屋相关事务。
Bahasa Melayu: D: Pihak Berkuasa Tempatan menyenggara jalan, mengindahkan kawasan dan menyediakan perkhidmatan awam setempat."
F5 Chp 4,radio,Kelantan_Q27,A,B,C,D,C,../Kelantan/Picture27.png,"中文：C：国家公园与海洋公园保护生态及物种多样性，保存国家的生物多样性遗产。
Bahasa Melayu: C: Taman negara dan taman laut melindungi ekosistem serta kepelbagaian spesies untuk mengekalkan warisan biodiversiti."
F5 Chp 4,radio,KlSentul_Q27,A,B,C,D,C,../KL Sentul/Picture27.png,"中文：公共福利和奖学金属于联邦与州共享的共同清单；公民权与司法行政属于联邦事务。因此II和III正确，选C。
Bahasa Melayu: Kebajikan awam dan biasiswa berada dalam Senarai Bersama. Kewarganegaraan serta pentadbiran keadilan ialah urusan Persekutuan, maka II dan III, iaitu C."
F5 Chp 4,radio,Melaka_Q27,A,B,C,D,D,../Melaka/Picture27.png,"中文：外交、教育及司法行政在联邦清单，需全国统一管理。
Bahasa Melayu: Hal ehwal luar, pelajaran dan pentadbiran keadilan termasuk Senarai Persekutuan untuk pengurusan seluruh negara."
F5 Chp 4,radio,Mrsm_Q27,A,B,C,D,B,../MRSM/Picture27.png,"中文：B：地方当局发出摊贩执照并管理本地商业活动，维护卫生与秩序。
Bahasa Melayu: B: Pihak Berkuasa Tempatan mengeluarkan lesen penjaja dan mengawal kegiatan perniagaan setempat untuk menjaga kebersihan serta ketenteraman."
F5 Chp 4,radio,N_Q27,A,B,C,D,D,../N9/Picture27.png,"中文：联邦与州法律冲突时，联邦法律优先，州法冲突部分失效。
Bahasa Melayu: Apabila undang-undang negeri bercanggah dengan persekutuan, undang-undang Parlimen mengatasi dan bahagian bercanggah tidak berkuat kuasa."
F5 Chp 4,radio,Pahang_Q27,A,B,C,D,A,../Pahang/Picture27.png,"中文：联邦是多个州联合组成的国家，权限按宪法在中央与州之间分配。
Bahasa Melayu: Persekutuan ialah penyatuan beberapa negeri dengan pembahagian kuasa pusat-negeri mengikut perlembagaan."
F5 Chp 4,radio,Penang_Q27,A,B,C,D,A,../Penang/Picture27.png,"中文：这些殖民行政改革便于集中管理、控制资源及维护英国利益。
Bahasa Melayu: Pembaharuan pentadbiran kolonial memudahkan pengurusan, penguasaan sumber dan penjagaan kepentingan British."
F5 Chp 4,radio,Perak_Q27,A,B,C,D,C,../Perak/Picture27.png,"中文：NCER、ECER与SDC属于发展走廊，通过区域合作推动投资及社会经济增长。
Bahasa Melayu: NCER, ECER dan SDC ialah koridor wilayah yang menggalakkan pelaburan serta pembangunan sosioekonomi."
F5 Chp 4,radio,Perlis_Q27,A,B,C,D,A,../Perlis/Picture27.png,"中文：地方政府及房屋部协助提供低成本住房，改善人民居住条件。
Bahasa Melayu: Kementerian Kerajaan Tempatan dan Perumahan menyediakan perumahan kos rendah untuk meningkatkan keadaan tempat tinggal rakyat."
F5 Chp 4,radio,PutrajayaSet_Q27,A,B,C,D,C,../Putrajaya set 1/Picture27.png,"中文：文化体育及公共福利属于共同权限，故II和III正确；伊斯兰法属于州权限，医疗卫生通常列为联邦。
Bahasa Melayu: Kebudayaan dan sukan serta kebajikan awam termasuk Senarai Bersama. Maka II dan III tepat; undang-undang Islam ialah bidang negeri."
F5 Chp 4,radio,PutrajayaSet_Q27,A,B,C,D,A,../Putrajaya set 2/Picture27.png,"中文：1946年英国把马来州、马六甲及槟城纳入马来亚联盟，实行统一中央行政；新加坡另行管理。
Bahasa Melayu: Malayan Union1946 menyatukan negeri Melayu, Melaka dan Pulau Pinang di bawah pentadbiran pusat, sementara Singapura berasingan."
F5 Chp 4,radio,SarawakSerian_Q27,A,B,C,D,A,../Sarawak Serian/Picture27.png,"中文：A：土地属于州清单；教育、健康及国防属于联邦权限。
Bahasa Melayu: A: Tanah ialah perkara dalam Senarai Negeri, manakala pelajaran, kesihatan dan pertahanan ialah urusan Persekutuan."
F5 Chp 4,radio,Sbp_Q27,A,B,C,D,D,../SBP/Picture27.png,"中文：奖学金属于共同权限，D配对正确；土地是州权限，国防及医疗分别归联邦相关领域。
Bahasa Melayu: Biasiswa termasuk Senarai Bersama, maka D tepat. Tanah ialah kuasa negeri, manakala pertahanan dan perubatan berkaitan Persekutuan."
F5 Chp 4,radio,SelangorSet_Q27,A,B,C,D,B,../Selangor set 2/Picture27.png,"中文：B（I、IV）：国防与教育属于联邦清单，是中央政府负责的明确事务。
Bahasa Melayu: B (I dan IV): Pertahanan dan pelajaran ialah perkara yang jelas diperuntukkan dalam Senarai Persekutuan."
F5 Chp 4,radio,SelangorSet_Q27,A,B,C,D,C,../Selangor set 3/Picture27.png,"中文：C：1927年重新调整联邦议会结构，进一步巩固英国在联邦行政中的地位。
Bahasa Melayu: C: Penstrukturan semula Majlis Mesyuarat Persekutuan 1927 mengukuhkan kedudukan British dalam pentadbiran Persekutuan."
F5 Chp 4,radio,Smka_Q27,A,B,C,D,D,../SMKA/Picture27.png,"中文：PERHILITAN负责半岛野生动物及相关国家公园管理；ESSCOM是安全机构，UNESCO不是本地直接管理部门。
Bahasa Melayu: PERHILITAN mengurus perlindungan hidupan liar dan taman negara berkaitan di Semenanjung. ESSCOM ialah agensi keselamatan."
F5 Chp 4,radio,Terengganu_Q27,A,B,C,D,B,../Terengganu/Picture27.png,"中文：B：较强的联邦政府能统一处理国防、外交及全国性事务，确保中央治理能力。
Bahasa Melayu: B: Kuasa Persekutuan yang lebih besar membentuk kerajaan pusat yang kuat untuk mengurus pertahanan, hubungan luar dan kepentingan seluruh negara."
F5 Chp 4,radio,JohorBahru_Q28,A,B,C,D,C,../Johor Bahru/Picture28.png,"中文：国家财政理事会就联邦与州财政提供意见，包括税收分配、拨款及借款安排。现有答案C涉及税收，但理事会并非直接征税机关，选项用语过于简略，需按协调和咨询职能理解。
Bahasa Melayu: Majlis Kewangan Negara menasihati tentang kewangan Persekutuan dan negeri, termasuk pembahagian hasil cukai, pemberian serta pinjaman. C berkaitan cukai, tetapi majlis bukan badan yang terus mengenakan cukai; fungsi utamanya ialah penyelarasan dan nasihat."
F5 Chp 4,radio,Kedah_Q28,A,B,C,D,C,../Kedah/Picture28.png,"中文：C：这些委员会协调联邦与州在财政、土地及水资源方面的工作，强化联邦制度。
Bahasa Melayu: C: Majlis tersebut menyelaraskan urusan kewangan, tanah dan air antara Persekutuan dengan negeri untuk mengukuhkan sistem Persekutuan."
F5 Chp 4,radio,Kelantan_Q28,A,B,C,D,B,../Kelantan/Picture28.png,"中文：题库暂存B。低价房屋能减轻低收入家庭负担，但本章课本强调让人民拥有自己的房屋，因此C更直接符合建屋目的；“消除贫穷”是较广泛目标。
Bahasa Melayu: Kunci semasa ialah B. Rumah kos rendah meringankan beban golongan berpendapatan rendah, tetapi buku teks bab ini menekankan pemilikan rumah rakyat, maka C lebih langsung. Menghapuskan kemiskinan ialah matlamat lebih luas."
F5 Chp 4,radio,KlSentul_Q28,A,B,C,D,A,../KL Sentul/Picture28.png,"中文：沙巴东部发生武装入侵后，联邦与州合作成立ESSCOM及ESSZONE，加强海岸和边境安全。因此选A。
Bahasa Melayu: Pencerobohan pengganas di Sabah mendorong pembentukan ESSCOM dan ESSZONE untuk memperkukuh keselamatan pantai serta sempadan melalui kerjasama Persekutuan dan negeri. Oleh itu, A tepat."
F5 Chp 4,radio,Melaka_Q28,A,B,C,D,C,../Melaka/Picture28.png,"中文：RASCOM协调Rajang地区安全行动，以对抗Sarawak共产党威胁。
Bahasa Melayu: RASCOM menyelaraskan operasi keselamatan kawasan Rajang untuk menangani ancaman komunis Sarawak."
F5 Chp 4,radio,Mrsm_Q28,A,B,C,D,B,../MRSM/Picture28.png,"中文：B（I、IV）：珊瑚恢复及海域监管保护海洋生态，让自然财富传给下一代。
Bahasa Melayu: B (I dan IV): Restorasi karang dan kawal selia kawasan perairan memelihara ekosistem laut untuk generasi akan datang."
F5 Chp 4,radio,N_Q28,A,B,C,D,B,../N9/Picture28.png,"中文：可负担住房计划帮助中等收入群体拥有住宅，减轻购房负担。
Bahasa Melayu: Program rumah mampu milik membantu golongan pertengahan memiliki kediaman dengan mengurangkan beban pembelian."
F5 Chp 4,radio,Pahang_Q28,A,B,C,D,D,../Pahang/Picture28.png,"中文：发展走廊把投资、设施及工作机会带入不同地区，缩小区域社会经济差距。
Bahasa Melayu: Koridor pembangunan membawa pelaburan, kemudahan dan pekerjaan ke wilayah berbeza untuk keseimbangan sosioekonomi."
F5 Chp 4,radio,Penang_Q28,A,B,C,D,A,../Penang/Picture28.png,"中文：In-Situ改善现有村落的道路、供水等物理设施，而非移居民到新安置区。
Bahasa Melayu: In-Situ memperbaik kemudahan fizikal desa sedia ada seperti jalan dan air, bukan memindahkan penduduk ke petempatan baharu."
F5 Chp 4,radio,Perak_Q28,A,B,C,D,C,../Perak/Picture28.png,"中文：联邦法律与州法律冲突时，国会通过的联邦法优先适用。
Bahasa Melayu: Apabila undang-undang negeri bercanggah dengan persekutuan, undang-undang Parlimen diguna pakai."
F5 Chp 4,radio,Perlis_Q28,A,B,C,D,C,../Perlis/Picture28.png,"中文：ESSCOM重点加强沙巴东部安全，协调防卫以应对入侵等威胁。
Bahasa Melayu: ESSCOM menyelaras keselamatan di pantai timur Sabah untuk menghadapi ancaman seperti pencerobohan."
F5 Chp 4,radio,PutrajayaSet_Q28,A,B,C,D,D,../Putrajaya set 1/Picture28.png,"中文：原答案D描述沙巴东部安全地区的范围，符合保护东海岸安全的目的。严格名称上ESSCOM是协调指挥机构，ESSZONE是安全区，C更直接描述ESSCOM的协调职能。
Bahasa Melayu: D menerangkan pengawasan keselamatan pantai timur. Dari segi nama, ESSCOM ialah perintah penyelarasan manakala ESSZONE ialah kawasan; C lebih langsung menerangkan fungsi penyelarasan ESSCOM."
F5 Chp 4,radio,PutrajayaSet_Q28,A,B,C,D,B,../Putrajaya set 2/Picture28.png,"中文：土地及伊斯兰法属于州权限，教育与国防属于联邦权限，故I和IV正确。
Bahasa Melayu: Tanah dan undang-undang Islam ialah kuasa negeri; pelajaran serta pertahanan ialah kuasa Persekutuan. Maka I dan IV tepat."
F5 Chp 4,radio,SarawakSerian_Q28,A,B,C,D,B,../Sarawak Serian/Picture28.png,"中文：B（I、IV）：宪法是联邦权力分配的基础，中央与州的协调确保共同政策顺利落实。
Bahasa Melayu: B (I dan IV): Keluhuran Perlembagaan menjadi asas pembahagian kuasa, manakala penyelarasan Persekutuan dengan negeri mengukuhkan pelaksanaan dasar."
F5 Chp 4,radio,Sbp_Q28,A,B,C,D,D,../SBP/Picture28.png,"中文：发展走廊把投资及基础建设带到不同地区，缩小州际发展差距。
Bahasa Melayu: Koridor wilayah mengagihkan pelaburan dan pembangunan untuk mengurangkan jurang antara negeri."
F5 Chp 4,radio,SelangorSet_Q28,A,B,C,D,A,../Selangor set 1/Picture28.png,"中文：A（I、II）：土地及林业属于州清单；公民身份及外交属于联邦事务。
Bahasa Melayu: A (I dan II): Tanah dan perhutanan ialah perkara dalam Senarai Negeri, manakala kewarganegaraan dan hal ehwal luar ialah urusan Persekutuan."
F5 Chp 4,radio,SelangorSet_Q28,A,B,C,D,D,../Selangor set 2/Picture28.png,"中文：D：ESSCOM加强沙巴东海岸安全合作，防止武装恐怖分子入侵。
Bahasa Melayu: D: ESSCOM menyelaraskan keselamatan pantai timur Sabah untuk menghalang pencerobohan pengganas bersenjata."
F5 Chp 4,radio,SelangorSet_Q28,A,B,C,D,C,../Selangor set 3/Picture28.png,"中文：C：KEDA及KETENGAH负责综合区域发展，涉及土地、设施及经济活动，不只是单一土地开发。
Bahasa Melayu: C: KEDA dan KETENGAH melaksanakan pembangunan wilayah secara menyeluruh yang melibatkan tanah, kemudahan dan kegiatan ekonomi."
F5 Chp 4,radio,Smka_Q28,A,B,C,D,B,../SMKA/Picture28.png,"中文：房屋属于共同权限，中央与州都有角色；国防属联邦，地方政府及伊斯兰法属州。
Bahasa Melayu: Perumahan termasuk Senarai Bersama. Pertahanan ialah kuasa Persekutuan, manakala kerajaan tempatan dan undang-undang Islam ialah kuasa negeri."
F5 Chp 4,radio,Terengganu_Q28,A,B,C,D,D,../Terengganu/Picture28.png,"中文：D：土地是州权限，国防、健康及教育主要属于联邦清单。
Bahasa Melayu: D: Tanah ialah bidang kuasa negeri, manakala pertahanan, kesihatan dan pelajaran ialah urusan Persekutuan."
F5 Chp 4,radio,SelangorSet_Q29,A,B,C,D,D,../Selangor set 1/Picture29.png,"中文：D：独立初期成立地方政府与房屋部，负责协调房屋及相关发展事务。
Bahasa Melayu: D: Kementerian Kerajaan Tempatan dan Perumahan ditubuhkan pada awal kemerdekaan untuk mengurus serta menyelaraskan masalah perumahan."
F5 Chp 5,radio,JohorBahru_Q29,A,B,C,D,C,../Johor Bahru/Picture29.png,"中文：Melayu Raya希望结合马来亚与印尼，但印尼在1945年自行宣布独立，使共同政治构想无法按原计划实现。因此选C。
Bahasa Melayu: Gagasan Melayu Raya mahu menyatukan Tanah Melayu dengan Indonesia. Pengisytiharan kemerdekaan Indonesia secara berasingan pada tahun 1945 menyebabkan gagasan itu tidak terlaksana, maka C tepat."
F5 Chp 5,radio,Kedah_Q29,A,B,C,D,C,../Kedah/Picture29.png,"中文：C：JSKM解释马来西亚构想、收集意见并促进讨论，让人民了解联合计划。
Bahasa Melayu: C: JSKM menyebarkan maklumat tentang rancangan Malaysia, mengumpulkan pandangan dan menyediakan perbincangan untuk mencapai persefahaman."
F5 Chp 5,radio,Kelantan_Q29,A,B,C,D,D,../Kelantan/Picture29.png,"中文：D：让新加坡加入联邦有助协调安全及政治治理，遏制当地共产党影响。
Bahasa Melayu: D: Penyertaan Singapura membolehkan penyelarasan keselamatan dan pentadbiran untuk membendung ancaman komunis."
F5 Chp 5,radio,KlSentul_Q29,A,B,C,D,A,../KL Sentul/Picture29.png,"中文：把新加坡与婆罗洲地区共同纳入联邦，可以遏制共产党威胁并平衡人口族群结构。不是为了加剧族群情绪，所以I和II，即A。
Bahasa Melayu: Pembentukan Malaysia membantu menyekat ancaman komunis dan menyeimbangkan komposisi kaum melalui penyertaan wilayah Borneo. Oleh itu, I dan II tepat, iaitu A."
F5 Chp 5,radio,Melaka_Q29,A,B,C,D,C,../Melaka/Picture29.png,"中文：成立马来西亚让加入的地区摆脱殖民，并共享原料和经济资源，II、III正确。
Bahasa Melayu: Pembentukan Malaysia memberikan kemerdekaan wilayah dan perkongsian bahan mentah serta sumber ekonomi; II dan III betul."
F5 Chp 5,radio,Mrsm_Q29,A,B,C,D,D,../MRSM/Picture29.png,"中文：D：菲律宾提出对沙巴的领土主张，因而反对把沙巴纳入马来西亚。
Bahasa Melayu: D: Filipina menuntut wilayah Sabah dan membantah penyertaannya dalam pembentukan Malaysia."
F5 Chp 5,radio,N_Q29,A,B,C,D,B,../N9/Picture29.png,"中文：英国支持合并以压制共产主义，并让殖民地区更快实现独立，I、IV正确。
Bahasa Melayu: British menyokong Malaysia untuk membendung komunis dan mempercepat kemerdekaan wilayah jajahan; I dan IV betul."
F5 Chp 5,radio,Pahang_Q29,A,B,C,D,C,../Pahang/Picture29.png,"中文：英国早期联合殖民地建议旨在整合行政，使管理与资源协调更方便。
Bahasa Melayu: Idea penyatuan wilayah British menggabungkan pentadbiran supaya pengurusan dan penyelarasan sumber lebih mudah."
F5 Chp 5,radio,Penang_Q29,A,B,C,D,A/B,../Penang/Picture29.png,"中文：原答案接受A或B：去殖民化、区域安全及经济潜力都是英国提出合并的考虑，可对应I、II或I、IV。
Bahasa Melayu: Jawapan asal menerima A atau B: dekolonisasi, keselamatan dan potensi ekonomi ialah pertimbangan British, sepadan I-II atau I-IV."
F5 Chp 5,radio,Perak_Q29,A,B,C,D,B,../Perak/Picture29.png,"中文：邻国质疑成立计划，需等联合国民意调查报告完成，导致成立日期推迟。
Bahasa Melayu: Bantahan negara jiran memerlukan laporan tinjauan PBB disiapkan sebelum pembentukan, menyebabkan tarikh ditunda."
F5 Chp 5,radio,Perlis_Q29,A,B,C,D,D,../Perlis/Picture29.png,"中文：Lord Brassey提出把砂拉越、沙巴、马来州及海峡殖民地联合的早期建议。
Bahasa Melayu: Lord Brassey mengemukakan cadangan awal penggabungan Sarawak, Sabah, negeri Melayu dan Negeri-negeri Selat."
F5 Chp 5,radio,PutrajayaSet_Q29,A,B,C,D,B,../Putrajaya set 1/Picture29.png,"中文：科博尔报告指出约三分之二居民支持马来西亚，包括要求保障后才支持的人。
Bahasa Melayu: Laporan Cobbold menyatakan kira-kira dua pertiga penduduk menyokong Malaysia, termasuk sokongan dengan syarat perlindungan tertentu."
F5 Chp 5,radio,PutrajayaSet_Q29,A,B,C,D,D,../Putrajaya set 2/Picture29.png,"中文：建议纳入沙巴、砂拉越及文莱以平衡人口组成。文莱最后没有加入，解释建议时不能当作实际成员。
Bahasa Melayu: Cadangan menggabungkan Sabah, Sarawak dan Brunei bertujuan mengimbangi komposisi penduduk. Brunei akhirnya tidak menyertai Malaysia."
F5 Chp 5,radio,SarawakSerian_Q29,A,B,C,D,D,../Sarawak Serian/Picture29.png,"中文：D：马来西亚构想把东南亚若干原英国殖民地区联合，包括马来亚、新加坡、沙巴及砂拉越。
Bahasa Melayu: D: Gagasan Malaysia mencadangkan penggabungan beberapa bekas tanah jajahan British di Asia Tenggara dalam sebuah Persekutuan."
F5 Chp 5,radio,Sbp_Q29,A,B,C,D,C,../SBP/Picture29.png,"中文：Melayu Raya主张马来亚与印尼联合以摆脱殖民并取得独立，不是1963年实际成立的马来西亚范围。
Bahasa Melayu: Melayu Raya bertujuan mencapai kemerdekaan melalui gabungan Tanah Melayu dan Indonesia, berbeza daripada Malaysia1963."
F5 Chp 5,radio,SelangorSet_Q29,A,B,C,D,C,../Selangor set 2/Picture29.png,"中文：C：英国担忧新加坡及其他地区的共产党影响，认为联合能加强安全及遏制威胁。
Bahasa Melayu: C: British menyokong pembentukan Malaysia untuk membendung pengaruh dan ancaman komunis melalui penyelarasan keselamatan."
F5 Chp 5,radio,SelangorSet_Q29,A,B,C,D,C,../Selangor set 3/Picture29.png,"中文：C：Geofroy Tory认为马来亚与新加坡经济联系紧密，联合可形成更强的经济合作。
Bahasa Melayu: C: Geofroy Tory mencadangkan penyatuan untuk membentuk kerjasama ekonomi antara Tanah Melayu dengan Singapura."
F5 Chp 5,radio,Smka_Q29,A,B,C,D,B,../SMKA/Picture29.png,"中文：报告指出约三分之二居民支持马来西亚，并建议宪法基础与地方保障，故X为支持比例。
Bahasa Melayu: Laporan Cobbold menyatakan kira-kira dua pertiga penduduk menyokong Malaysia serta mencadangkan asas Perlembagaan dan perlindungan negeri."
F5 Chp 5,radio,Terengganu_Q29,A,B,C,D,A,../Terengganu/Picture29.png,"中文：A：马来西亚构想把安全治理联合起来，使联邦更有效遏制新加坡及砂拉越共产党威胁。
Bahasa Melayu: A: Gagasan Malaysia membolehkan penyelarasan keselamatan untuk membendung ancaman komunis di Singapura dan Sarawak."
F5 Chp 5,radio,JohorBahru_Q30,A,B,C,D,B,../Johor Bahru/Picture30.png,"中文：答案B对应成立前所订协议中的州内阁安排及原定8月31日成立日期。必须区分原定日期与实际日期：马来西亚最后于1963年9月16日成立，不能把8月31日当实际成立日。
Bahasa Melayu: B merujuk ketetapan awal tentang kabinet negeri dan tarikh pembentukan yang dirancang pada 31 Ogos. Tarikh itu perlu dibezakan daripada pengisytiharan sebenar Malaysia pada 16 September 1963 selepas penangguhan."
F5 Chp 5,radio,Kedah_Q30,A,B,C,D,B,../Kedah/Picture30.png,"中文：B（I、IV）：协议给予沙巴成立州内阁的权利，并原订1963年8月31日成立马来西亚；实际宣布后来改为9月16日。
Bahasa Melayu: B (I dan IV): Perjanjian memberikan hak kabinet negeri kepada Sabah dan menetapkan tarikh asal 31 Ogos 1963; pengisytiharan sebenar kemudian dibuat pada 16 September."
F5 Chp 5,radio,Kelantan_Q30,A,B,C,D,C,../Kelantan/Picture30.png,"中文：C：1963年7月6日记者会宣布东姑将赴伦敦签署成立马来西亚的协议，协议于7月9日签署。
Bahasa Melayu: C: Sidang akhbar 6 Julai 1963 mengumumkan pemergian Tunku ke London untuk menandatangani Perjanjian Malaysia pada 9 Julai."
F5 Chp 5,radio,KlSentul_Q30,A,B,C,D,B,../KL Sentul/Picture30.png,"中文：马来亚与英国透过协商成立Cobbold委员会调查居民意见，说明共同商议能处理重大问题。因此启示是B。
Bahasa Melayu: Rundingan menghasilkan persetujuan menubuhkan Suruhanjaya Cobbold untuk meninjau pandangan penduduk. Langkah ini menunjukkan kepentingan kesepakatan menyelesaikan masalah, maka B tepat."
F5 Chp 5,radio,Melaka_Q30,A,B,C,D,D,../Melaka/Picture30.png,"中文：印尼在对抗期间派游击队和武装人员入侵马来西亚，企图破坏成立计划。
Bahasa Melayu: Indonesia menghantar gerila dan pihak bersenjata menyerang Malaysia semasa konfrontasi untuk menggagalkan pembentukannya."
F5 Chp 5,radio,Mrsm_Q30,A,B,C,D,D,../MRSM/Picture30.png,"中文：D：Manila外长会谈讨论印尼对抗及成立马来西亚的争议，寻求通过协商缓和冲突。
Bahasa Melayu: D: Mesyuarat Menteri Luar di Manila membincangkan masalah konfrontasi dan pertikaian pembentukan Malaysia untuk mencari penyelesaian melalui rundingan."
F5 Chp 5,radio,N_Q30,A,B,C,D,A,../N9/Picture30.png,"中文：菲律宾提出对Sabah的领土主张，因此反对Sabah加入马来西亚。
Bahasa Melayu: Filipina menuntut wilayah Sabah, lalu menentang penyertaan Sabah dalam Malaysia."
F5 Chp 5,radio,Pahang_Q30,A,B,C,D,A,../Pahang/Picture30.png,"中文：Azahari担心Brunei财富流失及英国借合并延续影响，课本较直接支持I、IV即B。原key A为I、II；另立联合体的目标与II可有关，但题述应注明这项配对差异。
Bahasa Melayu: Azahari bimbang kehilangan kekayaan dan pengaruh British berterusan, lebih langsung menyokong I dan IV, B. Key asal A ialah I dan II; hasrat kesatuan berasingan berkaitan II tetapi perbezaan padanan ini perlu dicatat."
F5 Chp 5,radio,Penang_Q30,A,B,C,D,D,../Penang/Picture30.png,"中文：联合国推动以和平方式解决争议，包括建议调查Sabah和Sarawak人民意愿，为成立方案提供依据，按原答案选D。
Bahasa Melayu: PBB mengusulkan penyelesaian aman termasuk tinjauan kehendak rakyat Sabah dan Sarawak untuk menilai pembentukan, D mengikut key asal."
F5 Chp 5,radio,Perak_Q30,A,B,C,D,A,../Perak/Picture30.png,"中文：1966年正常化协议结束印尼对抗政策，恢复两国和平关系。
Bahasa Melayu: Persetujuan normalisasi 1966 menamatkan konfrontasi Indonesia dan memulihkan hubungan aman kedua-dua negara."
F5 Chp 5,radio,Perlis_Q30,A,B,C,D,D,../Perlis/Picture30.png,"中文：Barisan Sosialis把马来西亚看作新殖民安排，认为会延续外国控制，因此反对成立。
Bahasa Melayu: Barisan Sosialis menganggap Malaysia sebagai penjajahan baharu yang meneruskan pengaruh asing, lalu menentangnya."
F5 Chp 5,radio,PutrajayaSet_Q30,A,B,C,D,D,../Putrajaya set 1/Picture30.png,"中文：印尼领导变化后转向谈判，最终1966年结束对抗政策并恢复与马来西亚关系。
Bahasa Melayu: Perubahan kepimpinan Indonesia membawa rundingan yang akhirnya menamatkan konfrontasi pada 1966 dan memulihkan hubungan."
F5 Chp 5,radio,PutrajayaSet_Q30,A,B,C,D,C,../Putrajaya set 2/Picture30.png,"中文：题目问“例外”。科博尔报告支持地方自治与宪法基础等安排；C把有关宗教保障简化为两州完全豁免联邦宗教条款，不是报告这里的准确表述。
Bahasa Melayu: Soalan meminta kecuali. Laporan Cobbold merangkumi autonomi dan asas Perlembagaan; C menyederhanakan perlindungan agama sebagai pengecualian menyeluruh dan bukan rumusan tepat laporan."
F5 Chp 5,radio,SarawakSerian_Q30,A,B,C,D,C,../Sarawak Serian/Picture30.png,"中文：C（II、III）：联合后能协调安全力量，遏制共产党活动并加强防务。
Bahasa Melayu: C (II dan III): Penyertaan dalam Malaysia membolehkan ancaman komunis dibendung dan benteng pertahanan diperkukuh melalui kerjasama keselamatan."
F5 Chp 5,radio,Sbp_Q30,A,B,C,D,D,../SBP/Picture30.png,"中文：课本记载1963年4月12日印尼军队及准军事人员进入Tebedu，故D符合；Kalabakan的交火是另一事件。
Bahasa Melayu: Buku teks mencatat pendaratan tentera dan separa tentera Indonesia di Tebedu pada 12April1963. Maka D tepat; tembakan di Kalabakan ialah peristiwa berbeza."
F5 Chp 5,radio,SelangorSet_Q30,A,B,C,D,A,../Selangor set 1/Picture30.png,"中文：A：Sarawak Alliance及Sabah Alliance由支持成立马来西亚的政党合作组成。
Bahasa Melayu: A: Sarawak Alliance dan Sabah Alliance ialah gabungan parti yang menyokong pembentukan Malaysia."
F5 Chp 5,radio,SelangorSet_Q30,A,B,C,D,D,../Selangor set 2/Picture30.png,"中文：D：马来西亚把印尼攻击问题带到联合国等国际组织，争取支持并捍卫国家主权。
Bahasa Melayu: D: Malaysia membawa isu serangan Indonesia kepada pertubuhan antarabangsa seperti PBB untuk memperoleh sokongan dan mempertahankan kedaulatan."
F5 Chp 5,radio,SelangorSet_Q30,A,B,C,D,D,../Selangor set 3/Picture30.png,"中文：D：Tun Abdul Razak代表联邦政府在沙巴参加马来西亚成立宣布仪式。
Bahasa Melayu: D: Tun Abdul Razak mewakili Kerajaan Persekutuan semasa pengisytiharan Malaysia di Sabah."
F5 Chp 5,radio,Smka_Q30,A,B,C,D,B,../SMKA/Picture30.png,"中文：马来西亚协议承认成员州在联邦中的地位与权益，并设相关保障；“同等权利”不意味着各州在每项权限上完全一样。
Bahasa Melayu: Perjanjian Malaysia mengiktiraf kedudukan dan hak negeri dalam Persekutuan serta perlindungan tertentu; hak yang sama bukan bermaksud semua bidang kuasa negeri seragam sepenuhnya."
F5 Chp 5,radio,Terengganu_Q30,A,B,C,D,B,../Terengganu/Picture30.png,"中文：B：1962年8月成立Jawatankuasa Antara Kerajaan，研究沙巴及砂拉越的权利与宪法保障。
Bahasa Melayu: B: Jawatankuasa Antara Kerajaan ditubuhkan pada Ogos 1962 untuk memperincikan hak dan jaminan perlembagaan bagi Sabah serta Sarawak."
F5 Chp 6,radio,JohorBahru_Q31,A,B,C,D,C,../Johor Bahru/Picture31.png,"中文：经济多元化和教育发展都是成立后需要处理的国内挑战，因此II和III可对应C。不过基础设施和族群团结也是真实挑战，题目组合不是排他性的。
Bahasa Melayu: Mempelbagaikan ekonomi dan memajukan pendidikan merupakan cabaran dalaman, maka II dan III memberikan C. Namun, pembangunan infrastruktur serta perpaduan juga cabaran sebenar, jadi pilihan tidak bersifat eksklusif."
F5 Chp 6,radio,Kedah_Q31,A,B,C,D,C,../Kedah/Picture31.png,"中文：C（II、III）：平等权利的政治争议及共同市场的经济分歧加剧中央与新加坡之间的矛盾。
Bahasa Melayu: C (II dan III): Pertentangan tentang hak sama rata dan pembukaan pasaran bersama meningkatkan konflik politik serta ekonomi dengan Singapura."
F5 Chp 6,radio,Kelantan_Q31,A,B,C,D,C,../Kelantan/Picture31.png,"中文：C：迁居计划结合基本设施及生活改善，可取得居民支持；同时严格管制物资，切断共产党补给。
Bahasa Melayu: C: Penempatan semula dengan kemudahan dan pembaikan kehidupan membantu memenangi hati rakyat, di samping kawalan bekalan yang memutuskan bantuan kepada komunis."
F5 Chp 6,radio,KlSentul_Q31,A,B,C,D,B,../KL Sentul/Picture31.png,"中文：持续的政治与族群紧张威胁社会稳定，东姑接受分离以避免冲突扩大、保障公共安宁。因此选B。
Bahasa Melayu: Ketegangan politik dan perkauman mengancam kestabilan Malaysia. Pemisahan dipilih untuk mengelakkan konflik berterusan dan menjamin ketenteraman awam, maka B tepat."
F5 Chp 6,radio,Melaka_Q31,A,B,C,D,A,../Melaka/Picture31.png,"中文：族群骚乱及持续政治紧张危害联邦稳定，促使新加坡在1965年分离。
Bahasa Melayu: Rusuhan kaum dan ketegangan politik mengancam kestabilan persekutuan sehingga menyumbang pemisahan Singapura pada 1965."
F5 Chp 6,radio,Mrsm_Q31,A,B,C,D,A,../MRSM/Picture31.png,"中文：A：宣布白区及赦免措施旨在争取民心、减少共产党支持，属于心理战。
Bahasa Melayu: A: Pengisytiharan kawasan putih dan tawaran pengampunan ialah Perang Saraf untuk memperoleh sokongan rakyat serta melemahkan komunis."
F5 Chp 6,radio,N_Q31,A,B,C,D,B,../N9/Picture31.png,"中文：PAP平等权利诉求及相关族群政治宣传增加紧张，促成1964年骚乱。
Bahasa Melayu: Tuntutan persamaan hak oleh PAP dan propaganda kaum meningkatkan ketegangan sehingga menyumbang rusuhan 1964."
F5 Chp 6,radio,Pahang_Q31,A,B,C,D,D,../Pahang/Picture31.png,"中文：政府为橡胶和锡寻找新市场，减少旧市场依赖、稳定出口收入，是发展经济的措施。
Bahasa Melayu: Kerajaan mencari pasaran baharu getah dan bijih timah untuk mengurangkan pergantungan pasaran serta menstabilkan pendapatan eksport."
F5 Chp 6,radio,Penang_Q31,A,B,C,D,A,../Penang/Picture31.png,"中文：联邦宣布紧急状态，以特别权力处理Sarawak政治与宪法危机、恢复稳定。
Bahasa Melayu: Kerajaan mengisytiharkan darurat untuk menangani krisis politik serta perlembagaan Sarawak dan memulihkan kestabilan."
F5 Chp 6,radio,Perak_Q31,A,B,C,D,B,../Perak/Picture31.png,"中文：这些军事行动、安全机构和赦免措施针对Sarawak共产党，逐步削弱其威胁。
Bahasa Melayu: Operasi keselamatan, RASCOM dan langkah pengampunan menangani serta melemahkan ancaman komunis Sarawak."
F5 Chp 6,radio,Perlis_Q31,A,B,C,D,C,../Perlis/Picture31.png,"中文：政府宣布紧急状态，采取即时安全措施限制混乱及恢复秩序，是应对513事件的直接行动。
Bahasa Melayu: Pengisytiharan darurat membolehkan langkah keselamatan segera untuk menghentikan kekacauan dan memulihkan ketenteraman selepas 13 Mei."
F5 Chp 6,radio,PutrajayaSet_Q31,A,B,C,D,B,../Putrajaya set 1/Picture31.png,"中文：两州面积广阔，许多聚落相距远，使交通及通讯建设需较多资源和时间。
Bahasa Melayu: Saiz Sabah dan Sarawak yang besar serta petempatan berjauhan menyukarkan pembangunan pengangkutan dan perhubungan."
F5 Chp 6,radio,PutrajayaSet_Q31,A,B,C,D,A,../Putrajaya set 2/Picture31.png,"中文：政府结合军事行动与心理战，通过宣传及争取民心减少共产党支持，所以X为心理战。
Bahasa Melayu: Kerajaan menggabungkan operasi ketenteraan dengan perang saraf untuk mengurangkan sokongan rakyat kepada komunis."
F5 Chp 6,radio,SarawakSerian_Q31,A,B,C,D,A,../Sarawak Serian/Picture31.png,"中文：A：职业及技术训练提升就业技能，让失业者适应工业与经济发展的需求。
Bahasa Melayu: A: Pusat latihan vokasional dan teknikal meningkatkan kemahiran tenaga kerja supaya mereka memenuhi keperluan pekerjaan serta pembangunan ekonomi."
F5 Chp 6,radio,Sbp_Q31,A,B,C,D,B,../SBP/Picture31.png,"中文：宪政争议若不能处理会加剧不稳定并威胁安全；其他选项描述正面结果，与“未能解决”不符。
Bahasa Melayu: Krisis perlembagaan yang gagal ditangani meningkatkan ketidakstabilan dan menggugat keselamatan, bukan menghasilkan kemakmuran."
F5 Chp 6,radio,SelangorSet_Q31,A,B,C,D,B,../Selangor set 1/Picture31.png,"中文：B：1966年砂拉越危机涉及Stephen Kalong Ningkan的首席部长地位、撤职与州议会支持问题。
Bahasa Melayu: B: Krisis Sarawak 1966 melibatkan kepimpinan Stephen Kalong Ningkan sebagai Ketua Menteri, pemecatan dan sokongan Council Negri."
F5 Chp 6,radio,SelangorSet_Q31,A,B,C,D,A,../Selangor set 2/Picture31.png,"中文：A：砂拉越面积大、地区分散，增加道路与交通网络建设难度及成本。
Bahasa Melayu: A: Saiz Sarawak yang besar dan kawasan yang berjauhan menyukarkan pembinaan serta penyelenggaraan sistem perhubungan."
F5 Chp 6,radio,SelangorSet_Q31,A,B,C,D,B,../Selangor set 3/Picture31.png,"中文：B：平等权利主张及相关族群政治争议加剧紧张，成为1964年新加坡骚乱背景。
Bahasa Melayu: B: Tuntutan persamaan hak dan pertentangan politik perkauman meningkatkan ketegangan yang membawa kepada rusuhan Singapura 1964."
F5 Chp 6,radio,Smka_Q31,A,B,C,D,D,../SMKA/Picture31.png,"中文：两州地域广大、道路有限，长期依赖河流运输，使偏远地区联络及交通建设成为挑战。
Bahasa Melayu: Kawasan luas dan jalan yang terhad menyebabkan kebergantungan kepada pengangkutan air, lalu menyukarkan perhubungan di pedalaman."
F5 Chp 6,radio,Terengganu_Q31,A,B,C,D,C,../Terengganu/Picture31.png,"中文：C：新加坡与联邦政策的分歧及不遵从中央政策，加剧政治与族群矛盾，使东姑认为分离难以避免。
Bahasa Melayu: C: Keengganan mematuhi dasar Kerajaan Persekutuan dan pertentangan politik menyebabkan Tunku menganggap pemisahan Singapura tidak dapat dielakkan."
F5 Chp 6,radio,JohorBahru_Q32,A,B,C,D,B,../Johor Bahru/Picture32.png,"中文：MAGERAN要恢复社会稳定，处理族群关系及其背后的经济差距。题目组合I和IV突出这两项相关问题，因此选B。
Bahasa Melayu: MAGERAN memulihkan kestabilan dan menangani masalah perpaduan serta ketidakseimbangan ekonomi antara kaum. Dalam pilihan ini, I dan IV paling berkaitan, iaitu B."
F5 Chp 6,radio,Kedah_Q32,A,B,C,D,D,../Kedah/Picture32.png,"中文：D：COIN结合发展及安全措施争取人民支持，削弱共产党获得援助的基础。
Bahasa Melayu: D: COIN menggabungkan pembangunan dengan keselamatan untuk memenangi hati rakyat dan mengurangkan sokongan kepada komunis."
F5 Chp 6,radio,Kelantan_Q32,A,B,C,D,D,../Kelantan/Picture32.png,"中文：D：执行煽动法限制煽动族群仇恨的言论，帮助防止冲突扩大及恢复秩序。
Bahasa Melayu: D: Penguatkuasaan Akta Hasutan membendung ucapan yang mengapi-apikan perkauman untuk mengelakkan konflik berlanjutan."
F5 Chp 6,radio,KlSentul_Q32,A,B,C,D,D,../KL Sentul/Picture32.png,"中文：1969年族群暴乱导致公共秩序受威胁，MAGERAN采取措施恢复和平，包括控制煽动行为。因此选D。
Bahasa Melayu: Rusuhan kaum pada tahun 1969 menjejaskan ketenteraman negara. MAGERAN mengambil langkah keselamatan serta mengawal hasutan untuk memulihkan keamanan, maka D tepat."
F5 Chp 6,radio,Melaka_Q32,A,B,C,D,D,../Melaka/Picture32.png,"中文：职业培训中心提供工作技能，改善青年就业能力并减少失业。
Bahasa Melayu: Pusat latihan vokasional membekalkan kemahiran pekerjaan untuk meningkatkan kebolehpasaran belia serta mengurangkan pengangguran."
F5 Chp 6,radio,Mrsm_Q32,A,B,C,D,C,../MRSM/Picture32.png,"中文：C：职业训练提升青年技术能力，使他们更符合就业市场要求，缓解失业。
Bahasa Melayu: C: Pusat latihan vokasional meningkatkan kemahiran belia supaya memenuhi keperluan pekerjaan dan mengurangkan pengangguran."
F5 Chp 6,radio,N_Q32,A,B,C,D,D,../N9/Picture32.png,"中文：Hat Yai和平协议结束PKM武装斗争，并解散其武装队伍，课本概括为PKM解散。
Bahasa Melayu: Perjanjian Hat Yai menamatkan perjuangan bersenjata PKM dan membubarkan pasukan bersenjatanya, diringkaskan buku teks sebagai pembubaran PKM."
F5 Chp 6,radio,Pahang_Q32,A,B,C,D,A,../Pahang/Picture32.png,"中文：1969年紧急措施包括暂停宪法及设置避难中心，保护受骚乱影响的人，I、II正确。
Bahasa Melayu: Darurat 1969 merangkumi penggantungan perlembagaan dan pusat perlindungan mangsa rusuhan; I dan II betul."
F5 Chp 6,radio,Penang_Q32,A,B,C,D,C,../Penang/Picture32.png,"中文：MAGERAN在紧急状态期间负责维持国家行政顺畅与公共秩序。
Bahasa Melayu: MAGERAN memastikan pentadbiran negara berjalan licin dan ketenteraman terpelihara semasa darurat."
F5 Chp 6,radio,Perlis_Q32,A,B,C,D,A,../Perlis/Picture32.png,"中文：MAGERAN通过执行煽动法限制挑动族群仇恨的言论，以恢复社会和平。
Bahasa Melayu: MAGERAN menguatkuasakan Akta Hasutan untuk membendung ucapan yang membangkitkan kebencian kaum dan memulihkan ketenteraman."
F5 Chp 6,radio,PutrajayaSet_Q32,A,B,C,D,A,../Putrajaya set 1/Picture32.png,"中文：新加坡与中央的政治领导争议及族群冲突加剧关系紧张，导致分离，故I和II符合。
Bahasa Melayu: Pertikaian kepimpinan politik dan konflik perkauman memburukkan hubungan Singapura dengan kerajaan Pusat sehingga berlaku pemisahan. Maka I dan II tepat."
F5 Chp 6,radio,PutrajayaSet_Q32,A,B,C,D,A,../Putrajaya set 2/Picture32.png,"中文：MAGERAN处理族群经济不平衡及团结问题，以恢复社会稳定，故X是团结。
Bahasa Melayu: MAGERAN memberi perhatian kepada ketidakseimbangan ekonomi dan perpaduan untuk memulihkan kestabilan masyarakat."
F5 Chp 6,radio,SarawakSerian_Q32,A,B,C,D,A,../Sarawak Serian/Picture32.png,"中文：A（I、II）：1969年事件后，MAGERAN须恢复族群关系及处理经济失衡，以恢复稳定。
Bahasa Melayu: A (I dan II): Selepas peristiwa 1969, MAGERAN perlu memberi perhatian kepada perpaduan kaum dan ketidakseimbangan ekonomi untuk memulihkan kestabilan."
F5 Chp 6,radio,Sbp_Q32,A,B,C,D,C,../SBP/Picture32.png,"中文：第一大马计划改善低生活水平及健康问题，故II和III正确；失业下降本身不是要解决的负面问题。
Bahasa Melayu: RMK Pertama menangani taraf hidup rendah dan masalah kesihatan. Maka II dan III tepat; pengangguran menurun bukan masalah negatif."
F5 Chp 6,radio,SelangorSet_Q32,A,B,C,D,C,../Selangor set 1/Picture32.png,"中文：C：COIN结合安全行动与发展计划，争取人民支持并遏制共产党叛乱。
Bahasa Melayu: C: Strategi COIN menggabungkan tindakan keselamatan dengan pembangunan untuk memperoleh sokongan rakyat dan mengatasi ancaman komunis."
F5 Chp 6,radio,SelangorSet_Q32,A,B,C,D,D,../Selangor set 2/Picture32.png,"中文：D：加强情报服务可及早侦测共产党活动，阻止类似爆炸破坏事件。
Bahasa Melayu: D: Perkhidmatan risikan diperkukuh untuk mengesan kegiatan komunis lebih awal dan mencegah serangan sabotaj."
F5 Chp 6,radio,SelangorSet_Q32,A,B,C,D,D,../Selangor set 3/Picture32.png,"中文：D：发展更多商品种类减少经济对胶与锡出口的依赖，也降低单一产品价格变化的风险。
Bahasa Melayu: D: Mempelbagaikan keluaran komoditi mengurangkan pergantungan pada getah serta bijih timah dan mengurangkan risiko perubahan harga."
F5 Chp 6,radio,Smka_Q32,A,B,C,D,B,../SMKA/Picture32.png,"中文：税收增加与新加坡要求尽快落实共同市场引发经济分歧，故I和IV正确；不是共同市场已经顺利解决的意思。
Bahasa Melayu: Penambahan cukai dan tuntutan Singapura mempercepat pasaran bersama menimbulkan pertikaian ekonomi. Maka I dan IV tepat."
F5 Chp 6,radio,Terengganu_Q32,A,B,C,D,C,../Terengganu/Picture32.png,"中文：C（II、III）：Hat Yai协议要求马共解散武装单位并销毁陷阱及武器，以终止武装斗争。
Bahasa Melayu: C (II dan III): Perjanjian Hat Yai menghendaki PKM membubarkan unit bersenjata dan memusnahkan jerangkap samar untuk menamatkan perjuangan bersenjata."
F5 Chp 6,radio,Sbp_Q37,A,B,C,D,C,../SBP/Picture37.png,"中文：马来西亚与伊斯兰国家的宗教历史联系影响外交合作，故宗教联系符合这里的历史因素；其他历史联系也存在。
Bahasa Melayu: Ikatan sejarah keagamaan dengan negara Islam mempengaruhi dasar luar Malaysia. Ini salah satu ikatan sejarah, bukan satu-satunya."
F5 Chp 7,radio,Perak_Q32,A,B,C,D,D,../Perak/Picture32.png,"中文：报告推动FPN及KBSM，即II、III应选C。原key D包括较后实施的KSSR，非报告直接成果，保留原答案并注明疑点。
Bahasa Melayu: Laporan menghasilkan FPN dan KBSM, iaitu II-III, C. Key asal D memasukkan KSSR yang dilaksanakan jauh kemudian, bukan hasil langsung laporan; jawapan dikekalkan dengan perbezaan dicatat."
F5 Chp 7,radio,JohorBahru_Q33,A,B,C,D,A,../Johor Bahru/Picture33.png,"中文：国家教育政策培养有知识、身心平衡及和谐的人民，以满足发展需求并促进社会团结。题目描述教育体系，因此选A。
Bahasa Melayu: Dasar Pendidikan Kebangsaan membentuk rakyat berilmu, seimbang dan harmonis serta memenuhi keperluan pembangunan negara. Oleh itu, A tepat."
F5 Chp 7,radio,Kedah_Q33,A,B,C,D,B,../Kedah/Picture33.png,"中文：B（I、IV）：Sekolah Alam Shah及马来语教学媒介扩大马来语在教育中的使用。
Bahasa Melayu: B (I dan IV): Sekolah Alam Shah dan bahasa Melayu sebagai bahasa pengantar memperkukuh penggunaan bahasa kebangsaan dalam pendidikan."
F5 Chp 7,radio,Kelantan_Q33,A,B,C,D,A,../Kelantan/Picture33.png,"中文：A：Feri Malaysia把半岛与沙巴、砂拉越联系起来，增加人民交流，促进国家整合。
Bahasa Melayu: A: Feri Malaysia menghubungkan Semenanjung dengan Sabah serta Sarawak untuk menggalakkan hubungan dan integrasi penduduk."
F5 Chp 7,radio,KlSentul_Q33,A,B,C,D,B,../KL Sentul/Picture33.png,"中文：Razak及Rahman Talib报告通过共同教学语言、课程及教育制度，促进各族交流与国家认同。其主要焦点是族群团结，选B。
Bahasa Melayu: Laporan Razak dan Rahman Talib membentuk sistem pendidikan bersama melalui bahasa, sukatan dan dasar untuk menyatukan rakyat. Oleh itu, tumpuan utamanya ialah perpaduan kaum, iaitu B."
F5 Chp 7,radio,Melaka_Q33,A,B,C,D,B,../Melaka/Picture33.png,"中文：历史教育和Tatarakyat培养爱国、共同认同及公民责任，所以I、IV正确。
Bahasa Melayu: Sejarah dan Tatarakyat memupuk patriotisme, identiti bersama serta tanggungjawab warganegara; I dan IV betul."
F5 Chp 7,radio,Mrsm_Q33,A,B,C,D,C,../MRSM/Picture33.png,"中文：C（II、III）：UKM通过马来语高等教育巩固国语地位，ATMA研究马来世界、文明及文化。
Bahasa Melayu: C (II dan III): UKM memartabatkan bahasa Melayu dalam pendidikan tinggi, manakala ATMA mengembangkan pengajian alam dan tamadun Melayu."
F5 Chp 7,radio,N_Q33,A,B,C,D,C,../N9/Picture33.png,"中文：DBP出版马来文书籍及举办语言月，扩大国语使用和地位，II、III正确。
Bahasa Melayu: DBP menerbitkan buku dan mengadakan bulan bahasa untuk memperluas penggunaan serta kedudukan bahasa Melayu; II dan III betul."
F5 Chp 7,radio,Pahang_Q33,A,B,C,D,B,../Pahang/Picture33.png,"中文：全国整合把不同州、族群及地区人民联系为共同国家民族，同时保留适当文化差异。
Bahasa Melayu: Integrasi nasional menyatukan rakyat pelbagai negeri, kaum dan wilayah sebagai satu bangsa tanpa menghapuskan semua perbezaan budaya."
F5 Chp 7,radio,Penang_Q33,A,B,C,D,B,../Penang/Picture33.png,"中文：共同课程让不同族群学生获得一致的知识和价值，加强团结。
Bahasa Melayu: Kurikulum sama memberikan pengetahuan dan nilai bersama kepada murid pelbagai kaum untuk perpaduan."
F5 Chp 7,radio,Perak_Q33,A,B,C,D,A,../Perak/Picture33.png,"中文：马来区域原住民文化为核心、适当其他文化及伊斯兰，是国家文化政策三原则。
Bahasa Melayu: Budaya rakyat asal rantau Melayu, unsur lain sesuai dan Islam ialah tiga prinsip Dasar Kebudayaan Kebangsaan."
F5 Chp 7,radio,Perlis_Q33,A,B,C,D,B,../Perlis/Picture33.png,"中文：团结让不同族群在共同国家认同下合作，而不是以狭隘州属意识区分彼此。
Bahasa Melayu: Perpaduan menghubungkan rakyat pelbagai kaum berasaskan identiti kebangsaan bersama, bukan semangat kenegerian yang memisahkan mereka."
F5 Chp 7,radio,PutrajayaSet_Q33,A,B,C,D,A,../Putrajaya set 1/Picture33.png,"中文：DBP发展词汇、出版与语言使用，提升国语马来语的地位。
Bahasa Melayu: DBP mengembangkan istilah, penerbitan dan penggunaan bahasa untuk memartabatkan bahasa Melayu."
F5 Chp 7,radio,PutrajayaSet_Q33,A,B,C,D,C,../Putrajaya set 2/Picture33.png,"中文：设立国大并在教育中使用马来语提升国语的学术及社会地位，因此II和III正确。
Bahasa Melayu: Penubuhan UKM dan penggunaan bahasa Melayu dalam pendidikan mengangkat kedudukan bahasa kebangsaan. Maka II dan III tepat."
F5 Chp 7,radio,SarawakSerian_Q33,A,B,C,D,C,../Sarawak Serian/Picture33.png,"中文：C：Feri Malaysia联系半岛与东马，促进人员交流与国家整合。
Bahasa Melayu: C: Feri Malaysia menghubungkan Semenanjung dengan Sabah serta Sarawak untuk menggalakkan perhubungan dan integrasi nasional."
F5 Chp 7,radio,Sbp_Q33,A,B,C,D,D,../SBP/Picture33.png,"中文：UKM以国语发展高等教育，提升马来语学术地位并建立共同国家认同。
Bahasa Melayu: UKM memperkasakan bahasa Melayu dalam pendidikan tinggi dan membina identiti kebangsaan bersama."
F5 Chp 7,radio,SelangorSet_Q33,A,B,C,D,D,../Selangor set 1/Picture33.png,"中文：D：这些教育政策建立共同价值和国家认同，培养有责任感及爱国的人民。
Bahasa Melayu: D: Dasar pendidikan tersebut membina nilai bersama dan identiti kebangsaan untuk melahirkan rakyat yang bertanggungjawab serta patriotik."
F5 Chp 7,radio,SelangorSet_Q33,A,B,C,D,A,../Selangor set 2/Picture33.png,"中文：A：国语法确立马来语在官方事务中的使用，巩固其官方语言地位。
Bahasa Melayu: A: Akta Bahasa Kebangsaan menetapkan penggunaan bahasa Melayu dalam urusan rasmi dan memartabatkan kedudukannya."
F5 Chp 7,radio,SelangorSet_Q33,A,B,C,D,A,../Selangor set 3/Picture33.png,"中文：A：1979年内阁委员会报告推动KBSR及KBSM的课程改革，改善国家教育。
Bahasa Melayu: A: Laporan Jawatankuasa Kabinet 1979 menjadi asas pembaharuan kurikulum KBSR dan KBSM untuk memperbaik pendidikan negara."
F5 Chp 7,radio,Smka_Q33,A,B,C,D,A,../SMKA/Picture33.png,"中文：国家文化政策以本区域原有文化为基础，并把伊斯兰列为重要元素，所以I和II正确；其他文化须按适合与否吸收，非无条件全收。
Bahasa Melayu: Dasar Kebudayaan Kebangsaan berteraskan budaya rakyat asal rantau ini dan Islam sebagai unsur penting. Maka I dan II tepat; unsur lain diterima jika sesuai."
F5 Chp 7,radio,Terengganu_Q33,A,B,C,D,A,../Terengganu/Picture33.png,"中文：A：多科制与技能课程为学生提供不同学习路径，培养适合就业市场的技术人才。
Bahasa Melayu: A: Sistem aneka jurusan dan kursus kemahiran menyediakan pelbagai laluan pendidikan untuk melahirkan tenaga kerja mahir."
F5 Chp 7,radio,JohorBahru_Q34,A,B,C,D,C,../Johor Bahru/Picture34.png,"中文：Citrawarna展示马来西亚多元文化和艺术，吸引游客认识国家特色。因此题目问活动推广目的时，旅游宣传C可成立，同时也有塑造国家文化认同的作用。
Bahasa Melayu: Citrawarna mempamerkan kepelbagaian budaya dan seni Malaysia untuk menarik pelancong. Oleh itu, C sesuai sebagai tujuan promosi, di samping peranannya membina identiti budaya kebangsaan."
F5 Chp 7,radio,Kedah_Q34,A,B,C,D,A,../Kedah/Picture34.png,"中文：A：“Malaysia Boleh”表达对国家运动员的支持和国家自豪感，体现爱国精神。
Bahasa Melayu: A: Laungan Malaysia Boleh menunjukkan sokongan kepada atlet negara dan kebanggaan terhadap Malaysia sebagai nilai patriotisme."
F5 Chp 7,radio,Kelantan_Q34,A,B,C,D,B,../Kelantan/Picture34.png,"中文：B（I、IV）：实践Rukun Negara培养相互尊重和共同价值，有助和谐及人民福祉。
Bahasa Melayu: B (I dan IV): Penghayatan Rukun Negara memupuk nilai bersama dan saling menghormati untuk meningkatkan keharmonian serta kesejahteraan rakyat."
F5 Chp 7,radio,KlSentul_Q34,A,B,C,D,A,../KL Sentul/Picture34.png,"中文：尊重国旗、国歌和国家象征，是表达对君主与国家的忠诚。因此对应Rukun Negara的第二原则，选A。
Bahasa Melayu: Menghormati simbol dan lambang negara menunjukkan kesetiaan kepada institusi raja serta negara. Prinsip tersebut ialah Kesetiaan kepada Raja dan Negara, maka A tepat."
F5 Chp 7,radio,Melaka_Q34,A,B,C,D,A,../Melaka/Picture34.png,"中文：SUKMA促进跨族、跨州交流，让体育成为全国整合的平台。
Bahasa Melayu: SUKMA menggalakkan interaksi antara kaum dan negeri, menjadikan sukan wadah integrasi nasional."
F5 Chp 7,radio,Mrsm_Q34,A,B,C,D,B,../MRSM/Picture34.png,"中文：B：国家文化政策以共同文化基础促进理解，巩固各族及地区的国家整合。
Bahasa Melayu: B: Dasar Kebudayaan Kebangsaan membina asas budaya bersama untuk memperkukuh perpaduan dan integrasi nasional."
F5 Chp 7,radio,N_Q34,A,B,C,D,C,../N9/Picture34.png,"中文：大会强调捍卫联邦宪法并加强国家原则作为民族认同，因此II、III正确。
Bahasa Melayu: Kongres menegaskan pertahanan Perlembagaan Persekutuan serta pengukuhan Rukun Negara sebagai identiti bangsa; II dan III betul."
F5 Chp 7,radio,Pahang_Q34,A,B,C,D,C,../Pahang/Picture34.png,"中文：UKM以马来语开展高等教育和研究，提升国语作为知识语言的地位。
Bahasa Melayu: UKM menggunakan bahasa Melayu dalam pengajian tinggi dan penyelidikan untuk memartabatkannya sebagai bahasa ilmu."
F5 Chp 7,radio,Penang_Q34,A,B,C,D,B,../Penang/Picture34.png,"中文：国家原则在族群冲突后提供共同价值与忠诚基础，巩固人民团结。
Bahasa Melayu: Rukun Negara menyediakan nilai dan kesetiaan bersama selepas konflik kaum untuk mengukuhkan perpaduan rakyat."
F5 Chp 7,radio,Perlis_Q34,A,B,C,D,B,../Perlis/Picture34.png,"中文：国家教育政策培养熟练人力并团结各族人民，故I和IV正确；不是以增加分流为主要目标。
Bahasa Melayu: Dasar Pendidikan Kebangsaan menyediakan tenaga kerja mahir dan menyatukan rakyat pelbagai kaum. Maka I dan IV tepat."
F5 Chp 7,radio,PutrajayaSet_Q34,A,B,C,D,B,../Putrajaya set 1/Picture34.png,"中文：共同运动与支持国家队让不同族群建立团队精神及友谊，而不是鼓励族群对立。
Bahasa Melayu: Sukan membina semangat setiakawan dan kerjasama antara kaum melalui penyertaan serta sokongan bersama."
F5 Chp 7,radio,PutrajayaSet_Q34,A,B,C,D,B,../Putrajaya set 2/Picture34.png,"中文：国家原则是建立共同价值及团结的国家意识形态；国花、国旗与体育场是象征或设施。
Bahasa Melayu: Rukun Negara ialah ideologi kebangsaan untuk membina nilai bersama dan perpaduan, berbeza daripada lambang atau bangunan."
F5 Chp 7,radio,SarawakSerian_Q34,A,B,C,D,B,../Sarawak Serian/Picture34.png,"中文：B：DBP发展语言与出版，UKM以马来语推动高等教育，两者都强化马来语地位。
Bahasa Melayu: B: DBP memajukan bahasa serta penerbitan, manakala UKM menggunakan bahasa Melayu dalam pendidikan tinggi untuk memperkasakan bahasa kebangsaan."
F5 Chp 7,radio,Sbp_Q34,A,B,C,D,D,../SBP/Picture34.png,"中文：信仰上苍引导道德责任与良好品格，因此这一原则有助塑造良好人格。
Bahasa Melayu: Kepercayaan kepada Tuhan membimbing nilai moral dan tanggungjawab untuk membentuk keperibadian baik."
F5 Chp 7,radio,SelangorSet_Q34,A,B,C,D,A,../Selangor set 1/Picture34.png,"中文：A：DBP通过词汇、出版及语言发展工作，提高国语地位及使用范围。
Bahasa Melayu: A: DBP memartabatkan bahasa kebangsaan melalui pengembangan bahasa, istilah dan penerbitan."
F5 Chp 7,radio,SelangorSet_Q34,A,B,C,D,C,../Selangor set 2/Picture34.png,"中文：C：大学体育让不同州及背景的学生交流合作，促进地区整合和团结。
Bahasa Melayu: C: Sukan universiti mempertemukan pelajar pelbagai negeri untuk bekerjasama, lalu menggalakkan integrasi antara negeri."
F5 Chp 7,radio,SelangorSet_Q34,A,B,C,D,C,../Selangor set 3/Picture34.png,"中文：C（II、III）：Rukun Negara涵盖宗教和文化等社会生活价值，指导人民共同生活。
Bahasa Melayu: C (II dan III): Rukun Negara merangkumi norma sosial seperti agama dan budaya untuk membimbing kehidupan bernegara."
F5 Chp 7,radio,Smka_Q34,A,B,C,D,B,../SMKA/Picture34.png,"中文：共同遵守国家原则促进和谐及人民福祉，因此I和IV正确，不是强化分隔性的州属意识。
Bahasa Melayu: Penghayatan Rukun Negara memupuk keharmonian dan kesejahteraan rakyat. Maka I dan IV tepat, bukan semangat kenegerian yang memisahkan."
F5 Chp 7,radio,Terengganu_Q34,A,B,C,D,B,../Terengganu/Picture34.png,"中文：B（I、IV）：进步社会掌握科学与技术，同时保留精神及道德价值，追求现代化而不忽略信仰。
Bahasa Melayu: B (I dan IV): Masyarakat progresif menggunakan kemajuan sains dan teknologi sambil mengamalkan nilai ketuhanan serta kerohanian."
F5 Chp 7,radio,Mrsm_Q35,A,B,C,D,A,../MRSM/Picture35.png,"中文：A：Rukun Negara目标包括团结国家、民主、公平、自由宽容及进步社会，因此X是公平社会。
Bahasa Melayu: A: Matlamat Rukun Negara merangkumi negara bersatu serta masyarakat demokratik, adil, liberal dan progresif; maka X ialah masyarakat adil."
F5 Chp 8,radio,Perak_Q34,A,B,C,D,B,../Perak/Picture34.png,"中文：RISDA协助橡胶小园主重植，提升产量和收入，因此B配对正确。
Bahasa Melayu: RISDA membantu penanaman semula getah pekebun kecil untuk hasil dan pendapatan lebih baik; B betul."
F5 Chp 8,radio,JohorBahru_Q35,A,B,C,D,D,../Johor Bahru/Picture35.png,"中文：DEB通过消除贫困与重组社会，纠正族群及地区之间社会经济失衡，因此选D。题干名称应为Dasar Ekonomi Baru；课本实施期是1971—1990。
Bahasa Melayu: DEB membasmi kemiskinan dan menyusun semula masyarakat untuk memulihkan ketidakseimbangan sosioekonomi, maka D tepat. Nama yang betul ialah Dasar Ekonomi Baru dan tempoh pelaksanaannya dalam buku teks ialah 1971–1990."
F5 Chp 8,radio,Kedah_Q35,A,B,C,D,B,../Kedah/Picture35.png,"中文：B：Buku Hijau增加粮食生产及农业活动，让人民获得更多收入并改善生活；其他选项是相关措施或影响。
Bahasa Melayu: B: Buku Hijau meningkatkan kegiatan serta pengeluaran makanan untuk menambah pendapatan rakyat dan memperbaik kehidupan; pilihan lain berkaitan langkah atau kesannya."
F5 Chp 8,radio,Kelantan_Q35,A,B,C,D,A,../Kelantan/Picture35.png,"中文：A：健康设施提高医疗服务的可达性，改善人民整体生活品质，不限于预防传染病。
Bahasa Melayu: A: Kemudahan kesihatan meningkatkan akses rawatan dan kualiti hidup secara menyeluruh, bukan hanya mencegah penyakit berjangkit."
F5 Chp 8,radio,KlSentul_Q35,A,B,C,D,A,../KL Sentul/Picture35.png,"中文：FELDA开辟新土地，让参与者从种植业获得收入，改善生活并扩大种植园发展。因此I和II正确，选A。
Bahasa Melayu: Pembukaan tanah FELDA menyediakan peluang pendapatan kepada peneroka dan mengembangkan sektor perladangan. Kesannya ialah peningkatan taraf hidup serta perkembangan ladang, maka I dan II, iaitu A."
F5 Chp 8,radio,Melaka_Q35,A,B,C,D,B,../Melaka/Picture35.png,"中文：全国咨询理事会讨论经济与族群问题，推动DEB的形成；题干MAPEM应为MAPEN。
Bahasa Melayu: Majlis Perundingan Negara membincangkan ekonomi serta hubungan kaum dan menyumbang pembentukan DEB; singkatan MAPEM dalam soalan sepatutnya MAPEN."
F5 Chp 8,radio,N_Q35,A,B,C,D,D,../N9/Picture35.png,"中文：DPN鼓励私人部门参与发展，创造工作机会并帮助减少贫困。
Bahasa Melayu: DPN melibatkan sektor swasta dalam pembangunan untuk menyediakan pekerjaan dan membantu membasmi kemiskinan."
F5 Chp 8,radio,Pahang_Q35,A,B,C,D,B,../Pahang/Picture35.png,"中文：绿色书计划鼓励种植短期作物、养殖等，提高本地粮食供应。
Bahasa Melayu: Rancangan Buku Hijau menggalakkan tanaman jangka pendek serta ternakan untuk memastikan bekalan makanan mencukupi."
F5 Chp 8,radio,Penang_Q35,A,B,C,D,D,../Penang/Picture35.png,"中文：平衡州际发展可缩小地区收入和设施差距，让财富更公平分配并促进团结。
Bahasa Melayu: Pembangunan seimbang antara negeri mengurangkan jurang pendapatan serta kemudahan untuk agihan adil dan perpaduan."
F5 Chp 8,radio,Perak_Q35,A,B,C,D,D,../Perak/Picture35.png,"中文：DEB和DPN都通过社会重组减少族群与经济职业的固定关联。
Bahasa Melayu: DEB dan DPN menyusun semula masyarakat untuk menghapuskan pengenalan kaum mengikut fungsi ekonomi."
F5 Chp 8,radio,Perlis_Q35,A,B,C,D,A,../Perlis/Picture35.png,"中文：这一时期对应新经济政策，通过消除贫困及重组社会建立繁荣。标准DEB时期是1971至1990年，题干1970起应注意。
Bahasa Melayu: Tempoh ini merujuk DEB yang membasmi kemiskinan dan menyusun semula masyarakat. Tempoh rasmi ialah 1971–1990 walaupun soalan menyebut 1970."
F5 Chp 8,radio,PutrajayaSet_Q35,A,B,C,D,A,../Putrajaya set 1/Picture35.png,"中文：DEB重组社会，减少族群与经济职业的固定联系，并消除贫困，促进公平与团结。
Bahasa Melayu: DEB menyusun semula masyarakat untuk mengurangkan pengenalan kaum mengikut fungsi ekonomi serta membasmi kemiskinan."
F5 Chp 8,radio,PutrajayaSet_Q35,A,B,C,D,D,../Putrajaya set 2/Picture35.png,"中文：DEB通过消除贫困与重组社会纠正社会经济不平衡，促进公平及团结。
Bahasa Melayu: DEB membasmi kemiskinan dan menyusun semula masyarakat untuk membaiki ketidakseimbangan sosioekonomi."
F5 Chp 8,radio,SarawakSerian_Q35,A,B,C,D,D,../Sarawak Serian/Picture35.png,"中文：D：BERNAS参与稻米供应及价格稳定，区别于渔业、橡胶或合作社机构。
Bahasa Melayu: D: BERNAS mengawal selia beras dan membantu menstabilkan harga padi, bukan mengurus sektor perikanan atau getah."
F5 Chp 8,radio,Sbp_Q35,A,B,C,D,B,../SBP/Picture35.png,"中文：PERNAS提供培训及商业发展支持，培养能参与中小企业的年轻企业家。
Bahasa Melayu: PERNAS membantu latihan dan pembangunan perniagaan untuk melahirkan usahawan muda dalam IKS."
F5 Chp 8,radio,SelangorSet_Q35,A,B,C,D,D,../Selangor set 1/Picture35.png,"中文：D：Buku Hijau鼓励粮食种植与生产，增加本地食品供应。
Bahasa Melayu: D: Rancangan Buku Hijau menggalakkan kegiatan pertanian untuk menambahkan pengeluaran serta bekalan makanan tempatan."
F5 Chp 8,radio,SelangorSet_Q35,A,B,C,D,D,../Selangor set 2/Picture35.png,"中文：D：ILP及GIATMARA提升职业技能，让土著青年有机会进入技术岗位并提高收入。
Bahasa Melayu: D: ILP dan GIATMARA membekalkan kemahiran supaya belia Bumiputera berpeluang memperoleh pekerjaan mahir yang berpendapatan lebih tinggi."
F5 Chp 8,radio,SelangorSet_Q35,A,B,C,D,A,../Selangor set 3/Picture35.png,"中文：A：Lembaga Pertubuhan Peladang组织农民参与合作社及集体经济活动，扩大资源与市场机会。
Bahasa Melayu: A: Lembaga Pertubuhan Peladang menggalakkan petani serta pekebun kecil menyertai kegiatan koperasi dan usaha ekonomi bersama."
F5 Chp 8,radio,Smka_Q35,A,B,C,D,D,../SMKA/Picture35.png,"中文：绿皮书鼓励粮食生产及经济活动，既增加粮食供应也提高人民收入。
Bahasa Melayu: Rancangan Buku Hijau menambah pengeluaran makanan dan pendapatan rakyat melalui kegiatan pengeluaran sendiri."
F5 Chp 8,radio,Terengganu_Q35,A,B,C,D,C,../Terengganu/Picture35.png,"中文：C：Buku Hijau增加本地食物生产，鼓励种植及相关农业活动。
Bahasa Melayu: C: Rancangan Buku Hijau menggalakkan pertanian untuk menambahkan pengeluaran dan bekalan makanan tempatan."
F5 Chp 8,radio,JohorBahru_Q36,A,B,C,D,D,../Johor Bahru/Picture36.png,"中文：培育土著商业阶层，让土著参与贸易、企业管理及工业活动，形成Masyarakat Perdagangan dan Perindustrian Bumiputera。因此选D。
Bahasa Melayu: Pembentukan kelas bumiputera komersial meningkatkan penyertaan dalam perniagaan dan perindustrian. Usaha ini melahirkan Masyarakat Perdagangan dan Perindustrian Bumiputera, maka D tepat."
F5 Chp 8,radio,Kedah_Q36,A,B,C,D,A,../Kedah/Picture36.png,"中文：A：DPN通过更公平分配财富及均衡发展减少经济差距，促进国家团结。
Bahasa Melayu: A: DPN mengagihkan kekayaan dengan lebih seimbang untuk mengurangkan jurang ekonomi dan mengukuhkan perpaduan."
F5 Chp 8,radio,Kelantan_Q36,A,B,C,D,A,../Kelantan/Picture36.png,"中文：题库暂存A，但按题图应为C（II、III）：汽车工业创造就业并增加人民收入。控制通胀并非Proton及Perodua发展的主要目的；PRODUA亦是PERODUA的笔误。
Bahasa Melayu: Kunci semasa ialah A, tetapi gambar menyokong C (II dan III): industri kereta membuka pekerjaan dan meningkatkan pendapatan rakyat. Mengatasi inflasi bukan tujuan utamanya; PRODUA juga kesilapan ejaan PERODUA."
F5 Chp 8,radio,KlSentul_Q36,A,B,C,D,C,../KL Sentul/Picture36.png,"中文：ASN和ASB扩大土著股权参与，减少不同族群之间经济结构差距，属于重组社会的措施。因此选C。
Bahasa Melayu: ASN dan ASB meningkatkan pemilikan saham bumiputera untuk mengurangkan ketidakseimbangan ekonomi antara kaum. Usaha ini menyusun semula masyarakat, maka C tepat."
F5 Chp 8,radio,Melaka_Q36,A,B,C,D,B,../Melaka/Picture36.png,"中文：DARA和KETENGAH开发落后地区、土地及设施，带动区域就业和经济。
Bahasa Melayu: DARA dan KETENGAH membangunkan wilayah, tanah serta kemudahan untuk meningkatkan pekerjaan dan ekonomi kawasan."
F5 Chp 8,radio,Mrsm_Q36,A,B,C,D,C,../MRSM/Picture36.png,"中文：C：Buku Hijau鼓励农作及食物生产，增加本地粮食供应；监督发展项目则是Buku Merah。
Bahasa Melayu: C: Buku Hijau menambahkan pengeluaran makanan melalui kegiatan pertanian, manakala pemantauan projek pembangunan berkaitan Buku Merah."
F5 Chp 8,radio,N_Q36,A,B,C,D,B,../N9/Picture36.png,"中文：经济政策让各族参与城市投资及管理岗位，形成资本家与管理阶层，I、IV正确。
Bahasa Melayu: Dasar ekonomi memperluas penyertaan kaum dalam pelaburan dan pengurusan bandar, melahirkan pemodal serta pengurus; I dan IV betul."
F5 Chp 8,radio,Pahang_Q36,A,B,C,D,A,../Pahang/Picture36.png,"中文：道路和铁路改善货物、人员运输，降低交易成本并带动商业与投资。
Bahasa Melayu: Jalan dan kereta api melancarkan pergerakan barangan serta orang, mengurangkan kos dan merancakkan perdagangan serta pelaburan."
F5 Chp 8,radio,Penang_Q36,A,B,C,D,A,../Penang/Picture36.png,"中文：智能农业运用现代技术、数据及自动化提升农业生产效率和产量。
Bahasa Melayu: Pertanian pintar menggunakan teknologi, data dan automasi untuk meningkatkan kecekapan serta hasil pengeluaran."
F5 Chp 8,radio,Perlis_Q36,A,B,C,D,A,../Perlis/Picture36.png,"中文：自由工业区给予关税或税务优惠，降低投资者成本，吸引企业并带动周围经济。
Bahasa Melayu: Zon Perindustrian Bebas memberikan pelepasan cukai atau tarif untuk menarik pelabur dan merangsang ekonomi kawasan sekitar."
F5 Chp 8,radio,PutrajayaSet_Q36,A,B,C,D,D,../Putrajaya set 1/Picture36.png,"中文：绿皮书鼓励居民种植与生产食物，以提高粮食产量及自给能力。
Bahasa Melayu: Rancangan Buku Hijau menggalakkan pengeluaran makanan untuk menambah bekalan dan keupayaan berdikari."
F5 Chp 8,radio,PutrajayaSet_Q36,A,B,C,D,C,../Putrajaya set 2/Picture36.png,"中文：Amanah Saham Malaysia开放给马来西亚人民，包括非马来人，扩大投资及资产拥有机会。
Bahasa Melayu: Amanah Saham Malaysia terbuka kepada rakyat termasuk bukan Melayu untuk memperluas peluang pelaburan dan pemilikan saham."
F5 Chp 8,radio,SarawakSerian_Q36,A,B,C,D,D,../Sarawak Serian/Picture36.png,"中文：D（III、IV）：ILP及GIATMARA为青年提供实用技能训练，提高就业及自立能力。
Bahasa Melayu: D (III dan IV): ILP dan GIATMARA ialah pusat latihan kemahiran untuk belia bagi meningkatkan kebolehpasaran serta keupayaan berdikari."
F5 Chp 8,radio,Sbp_Q36,A,B,C,D,A,../SBP/Picture36.png,"中文：MARA及PERNAS协助土著企业发展与相关私有化计划，故I和II符合原答案。
Bahasa Melayu: MARA dan PERNAS membantu pembangunan perniagaan bumiputera serta projek penswastaan berkaitan. Maka I dan II tepat."
F5 Chp 8,radio,SelangorSet_Q36,A,B,C,D,B,../Selangor set 1/Picture36.png,"中文：B：智慧农业以研究和技术提高农业产量，改善较落后地区的收入与发展。
Bahasa Melayu: B: Pertanian pintar menggunakan penyelidikan dan teknologi untuk meningkatkan hasil pertanian serta membantu memperbaiki pembangunan wilayah kurang maju."
F5 Chp 8,radio,SelangorSet_Q36,A,B,C,D,B,../Selangor set 2/Picture36.png,"中文：B（I、IV）：把特定工业分散至较落后州，以及应用智慧农业，可提高生产及减少地区发展差距。
Bahasa Melayu: B (I dan IV): Penyebaran industri terpilih dan pertanian pintar meningkatkan pengeluaran serta mengurangkan ketidakseimbangan pembangunan wilayah."
F5 Chp 8,radio,SelangorSet_Q36,A,B,C,D,A,../Selangor set 3/Picture36.png,"中文：A：MPPB通过财产管理及商业伦理训练提升土著经营能力，扩大其在现代经济中的参与。
Bahasa Melayu: A: Latihan pengurusan harta dan etika perniagaan meningkatkan kebolehan Bumiputera dalam MPPB untuk menyertai sektor moden."
F5 Chp 8,radio,Smka_Q36,A,B,C,D,C,../SMKA/Picture36.png,"中文：自由工业区给予优惠吸引企业投资，并带动周围经济，故II和III正确；研发中心对应工业科技园。
Bahasa Melayu: Zon Perindustrian Bebas menarik pelabur dan merangsang ekonomi sekitar. Maka II dan III tepat; pusat penyelidikan berkaitan taman teknologi."
F5 Chp 8,radio,Terengganu_Q36,A,B,C,D,D,../Terengganu/Picture36.png,"中文：D：DPN以均衡发展及缩小经济差距促进团结，最终达到国家整合。
Bahasa Melayu: D: DPN menggalakkan pembangunan seimbang dan pengurangan jurang ekonomi untuk mengukuhkan perpaduan serta mencapai integrasi nasional."
F5 Chp 8,radio,Mrsm_Q37,A,B,C,D,B,../MRSM/Picture37.png,"中文：B：技能培训提高就业能力，让人民进入技术工作并增加收入。
Bahasa Melayu: B: Latihan kemahiran meningkatkan kebolehpasaran tenaga kerja dan peluang pekerjaan mahir, lalu menambah pendapatan rakyat."
F5 Chp 9,radio,Perak_Q36,A,B,C,D,B,../Perak/Picture36.png,"中文：冷战等国际政治冲突使马来西亚不再单纯亲西方，转向中立以保护利益。
Bahasa Melayu: Konflik antarabangsa seperti Perang Dingin mendorong perubahan daripada probarat kepada berkecuali demi kepentingan Malaysia."
F5 Chp 9,radio,JohorBahru_Q37,A,B,C,D,C,../Johor Bahru/Picture37.png,"中文：参与联合国维和及观察任务能协助缓和冲突、保护平民，体现对世界安全的重视。因此答案C可成立；B解决冲突也是相关直接目标。
Bahasa Melayu: Misi pengaman dan pemerhati membantu meredakan konflik serta melindungi penduduk. C menekankan keselamatan masyarakat dunia; B menyelesaikan konflik juga tujuan yang berkaitan."
F5 Chp 9,radio,Kedah_Q37,A,B,C,D,C,../Kedah/Picture37.png,"中文：C：Apartheid剥夺不同种族平等权利，违反人权，所以马来西亚反对。
Bahasa Melayu: C: Apartheid menafikan hak sama rata berdasarkan kaum dan mencabul hak asasi manusia, maka Malaysia menentangnya."
F5 Chp 9,radio,Kelantan_Q37,A,B,C,D,C,../Kelantan/Picture37.png,"中文：C：Colombo计划提供技术、教育及发展合作，协助英联邦成员改善生活与减贫。
Bahasa Melayu: C: Rancangan Colombo menyediakan kerjasama teknikal, pendidikan dan pembangunan untuk menangani kemiskinan negara anggota."
F5 Chp 9,radio,KlSentul_Q37,A,B,C,D,C,../KL Sentul/Picture37.png,"中文：Razali Ismail担任联合国经济与社会理事会职务及联合国秘书长缅甸特使，题目列出的外交履历指向他。因此选C。
Bahasa Melayu: Jawatan dalam ECOSOC dan peranan sebagai wakil khas Setiausaha Agung PBB ke Myanmar merujuk Tan Sri Razali Ismail. Oleh itu, C tepat."
F5 Chp 9,radio,Melaka_Q37,A,B,C,D,B,../Melaka/Picture37.png,"中文：外交政策建立与其他国家的良好关系，以维护国家利益与安全。
Bahasa Melayu: Dasar luar memupuk hubungan baik dengan negara lain untuk melindungi kepentingan serta keselamatan negara."
F5 Chp 9,radio,N_Q37,A,B,C,D,B,../N9/Picture37.png,"中文：外交政策优先保护国家利益，包括主权、安全和经济需求。
Bahasa Melayu: Dasar luar bertujuan melindungi kepentingan nasional seperti kedaulatan, keselamatan dan ekonomi."
F5 Chp 9,radio,Pahang_Q37,A,B,C,D,C,../Pahang/Picture37.png,"中文：维护主权和追求对国家有利的政策属于国家需求，而非外来压力。
Bahasa Melayu: Kedaulatan dan dasar menguntungkan negara mencerminkan keperluan nasional, bukan desakan luar."
F5 Chp 9,radio,Penang_Q37,A,B,C,D,B,../Penang/Picture37.png,"中文：这些古代国家派使节到中国建立外交关系，交换政治与贸易信息。
Bahasa Melayu: Kerajaan tersebut menghantar utusan ke China untuk menjalin hubungan diplomatik serta komunikasi politik dan perdagangan."
F5 Chp 9,radio,Perak_Q37,A,B,C,D,B,../Perak/Picture37.png,"中文：Colombo Plan提供培训和技术援助，提升经济能力、协助减少贫困。
Bahasa Melayu: Rancangan Colombo memberikan latihan dan bantuan teknikal untuk keupayaan ekonomi serta menangani kemiskinan."
F5 Chp 9,radio,Perlis_Q37,A,B,C,D,B,../Perlis/Picture37.png,"中文：原答案B为I和IV，但课本列出的外交因素包括历史联系及区域关系，因此I和II、A更符合。不能把“领袖需要”当作这组课本标准因素。
Bahasa Melayu: Jawapan asal B memilih I dan IV, tetapi faktor dasar luar dalam buku teks merangkumi ikatan sejarah dan hubungan serantau. Oleh itu, I dan II, A, lebih sesuai berbanding keperluan pemimpin."
F5 Chp 9,radio,PutrajayaSet_Q37,A,B,C,D,B,../Putrajaya set 1/Picture37.png,"中文：与英国及其他国家的历史联系影响外交合作选择，是课本列出的外交因素之一，不代表只有历史因素。
Bahasa Melayu: Ikatan sejarah mempengaruhi hubungan dan kerjasama luar sebagai salah satu faktor penggubalan dasar luar, bukan satu-satunya faktor."
F5 Chp 9,radio,PutrajayaSet_Q37,A,B,C,D,D,../Putrajaya set 2/Picture37.png,"中文：紧密国际合作反映国家外交建立互信及实际伙伴关系，是评估外交成果的重要尺度。
Bahasa Melayu: Kerjasama erat antarabangsa menunjukkan kepercayaan dan hubungan berkesan sebagai ukuran kejayaan hubungan luar."
F5 Chp 9,radio,SarawakSerian_Q37,A,B,C,D,B,../Sarawak Serian/Picture37.png,"中文：B（I、IV）：外交政策以维护独立与保护国家利益为目标，确保对外关系服务国家需要。
Bahasa Melayu: B (I dan IV): Dasar luar bertujuan mempertahankan kemerdekaan dan melindungi kepentingan nasional dalam hubungan antarabangsa."
F5 Chp 9,radio,SelangorSet_Q37,A,B,C,D,C,../Selangor set 1/Picture37.png,"中文：C：Apartheid实行种族隔离与歧视，违背人权原则，所以马来西亚反对。
Bahasa Melayu: C: Apartheid mengamalkan pemisahan dan diskriminasi kaum yang mencabul hak asasi manusia, maka Malaysia menentangnya."
F5 Chp 9,radio,SelangorSet_Q37,A,B,C,D,A,../Selangor set 2/Picture37.png,"中文：A：Colombo计划通过技术训练、教育及发展援助改善生活水平，处理贫穷问题。
Bahasa Melayu: A: Rancangan Colombo menyediakan latihan, pendidikan dan bantuan pembangunan untuk meningkatkan taraf hidup serta menangani kemiskinan."
F5 Chp 9,radio,SelangorSet_Q37,A,B,C,D,C,../Selangor set 3/Picture37.png,"中文：C：联合国维和部队监督停火及维持和平，不能自行替换当地政府。
Bahasa Melayu: C: Pasukan pengaman mengawasi gencatan senjata dan menjaga keamanan, bukan menukar kerajaan negara berkenaan."
F5 Chp 9,radio,Smka_Q37,A,B,C,D,A,../SMKA/Picture37.png,"中文：马来西亚支持联合国的和平合作原则，体现国家和平共处立场。
Bahasa Melayu: Kerjasama Malaysia dengan PBB selaras dengan pendirian hidup bersama secara aman dan menghormati keamanan antarabangsa."
F5 Chp 9,radio,Terengganu_Q37,A,B,C,D,B,../Terengganu/Picture37.png,"中文：B：外交政策须维护主权、安全、经济及其他国家利益，而非侵犯他国主权。
Bahasa Melayu: B: Dasar luar melindungi kepentingan nasional seperti kedaulatan, keselamatan dan ekonomi, bukan mencampuri kedaulatan negara lain."
F5 Chp 9,radio,JohorBahru_Q38,A,B,C,D,B,../Johor Bahru/Picture38.png,"中文：不结盟让马来西亚不受某一强权集团约束，能够依国家利益与不同国家建立开放关系。因此选B。
Bahasa Melayu: NAM membolehkan Malaysia menjalinkan hubungan secara terbuka tanpa terikat kepada blok kuasa tertentu. Dasar ini memberi ruang menjaga kepentingan negara, maka B tepat."
F5 Chp 9,radio,Kedah_Q38,A,B,C,D,A,../Kedah/Picture38.png,"中文：A（I、II）：OIC合作促进伊斯兰银行体系及教育发展，为马来西亚带来金融和知识方面利益。
Bahasa Melayu: A (I dan II): Kerjasama OIC membantu perkembangan perbankan Islam dan pendidikan yang memberi manfaat kewangan serta ilmu kepada Malaysia."
F5 Chp 9,radio,Kelantan_Q38,A,B,C,D,B,../Kelantan/Picture38.png,"中文：B：印度支那的战争及共产党扩张影响区域安全，是1976年ASEAN峰会关注的问题。
Bahasa Melayu: B: Pergolakan Indochina dan perluasan komunis mempengaruhi keselamatan serantau serta dibincangkan dalam sidang ASEAN 1976."
F5 Chp 9,radio,KlSentul_Q38,A,B,C,D,A,../KL Sentul/Picture38.png,"中文：Colombo计划通过技术训练、教育及发展援助提升能力，促进经济发展并减轻贫困。因此选A。
Bahasa Melayu: Rancangan Colombo menyediakan latihan teknikal, pendidikan dan bantuan pembangunan untuk meningkatkan keupayaan ekonomi serta mengatasi kemiskinan. Oleh itu, A tepat."
F5 Chp 9,radio,Melaka_Q38,A,B,C,D,A,../Melaka/Picture38.png,"中文：Apartheid以种族歧视剥夺黑人权益，马来西亚反对它以捍卫当地人民及人权。
Bahasa Melayu: Apartheid menafikan hak penduduk kulit hitam melalui diskriminasi kaum; Malaysia menentangnya demi hak penduduk dan kemanusiaan."
F5 Chp 9,radio,Mrsm_Q38,A,B,C,D,A,../MRSM/Picture38.png,"中文：A：1970年代马来西亚转向中立外交，不依附任何阵营，以维护国家利益及扩大合作。
Bahasa Melayu: A: Malaysia mengamalkan dasar berkecuali pada 1970-an untuk melindungi kepentingan negara dan memperluas hubungan tanpa memihak kepada blok tertentu."
F5 Chp 9,radio,N_Q38,A,B,C,D,B,../N9/Picture38.png,"中文：支持联合国宪章及参与维和任务是马来西亚履行成员责任的表现，I、IV正确。
Bahasa Melayu: Mendukung Piagam PBB dan menyumbang misi pengaman menunjukkan komitmen Malaysia sebagai anggota; I dan IV betul."
F5 Chp 9,radio,Pahang_Q38,A,B,C,D,A,../Pahang/Picture38.png,"中文：联合国的核心目标是维护国际和平与安全，透过合作和谈判避免战争。
Bahasa Melayu: Matlamat utama PBB ialah keamanan serta keselamatan dunia melalui kerjasama dan rundingan untuk mengelakkan perang."
F5 Chp 9,radio,Penang_Q38,A,B,C,D,C,../Penang/Picture38.png,"中文：冷战阵营竞争促使马来西亚后来转向不偏袒任何阵营，保护自身利益。
Bahasa Melayu: Persaingan blok Perang Dingin mendorong Malaysia kemudian mengamalkan dasar tidak berpihak demi kepentingannya."
F5 Chp 9,radio,Perak_Q38,A,B,C,D,D,../Perak/Picture38.png,"中文：ZOPFAN宣言表达东南亚和平、自由及中立，是外交政策转变的区域倡议。
Bahasa Melayu: Deklarasi ZOPFAN menyatakan keamanan, kebebasan dan berkecuali Asia Tenggara sebagai perubahan dasar luar serantau."
F5 Chp 9,radio,Perlis_Q38,A,B,C,D,C,../Perlis/Picture38.png,"中文：1971年吉隆坡宣言提出和平、自由与中立区ZOPFAN，希望东南亚免受强权干预。
Bahasa Melayu: Deklarasi Kuala Lumpur 1971 mengisytiharkan ZOPFAN supaya Asia Tenggara aman, bebas dan berkecuali daripada campur tangan kuasa besar."
F5 Chp 9,radio,PutrajayaSet_Q38,A,B,C,D,D,../Putrajaya set 1/Picture38.png,"中文：防务合作让区域伙伴协调安全、分享支援并应对共同威胁，比单方面封关更符合合作原则。
Bahasa Melayu: Kerjasama pertahanan menyelaraskan keselamatan dan bantuan antara negara untuk menangani ancaman serantau bersama."
F5 Chp 9,radio,PutrajayaSet_Q38,A,B,C,D,D,../Putrajaya set 2/Picture38.png,"中文：加入不结盟运动说明马来西亚不依附某个强权阵营，转向中立及自主外交。
Bahasa Melayu: Penyertaan NAM menunjukkan peralihan kepada dasar berkecuali dan tidak terikat pada blok kuasa besar."
F5 Chp 9,radio,SarawakSerian_Q38,A,B,C,D,C,../Sarawak Serian/Picture38.png,"中文：C：五国防务安排提供技术援助、联合训练及防务合作，提升安全能力。
Bahasa Melayu: C: Perjanjian Pertahanan Lima Negara membolehkan bantuan teknikal, latihan bersama dan kerjasama pertahanan untuk meningkatkan keselamatan."
F5 Chp 9,radio,Sbp_Q38,A,B,C,D,A,../SBP/Picture38.png,"中文：东盟贸易合作减少货物关税，降低贸易成本并扩大成员国市场。
Bahasa Melayu: Kerjasama perdagangan ASEAN mengurangkan cukai barangan, menurunkan kos dan memperluas pasaran negara anggota."
F5 Chp 9,radio,SelangorSet_Q38,A,B,C,D,D,../Selangor set 1/Picture38.png,"中文：D：MAPHILINDO提供三国协商平台，处理菲律宾及印尼对成立马来西亚的疑虑与争议。
Bahasa Melayu: D: MAPHILINDO menyediakan rundingan antara tiga negara untuk menyelesaikan pertikaian berkaitan pembentukan Malaysia."
F5 Chp 9,radio,SelangorSet_Q38,A,B,C,D,C,../Selangor set 2/Picture38.png,"中文：C：印度支那局势变化及共产党扩张造成逃亡潮，难民与外国人涌入马来西亚。
Bahasa Melayu: C: Perluasan komunis dan ketidakstabilan Indochina mendorong pelarian serta pendatang asing masuk ke Malaysia."
F5 Chp 9,radio,SelangorSet_Q38,A,B,C,D,D,../Selangor set 3/Picture38.png,"中文：D：Lusaka宣言推动裁军与和平，包括要求禁止核武器。
Bahasa Melayu: D: Perisytiharan Lusaka menekankan keamanan dan pelucutan senjata, termasuk desakan pengharaman senjata nuklear."
F5 Chp 9,radio,Smka_Q38,A,B,C,D,D,../SMKA/Picture38.png,"中文：OIC维护全球穆斯林社会利益并促进成员合作。题干1971年提出成立的时间不符课本：组织于1969年成立，东姑1970年起任首任秘书长。
Bahasa Melayu: OIC menjaga kepentingan masyarakat Islam. Tahun 1971 dalam soalan tidak tepat: OIC ditubuhkan pada 1969 dan Tunku menjadi Setiausaha Agung pertama mulai 1970."
F5 Chp 9,radio,Terengganu_Q38,A,B,C,D,A,../Terengganu/Picture38.png,"中文：A（I、II）：课本把Congo及Lubnan列为马来西亚派遣维和部队的地点；须区分维和部队任务与军事观察员任务。
Bahasa Melayu: A (I dan II): Buku teks menyenaraikan Congo dan Lubnan sebagai tempat misi pasukan pengaman Malaysia. Misi pasukan pengaman perlu dibezakan daripada tugas pemerhati tentera."
F5 Chp 9,radio,Pahang_Q39,A,B,C,D,C,../Pahang/Picture39.png,"中文：Indochina共产扩张及相关战争使区域政治与安全不稳定，影响邻国。
Bahasa Melayu: Peluasan komunis dan peperangan di Indochina menimbulkan ketidakstabilan politik serta keselamatan serantau."
F4 Chp 6,radio,SarawakSerian_Q11,A,B,C,D,B,../Sarawak Serian/Picture11.png,"中文：B：Karl Marx及Friedrich Engels是共产主义思想的重要奠基者，主张消除阶级差别；Das Kapital主要由Marx撰写，Engels整理后期卷。
Bahasa Melayu: B: Karl Marx dan Friedrich Engels menjadi pengasas utama fahaman komunisme yang menentang perbezaan kelas. Das Kapital ditulis terutamanya oleh Marx, dengan jilid kemudian disunting Engels."
