title,type,question,A,B,C,D,answer,image,explanation
F4 Chp 1,radio,JohorPasirGudang_Q01,A,B,C,D,A,Johor Pasir Gudang/Picture1.png,"中文：御色、御乐和御器都是王室标志，象征苏丹的主权。
Bahasa Melayu: Warna diraja, nobat dan regalia melambangkan kedaulatan serta kebesaran sultan.
课本／Buku teks：Tingkatan 4, ms. 7."
F4 Chp 1,radio,JohorTangkak_Q01,A,B,C,D,A,Johor Tangkak/Picture1.png,"中文：苏丹是最高统治者，由大臣协助行政，这描述的是政府。
Bahasa Melayu: Kerajaan terdiri daripada raja sebagai pemerintah tertinggi yang dibantu oleh pembesar.
课本／Buku teks：Tingkatan 4, ms. 6."
F4 Chp 1,radio,Kedah_Q01,A,B,C,D,C,Kedah/Picture1.png,"中文：法律是马来世界国家民族的特征之一。
Bahasa Melayu: Undang-undang ialah ciri negara bangsa Alam Melayu.
课本／Buku teks：Tingkatan 4, ms. 4."
F4 Chp 1,radio,Kelantan_Q01,A,B,C,D,C,Kelantan/Picture1.png,"中文：马六甲实行四级官员制度。
Bahasa Melayu: Melaka mengamalkan Sistem Pembesar Empat Lipatan.
课本／Buku teks：Tingkatan 4, ms. 9."
F4 Chp 1,radio,Kl_Q01,A,B,C,D,A,KL/Picture1.png,"中文：Lingga、Patani及Kedah在马六甲庇护下。
Bahasa Melayu: Lingga, Patani dan Kedah merupakan wilayah naungan Melaka.
课本／Buku teks：Tingkatan 4, ms. 7."
F4 Chp 1,radio,Melaka_Q01,A,B,C,D,A,Melaka/Picture1.png,"中文：人民忠诚决定君主的统治影响范围。
Bahasa Melayu: Kesetiaan rakyat menentukan wilayah pengaruh raja.
课本／Buku teks：Tingkatan 4, ms. 4."
F4 Chp 1,radio,NegeriSembilan_Q01,A,B,C,D,B,Negeri Sembilan/Picture1.png,"中文：财政总管管理国家财务。
Bahasa Melayu: Penghulu Bendahari mengurus kewangan kerajaan.
课本／Buku teks：Tingkatan 4, ms. 9."
F4 Chp 1,radio,Pahang_Q01,A,B,C,D,C,Pahang/Picture1.png,"中文：Majapahit 实行 Kutaramanawa 法律。
Bahasa Melayu: Majapahit mengamalkan undang-undang Kutaramanawa.
课本／Buku teks：Tingkatan 4, ms. 4."
F4 Chp 1,radio,PenangSet1_Q01,A,B,C,D,D,Penang Set 1/Picture1.png,"中文：港务官负责征收港口税。
Bahasa Melayu: Syahbandar mengutip cukai di pelabuhan.
课本／Buku teks：Tingkatan 4, ms. 9."
F4 Chp 1,radio,Perak_Q01,A,B,C,D,D,Perak/Picture1.png,"中文：Bendahara 统领行政，类似首相。
Bahasa Melayu: Bendahara mengetuai pentadbiran seperti Perdana Menteri.
课本／Buku teks：Tingkatan 4, ms. 9."
F4 Chp 1,radio,Perlis_Q01,A,B,C,D,C,Perlis/Picture1.png,"中文：人民忠诚决定君主的影响范围。
Bahasa Melayu: Kesetiaan rakyat menentukan wilayah pengaruh raja.
课本／Buku teks：Tingkatan 4, ms. 4."
F4 Chp 1,radio,SabahSet1_Q01,A,B,C,D,D,Sabah Set 1/Picture1.png,"中文：法律为统治与行政提供指引。
Bahasa Melayu: Undang-undang menjadi panduan pemerintahan.
课本／Buku teks：Tingkatan 4, ms. 4."
F4 Chp 1,radio,SabahSet2_Q01,A,B,C,D,B,Sabah Set 2/Picture1.png,"中文：马六甲继承 Srivijaya 的国家民族特征。
Bahasa Melayu: Melaka mewarisi ciri negara bangsa daripada Srivijaya.
课本／Buku teks：Tingkatan 4, ms. 5."
F4 Chp 1,radio,SarawakSet2_Q01,A,B,C,D,C,Sarawak Set 2/Picture1.png,"中文：尊重国旗、国歌等象征体现忠诚。
Bahasa Melayu: Menghormati simbol kedaulatan menunjukkan kesetiaan rakyat.
课本／Buku teks：Tingkatan 4, ms. 4."
F4 Chp 1,radio,SelangorSet1_Q01,A,B,C,D,D,Selangor Set 1/Picture1.png,"中文：财政总管管理国库。
Bahasa Melayu: Penghulu Bendahari mengurus perbendaharaan kerajaan.
课本／Buku teks：Tingkatan 4, ms. 9."
F4 Chp 1,radio,SelangorSet2_Q01,A,B,C,D,B,Selangor Set 2/Picture1.png,"中文：Temenggung 负责治安与安全。
Bahasa Melayu: Temenggung menjaga keselamatan dan keamanan.
课本／Buku teks：Tingkatan 4, ms. 9."
F4 Chp 1,radio,Terengganu_Q01,A,B,C,D,B,Terengganu/Picture1.png,"中文：把君主与神联系，强化其统治权威。
Bahasa Melayu: Hubungan raja dengan Dewa Siva mengukuhkan kuasa pemerintahan.
课本／Buku teks：Tingkatan 4, ms. 4."
F4 Chp 1,radio,Kedah_Q02,A,B,C,D,C,Kedah/Picture2.png,"中文：《马六甲法典》涵盖刑事罪行及统治者职责。
Bahasa Melayu: Hukum Kanun Melaka meliputi jenayah dan peranan pemerintah.
课本／Buku teks：Tingkatan 4, ms. 10."
F4 Chp 1,radio,Kelantan_Q02,A,B,C,D,C,Kelantan/Picture2.png,"中文：分工明确的官员制度确保统治稳固。
Bahasa Melayu: Pembahagian tugas pembesar menjamin keutuhan pemerintahan.
课本／Buku teks：Tingkatan 4, ms. 8."
F4 Chp 1,radio,Kl_Q02,A,B,C,D,D,KL/Picture2.png,"中文：港务官管理港口贸易及税收。
Bahasa Melayu: Syahbandar mengurus perdagangan dan kutipan cukai pelabuhan.
课本／Buku teks：Tingkatan 4, ms. 9."
F4 Chp 1,radio,Melaka_Q02,A,B,C,D,C,Melaka/Picture2.png,"中文：港务官负责港口税收。
Bahasa Melayu: Syahbandar mengurus kutipan cukai pelabuhan.
课本／Buku teks：Tingkatan 4, ms. 9."
F4 Chp 1,radio,NegeriSembilan_Q02,A,B,C,D,D,Negeri Sembilan/Picture2.png,"中文：人民出席公共仪式并效忠君主。
Bahasa Melayu: Rakyat menghadiri majlis umum dan menunjukkan taat setia.
课本／Buku teks：Tingkatan 4, ms. 13."
F4 Chp 1,radio,Pahang_Q02,A,B,C,D,A,Pahang/Picture2.png,"中文：Bendahara 是行政首长。
Bahasa Melayu: Bendahara mengetuai pentadbiran Melaka.
课本／Buku teks：Tingkatan 4, ms. 9."
F4 Chp 1,radio,PenangSet1_Q02,A,B,C,D,B,Penang Set 1/Picture2.png,"中文：传统观念认为背叛君主会招致 tulah。
Bahasa Melayu: Tulah dikaitkan dengan perbuatan menderhaka kepada raja.
课本／Buku teks：Tingkatan 4, ms. 13."
F4 Chp 1,radio,Perak_Q02,A,B,C,D,B,Perak/Picture2.png,"中文：遵从君主命令避免被视为叛逆。
Bahasa Melayu: Mematuhi pemerintah mengelakkan perbuatan derhaka dan tulah.
课本／Buku teks：Tingkatan 4, ms. 13."
F4 Chp 1,radio,Perlis_Q02,A,B,C,D,A,Perlis/Picture2.png,"中文：Bendahara 领导行政。
Bahasa Melayu: Bendahara mengetuai pentadbiran kerajaan.
课本／Buku teks：Tingkatan 4, ms. 9."
F4 Chp 1,radio,SabahSet1_Q02,A,B,C,D,C,Sabah Set 1/Picture2.png,"中文：君民互惠巩固王权及人民福祉。
Bahasa Melayu: Hubungan timbal balik mengukuhkan kedaulatan raja dan kesejahteraan rakyat.
课本／Buku teks：Tingkatan 4, ms. 13."
F4 Chp 1,radio,SabahSet2_Q02,A,B,C,D,C,Sabah Set 2/Picture2.png,"中文：传统观念把 tulah 与背叛君主相联系。
Bahasa Melayu: Tulah dikaitkan dengan perbuatan menderhaka kepada raja.
课本／Buku teks：Tingkatan 4, ms. 13."
F4 Chp 1,radio,SarawakSet2_Q02,A,B,C,D,A,Sarawak Set 2/Picture2.png,"中文：战略位置与有远见的统治者促成马六甲兴盛。
Bahasa Melayu: Kedudukan strategik dan pemerintah berwawasan menjadikan Melaka unggul.
课本／Buku teks：Tingkatan 4, ms. 8."
F4 Chp 1,radio,SelangorSet1_Q02,A,B,C,D,D,Selangor Set 1/Picture2.png,"中文：航海员疏忽导致撞船，可被判死刑。
Bahasa Melayu: Malim yang lalai sehingga kapal berlanggar boleh dihukum bunuh.
课本／Buku teks：Tingkatan 4, ms. 11."
F4 Chp 1,radio,SelangorSet2_Q02,A,B,C,D,C,Selangor Set 2/Picture2.png,"中文：出席仪式及提供劳力体现效忠。
Bahasa Melayu: Rakyat menghadiri majlis umum dan menyumbang tenaga kerja.
课本／Buku teks：Tingkatan 4, ms. 13."
F4 Chp 1,radio,Terengganu_Q02,A,B,C,D,A,Terengganu/Picture2.png,"中文：王室婚姻及征服扩大影响范围。
Bahasa Melayu: Perkahwinan diraja dan penaklukan meluaskan wilayah pengaruh.
课本／Buku teks：Tingkatan 4, ms. 7."
F4 Chp 10,radio,JohorPasirGudang_Q19,A,B,C,D,A,Johor Pasir Gudang/Picture19.png,"中文：实体筹备包括国歌、国旗和国徽等，让独立国家具有鲜明身份。
Bahasa Melayu: Persediaan fizikal seperti bendera, lagu kebangsaan dan jata menonjolkan identiti negara merdeka.
课本／Buku teks：Tingkatan 4, ms. 236."
F4 Chp 10,radio,JohorTangkak_Q19,A,B,C,D,C,Johor Tangkak/Picture19.png,"中文：独立体育场作为宣布独立的场所，呈现新国家的身份。
Bahasa Melayu: Stadium Merdeka menjadi tempat pemasyhuran kemerdekaan dan menonjolkan identiti negara merdeka.
课本／Buku teks：Tingkatan 4, ms. 236."
F4 Chp 10,radio,Kedah_Q19,A,B,C,D,C,Kedah/Picture19.png,"中文：国歌属于实体准备，装饰和庆祝活动属于庆典委员会，所以选 C。
Bahasa Melayu: Lagu Negaraku termasuk persediaan fizikal, manakala hiasan dan sambutan diuruskan oleh Jawatankuasa Sambutan. Oleh itu, jawapan ialah C.
课本／Buku teks：Tingkatan 4, ms. 236-237."
F4 Chp 10,radio,Kl_Q19,A,B,C,D,B,KL/Picture19.png,"中文：欢呼及礼炮象征独立主权国家诞生。
Bahasa Melayu: Laungan merdeka dan tembakan menandakan pembentukan negara berdaulat.
课本／Buku teks：Tingkatan 4, ms. 240."
F4 Chp 10,radio,NegeriSembilan_Q19,A,B,C,D,C,Negeri Sembilan/Picture19.png,"中文：庆典委员会安排礼仪课程与城市灯饰。
Bahasa Melayu: Jawatankuasa Sambutan mengurus kursus protokol dan lampu hiasan.
课本／Buku teks：Tingkatan 4, ms. 237."
F4 Chp 10,radio,Pahang_Q19,A,B,C,D,B,Pahang/Picture19.png,"中文：庆典准备包括部长在独立仪式穿的特别服装。
Bahasa Melayu: Persediaan sambutan termasuk pakaian khas menteri untuk upacara kemerdekaan.
课本／Buku teks：Tingkatan 4, ms. 236."
F4 Chp 10,radio,PenangSet1_Q19,A,B,C,D,D,Penang Set 1/Picture19.png,"中文：独立指摆脱殖民统治。
Bahasa Melayu: Kemerdekaan bermaksud bebas daripada penjajahan.
课本／Buku teks：Tingkatan 4, ms. 232-234."
F4 Chp 10,radio,Perak_Q19,A,B,C,D,C,Perak/Picture19.png,"中文：统治范围与国家象征体现主权。
Bahasa Melayu: Wilayah pengaruh dan lambang kebangsaan ialah prinsip kedaulatan.
课本／Buku teks：Tingkatan 4, ms. 246-247."
F4 Chp 10,radio,Perlis_Q19,A,B,C,D,C,Perlis/Picture19.png,"中文：人民须提升诚信及民族自我认同。
Bahasa Melayu: Rakyat perlu meningkatkan integriti dan jati diri.
课本／Buku teks：Tingkatan 4, ms. 234."
F4 Chp 10,radio,SelangorSet1_Q19,A,B,C,D,C,Selangor Set 1/Picture19.png,"中文：庆典集中在独立体育场及雪兰莪俱乐部草场。
Bahasa Melayu: Upacara tertumpu di Stadium Merdeka dan Padang Kelab Selangor.
课本／Buku teks：Tingkatan 4, ms. 236."
F4 Chp 10,radio,SelangorSet2_Q19,A,B,C,D,D,Selangor Set 2/Picture19.png,"中文：庆典委员会办礼仪课程及订购庆典用国旗。
Bahasa Melayu: Jawatankuasa Sambutan menganjurkan kursus protokol dan menempah bendera.
课本／Buku teks：Tingkatan 4, ms. 237."
F4 Chp 10,radio,Terengganu_Q19,A,B,C,D,B,Terengganu/Picture19.png,"中文：人民通过选举选政府，属于议会民主。
Bahasa Melayu: Pemilihan kerajaan melalui pilihan raya ialah Demokrasi Berparlimen.
课本／Buku teks：Tingkatan 4, ms. 242."
F4 Chp 10,radio,JohorPasirGudang_Q20,A,B,C,D,B,Johor Pasir Gudang/Picture20.png,"中文：国家标志让人民认同共同身份，培养国家认同感。
Bahasa Melayu: Lambang kebangsaan membentuk jati diri rakyat melalui pengenalan dan kebanggaan terhadap negara.
课本／Buku teks：Tingkatan 4, ms. 247."
F4 Chp 10,radio,JohorTangkak_Q20,A,B,C,D,C,Johor Tangkak/Picture20.png,"中文：没有苏丹的州以州元首为最高州首长。
Bahasa Melayu: Yang di-Pertua Negeri mengetuai negeri yang tidak mempunyai sultan.
课本／Buku teks：Tingkatan 4, ms. 246."
F4 Chp 10,radio,Kedah_Q20,A,B,C,D,D,Kedah/Picture20.png,"中文：明确的统治范围体现国家主权。
Bahasa Melayu: Wilayah pengaruh yang jelas menunjukkan kedaulatan negara.
课本／Buku teks：Tingkatan 4, ms. 246."
F4 Chp 10,radio,Kelantan_Q20,A,B,C,D,D,Kelantan/Picture20.png,"中文：实体准备委员会突出独立国家身份。
Bahasa Melayu: Jawatankuasa Persediaan Fizikal menonjolkan identiti negara merdeka.
课本／Buku teks：Tingkatan 4, ms. 236."
F4 Chp 10,radio,Kl_Q20,A,B,C,D,C,KL/Picture20.png,"中文：法治保障人民福祉及社会安宁。
Bahasa Melayu: Kedaulatan undang-undang menjamin kesejahteraan dan keamanan.
课本／Buku teks：Tingkatan 4, ms. 247."
F4 Chp 10,radio,Melaka_Q20,A,B,C,D,D,Melaka/Picture20.png,"中文：庆典委员会安排城市灯饰及礼仪课程。
Bahasa Melayu: Jawatankuasa Sambutan mengurus lampu hiasan dan kursus protokol.
课本／Buku teks：Tingkatan 4, ms. 237."
F4 Chp 10,radio,NegeriSembilan_Q20,A,B,C,D,B,Negeri Sembilan/Picture20.png,"中文：红皮书计划改善乡村基本设施。
Bahasa Melayu: Rancangan Buku Merah menyediakan kemudahan asas luar bandar.
课本／Buku teks：Tingkatan 4, ms. 244."
F4 Chp 10,radio,Pahang_Q20,A,B,C,D,D,Pahang/Picture20.png,"中文：AMDA 加强马来亚的防务安全。
Bahasa Melayu: AMDA mengukuhkan sistem pertahanan Tanah Melayu.
课本／Buku teks：Tingkatan 4, ms. 243."
F4 Chp 10,radio,PenangSet1_Q20,A,B,C,D,A,Penang Set 1/Picture20.png,"中文：降下英国旗象征英国统治结束。
Bahasa Melayu: Penurunan Union Jack menandakan berakhirnya pentadbiran British.
课本／Buku teks：Tingkatan 4, ms. 238."
F4 Chp 10,radio,Perak_Q20,A,B,C,D,A,Perak/Picture20.png,"中文：独立通过协商取得，未发生独立战争。
Bahasa Melayu: Kemerdekaan dicapai melalui permuafakatan dan rundingan tanpa pertumpahan darah.
课本／Buku teks：Tingkatan 4, ms. 241."
F4 Chp 10,radio,Perlis_Q20,A,B,C,D,A,Perlis/Picture20.png,"中文：独立通过协商达成，没有独立战争流血。
Bahasa Melayu: Kemerdekaan dicapai melalui rundingan tanpa pertumpahan darah.
课本／Buku teks：Tingkatan 4, ms. 241."
F4 Chp 10,radio,SabahSet1_Q20,A,B,C,D,C,Sabah Set 1/Picture20.png,"中文：宪法保障人民表达意见的权利。
Bahasa Melayu: Perlembagaan menjamin kebebasan bersuara rakyat.
课本／Buku teks：Tingkatan 4, ms. 247."
F4 Chp 10,radio,SabahSet2_Q20,A,B,C,D,D,Sabah Set 2/Picture20.png,"中文：独立以协商达成，未发生独立战争。
Bahasa Melayu: Kemerdekaan dicapai melalui rundingan tanpa pertumpahan darah.
课本／Buku teks：Tingkatan 4, ms. 242-245."
F4 Chp 10,radio,SarawakSet2_Q20,A,B,C,D,A,Sarawak Set 2/Picture20.png,"中文：降下英国旗象征殖民统治结束。
Bahasa Melayu: Penurunan Union Jack menandakan penjajahan British berakhir.
课本／Buku teks：Tingkatan 4, ms. 238."
F4 Chp 10,radio,SelangorSet1_Q20,A,B,C,D,D,Selangor Set 1/Picture20.png,"中文：英镑区安排便利贸易及经济发展。
Bahasa Melayu: Blok Sterling membantu perdagangan dan pembangunan ekonomi.
课本／Buku teks：Tingkatan 4, ms. 243."
F4 Chp 10,radio,SelangorSet2_Q20,A,B,C,D,C,Selangor Set 2/Picture20.png,"中文：AMDA 及英联邦合作强化防务。
Bahasa Melayu: AMDA dan kerjasama Komanwel mengukuhkan pertahanan.
课本／Buku teks：Tingkatan 4, ms. 243."
F4 Chp 10,radio,Terengganu_Q20,A,B,C,D,C,Terengganu/Picture20.png,"中文：Tunku 建议创作正式国歌。
Bahasa Melayu: Tunku Abdul Rahman mencadangkan penciptaan lagu kebangsaan.
课本／Buku teks：Tingkatan 4, ms. 236."
F4 Chp 2,radio,JohorPasirGudang_Q02,A,B,C,D,C,Johor Pasir Gudang/Picture2.png,"中文：两位泰王以西式行政改革加强国家，避免沦为西方殖民地。
Bahasa Melayu: Pemodenan birokrasi oleh Raja Mongkut dan Chulalongkorn membantu Thailand mengekalkan kedaulatan daripada penjajahan Barat.
课本／Buku teks：Tingkatan 4, ms. 31."
F4 Chp 2,radio,JohorTangkak_Q02,A,B,C,D,D,Johor Tangkak/Picture2.png,"中文：Kartini的作品揭示土著落后，尤其女性受教育机会不足。
Bahasa Melayu: Karya Kartini mengisahkan kemunduran peribumi, terutama kekurangan peluang pendidikan bagi wanita.
课本／Buku teks：Tingkatan 4, ms. 30."
F4 Chp 2,radio,JohorPasirGudang_Q03,A,B,C,D,A,Johor Pasir Gudang/Picture3.png,"中文：吉打苏丹反抗东印度公司，是要夺回被英国占领的槟岛。
Bahasa Melayu: Sultan Abdullah Mukarram Shah menentang SHTI untuk mendapatkan semula Pulau Pinang.
课本／Buku teks：Tingkatan 4, ms. 32."
F4 Chp 2,radio,JohorTangkak_Q03,A,B,C,D,A,Johor Tangkak/Picture3.png,"中文：课本把这些人物的斗争列为通过社会经济组织推动民族意识。
Bahasa Melayu: Buku teks mengaitkan tokoh tersebut dengan perjuangan melalui pertubuhan sosioekonomi untuk menyedarkan masyarakat.
课本／Buku teks：Tingkatan 4, ms. 33."
F4 Chp 2,radio,Kedah_Q03,A,B,C,D,D,Kedah/Picture3.png,"中文：Kartini 的著作揭示土著的落后处境。
Bahasa Melayu: Karya Kartini mendedahkan kemunduran masyarakat peribumi.
课本／Buku teks：Tingkatan 4, ms. 30."
F4 Chp 2,radio,Kelantan_Q03,A,B,C,D,D,Kelantan/Picture3.png,"中文：青年誓言强调同一祖国、民族及语言，本题D指同一祖国。
Bahasa Melayu: Sumpah Pemuda menegaskan satu tanah air, bangsa dan bahasa. D ialah satu tanah air.
课本／Buku teks：Tingkatan 4, ms. 30."
F4 Chp 2,radio,Kl_Q03,A,B,C,D,B,KL/Picture3.png,"中文：泰国通过友好外交维护主权。
Bahasa Melayu: Hubungan baik dengan Barat mempertahankan kedaulatan Thailand.
课本／Buku teks：Tingkatan 4, ms. 31."
F4 Chp 2,radio,Melaka_Q03,A,B,C,D,A,Melaka/Picture3.png,"中文：法国革命推翻君主制度，建立共和国；题干年份1778有误，课本为1789。
Bahasa Melayu: Revolusi Perancis melahirkan republik. Tahun 1778 dalam soalan ialah kesilapan; buku teks menyatakan 1789.
课本／Buku teks：Tingkatan 4, ms. 25."
F4 Chp 2,radio,NegeriSembilan_Q03,A,B,C,D,B,Negeri Sembilan/Picture3.png,"中文：两场革命都反对君主的专制统治。
Bahasa Melayu: Kedua-dua revolusi menentang pemerintahan beraja mutlak.
课本／Buku teks：Tingkatan 4, ms. 24-25."
F4 Chp 2,radio,Pahang_Q03,A,B,C,D,B,Pahang/Picture3.png,"中文：团结的斗争培养共同归属感。
Bahasa Melayu: Perjuangan bersatu melahirkan perasaan kekitaan.
课本／Buku teks：Tingkatan 4, ms. 23."
F4 Chp 2,radio,PenangSet1_Q03,A,B,C,D,B,Penang Set 1/Picture3.png,"中文：穿鞋进入佛寺侵犯宗教圣洁。
Bahasa Melayu: Pemakaian kasut dalam pagoda mencemarkan kesucian agama.
课本／Buku teks：Tingkatan 4, ms. 29."
F4 Chp 2,radio,Perak_Q03,A,B,C,D,B,Perak/Picture3.png,"中文：光荣革命确立国会主权。
Bahasa Melayu: Revolusi Keagungan menegakkan kedaulatan Parlimen.
课本／Buku teks：Tingkatan 4, ms. 24."
F4 Chp 2,radio,Perlis_Q03,A,B,C,D,B,Perlis/Picture3.png,"中文：教育培养知识分子，传播民族意识。
Bahasa Melayu: Pendidikan melahirkan golongan intelektual yang menyebarkan nasionalisme.
课本／Buku teks：Tingkatan 4, ms. 35."
F4 Chp 2,radio,SabahSet1_Q03,A,B,C,D,B,Sabah Set 1/Picture3.png,"中文：美国革命使民主政体得以建立。
Bahasa Melayu: Revolusi Amerika membawa pelaksanaan sistem demokrasi.
课本／Buku teks：Tingkatan 4, ms. 25."
F4 Chp 2,radio,SabahSet2_Q03,A,B,C,D,D,Sabah Set 2/Picture3.png,"中文：明治维新使日本现代化并获西方尊重；课本年份为1868，题干1789有误。
Bahasa Melayu: Pemulihan Meiji memodenkan Jepun untuk mendapat penghormatan Barat. Tahun yang betul ialah 1868, bukan 1789.
课本／Buku teks：Tingkatan 4, ms. 27."
F4 Chp 2,radio,SarawakSet2_Q03,A,B,C,D,D,Sarawak Set 2/Picture3.png,"中文：光荣革命确立国会主权与人民权利。
Bahasa Melayu: Revolusi Keagungan menegakkan kedaulatan Parlimen dan hak rakyat.
课本／Buku teks：Tingkatan 4, ms. 24."
F4 Chp 2,radio,SelangorSet1_Q03,A,B,C,D,A,Selangor Set 1/Picture3.png,"中文：革命争取人民权利及国会主权。
Bahasa Melayu: Revolusi memperjuangkan hak rakyat dan kedaulatan Parlimen.
课本／Buku teks：Tingkatan 4, ms. 24."
F4 Chp 2,radio,SelangorSet2_Q03,A,B,C,D,B,Selangor Set 2/Picture3.png,"中文：泛伊斯兰主义加强穆斯林兄弟情谊。
Bahasa Melayu: Pan-Islamisme memperkuat persaudaraan umat Islam.
课本／Buku teks：Tingkatan 4, ms. 27."
F4 Chp 2,radio,Terengganu_Q03,A,B,C,D,A,Terengganu/Picture3.png,"中文：宗教被冒犯引发缅甸民族主义。
Bahasa Melayu: Pencemaran kesucian agama membangkitkan nasionalisme Burma.
课本／Buku teks：Tingkatan 4, ms. 29."
F4 Chp 2,radio,JohorPasirGudang_Q04,A,B,C,D,C,Johor Pasir Gudang/Picture4.png,"中文：这些小说通过文学唤醒民族意识，主题是热爱祖国。
Bahasa Melayu: Novel tersebut membangkitkan nasionalisme melalui tema semangat cinta akan negara.
课本／Buku teks：Tingkatan 4, ms. 39."
F4 Chp 2,radio,JohorTangkak_Q04,A,B,C,D,C,Johor Tangkak/Picture4.png,"中文：这些诗作唤醒人民，使读者产生热爱祖国的民族情感。
Bahasa Melayu: Puisi tersebut menyedarkan masyarakat dan meniupkan semangat cinta akan negara.
课本／Buku teks：Tingkatan 4, ms. 39."
F4 Chp 2,radio,Kedah_Q04,A,B,C,D,B,Kedah/Picture4.png,"中文：日本击败俄国，激发亚洲反殖民意识。
Bahasa Melayu: Kemenangan Jepun terhadap Rusia membangkitkan nasionalisme Asia.
课本／Buku teks：Tingkatan 4, ms. 34."
F4 Chp 2,radio,Kelantan_Q04,A,B,C,D,C,Kelantan/Picture4.png,"中文：泰国君主以开放外交及改革避免殖民。
Bahasa Melayu: Raja Thailand melaksanakan dasar terbuka dan pembaharuan untuk mengelakkan penjajahan.
课本／Buku teks：Tingkatan 4, ms. 31."
F4 Chp 2,radio,Kl_Q04,A,B,C,D,A,KL/Picture4.png,"中文：宗教知识分子通过报刊传播改革思想。
Bahasa Melayu: Intelektual agama menyebarkan idea pembaharuan melalui akhbar.
课本／Buku teks：Tingkatan 4, ms. 36."
F4 Chp 2,radio,Melaka_Q04,A,B,C,D,D,Melaka/Picture4.png,"中文：泛伊斯兰主义号召穆斯林团结反抗西方殖民。
Bahasa Melayu: Pan-Islamisme menyeru umat Islam menentang penjajahan Barat.
课本／Buku teks：Tingkatan 4, ms. 27."
F4 Chp 2,radio,NegeriSembilan_Q04,A,B,C,D,C,Negeri Sembilan/Picture4.png,"中文：这些作品唤醒民族意识。
Bahasa Melayu: Karya tersebut memupuk semangat kebangsaan.
课本／Buku teks：Tingkatan 4, ms. 39."
F4 Chp 2,radio,Pahang_Q04,A,B,C,D,D,Pahang/Picture4.png,"中文：Ibu Zain 通过教育提升女性地位。
Bahasa Melayu: Ibu Zain mengangkat martabat wanita melalui pendidikan.
课本／Buku teks：Tingkatan 4, ms. 43."
F4 Chp 2,radio,PenangSet1_Q04,A,B,C,D,B,Penang Set 1/Picture4.png,"中文：Kartini 的作品揭示人民遭受的压迫。
Bahasa Melayu: Karya Kartini menyentuh penindasan terhadap rakyat.
课本／Buku teks：Tingkatan 4, ms. 30."
F4 Chp 2,radio,Perak_Q04,A,B,C,D,A,Perak/Picture4.png,"中文：他们以文学作品唤醒民族意识。
Bahasa Melayu: Mereka menghasilkan karya kreatif untuk membangkitkan nasionalisme.
课本／Buku teks：Tingkatan 4, ms. 33."
F4 Chp 2,radio,Perlis_Q04,A,B,C,D,B,Perlis/Picture4.png,"中文：英国通过监禁压制民族主义领袖。
Bahasa Melayu: British memenjarakan pemimpin untuk melemahkan perjuangan.
课本／Buku teks：Tingkatan 4, ms. 42."
F4 Chp 2,radio,SabahSet1_Q04,A,B,C,D,A,Sabah Set 1/Picture4.png,"中文：满清无法阻止西方侵入，引发反对。
Bahasa Melayu: Dinasti Manchu gagal menghalang kemasukan kuasa Barat.
课本／Buku teks：Tingkatan 4, ms. 26."
F4 Chp 2,radio,SabahSet2_Q04,A,B,C,D,B,Sabah Set 2/Picture4.png,"中文：王室垄断政治职位引发改革诉求。
Bahasa Melayu: Penguasaan politik oleh kerabat diraja menimbulkan tuntutan pembaharuan.
课本／Buku teks：Tingkatan 4, ms. 31."
F4 Chp 2,radio,SarawakSet2_Q04,A,B,C,D,B,Sarawak Set 2/Picture4.png,"中文：Emilio Aguinaldo 与美国合作驱逐西班牙。
Bahasa Melayu: Emilio Aguinaldo bekerjasama dengan Amerika mengusir Sepanyol.
课本／Buku teks：Tingkatan 4, ms. 28."
F4 Chp 2,radio,SelangorSet1_Q04,A,B,C,D,B,Selangor Set 1/Picture4.png,"中文：文学描写被殖民民族的艰苦处境。
Bahasa Melayu: Karya menggambarkan keperitan bangsa yang dijajah.
课本／Buku teks：Tingkatan 4, ms. 34."
F4 Chp 2,radio,SelangorSet2_Q04,A,B,C,D,A,Selangor Set 2/Picture4.png,"中文：诗歌鼓励热爱祖国。
Bahasa Melayu: Puisi tersebut menyeru masyarakat mencintai negara.
课本／Buku teks：Tingkatan 4, ms. 39."
F4 Chp 2,radio,Terengganu_Q04,A,B,C,D,D,Terengganu/Picture4.png,"中文：Pak Sako 的作品强调自由与反殖民。
Bahasa Melayu: Karya Pak Sako menekankan kebebasan daripada penjajahan.
课本／Buku teks：Tingkatan 4, ms. 34."
F4 Chp 2,radio,Melaka_Q05,A,B,C,D,B,Melaka/Picture5.png,"中文：1932年革命结束泰国绝对君主制。
Bahasa Melayu: Revolusi 1932 menamatkan kuasa mutlak raja Thailand.
课本／Buku teks：Tingkatan 4, ms. 31."
F4 Chp 2,radio,SabahSet1_Q05,A,B,C,D,C,Sabah Set 1/Picture5.png,"中文：泰国民族主义旨在保持独立主权。
Bahasa Melayu: Nasionalisme Thailand bertujuan mengekalkan kedaulatan negara.
课本／Buku teks：Tingkatan 4, ms. 31."
F4 Chp 2,radio,SabahSet2_Q05,A,B,C,D,D,Sabah Set 2/Picture5.png,"中文：知识分子传播改革及民族意识。
Bahasa Melayu: Golongan intelektual menyebarkan idea pembaharuan dan nasionalisme.
课本／Buku teks：Tingkatan 4, ms. 35."
F4 Chp 2,radio,SarawakSet2_Q05,A,B,C,D,D,Sarawak Set 2/Picture5.png,"中文：KMS 鼓励会员积极参与行政。
Bahasa Melayu: KMS menggalakkan ahli bergerak aktif dalam pentadbiran.
课本／Buku teks：Tingkatan 4, ms. 40."
F4 Chp 2,radio,Melaka_Q06,A,B,C,D,D,Melaka/Picture6.png,"中文：KMM 公开反对殖民政府，被视为激进。
Bahasa Melayu: KMM dianggap radikal kerana menentang kerajaan penjajah.
课本／Buku teks：Tingkatan 4, ms. 40."
F4 Chp 2,radio,SabahSet1_Q06,A,B,C,D,A,Sabah Set 1/Picture6.png,"中文：这些作品唤醒对民族命运的关切。
Bahasa Melayu: Karya tersebut membangkitkan kesedaran nasib bangsa.
课本／Buku teks：Tingkatan 4, ms. 39."
F4 Chp 3,radio,JohorPasirGudang_Q05,A,B,C,D,A,Johor Pasir Gudang/Picture5.png,"中文：战争造成大量死亡和财产损失，说明和平应被珍惜。
Bahasa Melayu: Kehilangan nyawa dan kemusnahan akibat perang mengajar kita menghargai keamanan.
课本／Buku teks：Tingkatan 4, ms. 67."
F4 Chp 3,radio,JohorTangkak_Q05,A,B,C,D,A,Johor Tangkak/Picture5.png,"中文：日本为取得被禁运的原料，扩张并占领资源丰富的东南亚。
Bahasa Melayu: Jepun menguasai Asia Tenggara untuk mendapatkan bahan mentah selepas sekatan ekonomi Barat.
课本／Buku teks：Tingkatan 4, ms. 65."
F4 Chp 3,radio,Kedah_Q05,A,B,C,D,D,Kedah/Picture5.png,"中文：奥匈帝国皇储遇刺引发第一次世界大战。
Bahasa Melayu: Pembunuhan pewaris takhta Austria-Hungary mencetuskan Perang Dunia Pertama.
课本／Buku teks：Tingkatan 4, ms. 54."
F4 Chp 3,radio,Kelantan_Q05,A,B,C,D,D,Kelantan/Picture5.png,"中文：帝国主义列强竞争引发第一次世界大战。
Bahasa Melayu: Persaingan kuasa imperialis mencetuskan Perang Dunia Pertama.
课本／Buku teks：Tingkatan 4, ms. 54."
F4 Chp 3,radio,Kl_Q05,A,B,C,D,D,KL/Picture5.png,"中文：奥匈皇储遇刺是大战的直接导火线。
Bahasa Melayu: Pembunuhan pewaris Austria-Hungary menjadi pencetus langsung peperangan.
课本／Buku teks：Tingkatan 4, ms. 54."
F4 Chp 3,radio,NegeriSembilan_Q05,A,B,C,D,A,Negeri Sembilan/Picture5.png,"中文：皇储遇刺引发第一次世界大战。
Bahasa Melayu: Pembunuhan pewaris takhta mencetuskan Perang Dunia Pertama.
课本／Buku teks：Tingkatan 4, ms. 54."
F4 Chp 3,radio,Pahang_Q05,A,B,C,D,A,Pahang/Picture5.png,"中文：有效攻击战略及大国合作促成欧洲战事结束。
Bahasa Melayu: Strategi serangan berkesan dan kerjasama kuasa besar menamatkan perang.
课本／Buku teks：Tingkatan 4, ms. 62."
F4 Chp 3,radio,PenangSet1_Q05,A,B,C,D,A,Penang Set 1/Picture5.png,"中文：宣传美化日本并煽动反西方殖民意识。
Bahasa Melayu: Slogan menonjolkan imej Jepun dan semangat antipenjajah Barat.
课本／Buku teks：Tingkatan 4, ms. 68."
F4 Chp 3,radio,Perak_Q05,A,B,C,D,C,Perak/Picture5.png,"中文：袭击珍珠港削弱美国舰队，阻止西方干预扩张。
Bahasa Melayu: Serangan Pearl Harbour melemahkan armada Amerika dan menghalang kuasa Barat.
课本／Buku teks：Tingkatan 4, ms. 66."
F4 Chp 3,radio,Perlis_Q05,A,B,C,D,D,Perlis/Picture5.png,"中文：法西斯及纳粹等新意识形态推动战争。
Bahasa Melayu: Ideologi baharu seperti fasisme dan nazisme mencetuskan peperangan.
课本／Buku teks：Tingkatan 4, ms. 54."
F4 Chp 3,radio,SelangorSet1_Q05,A,B,C,D,C,Selangor Set 1/Picture5.png,"中文：皇储遇刺引发第一次世界大战。
Bahasa Melayu: Pembunuhan pewaris takhta mencetuskan Perang Dunia Pertama.
课本／Buku teks：Tingkatan 4, ms. 54."
F4 Chp 3,radio,SelangorSet2_Q05,A,B,C,D,C,Selangor Set 2/Picture5.png,"中文：第一次世界大战使多个君主制度崩溃。
Bahasa Melayu: Perang Dunia Pertama meruntuhkan beberapa pemerintahan beraja.
课本／Buku teks：Tingkatan 4, ms. 57."
F4 Chp 3,radio,Terengganu_Q05,A,B,C,D,C,Terengganu/Picture5.png,"中文：法国与英国、俄国组成三国协约。
Bahasa Melayu: Perancis menyertai Pakatan Bertiga bersama Britain dan Rusia.
课本／Buku teks：Tingkatan 4, ms. 54."
F4 Chp 3,radio,JohorPasirGudang_Q06,A,B,C,D,D,Johor Pasir Gudang/Picture6.png,"中文：居民与英国合作抵抗日本，例如参与抗日活动。
Bahasa Melayu: Penduduk bekerjasama dengan British dalam gerakan menentang kekejaman pendudukan Jepun.
课本／Buku teks：Tingkatan 4, ms. 77."
F4 Chp 3,radio,JohorTangkak_Q06,A,B,C,D,B,Johor Tangkak/Picture6.png,"中文：Gurchan Singh被称为Lion of Malaya，通过散发传单和宣传抵抗日本。
Bahasa Melayu: Gurchan Singh, digelar Lion of Malaya, menyebarkan risalah dan propaganda untuk menentang pendudukan Jepun.
课本／Buku teks：Tingkatan 4, ms. 76."
F4 Chp 3,radio,Kedah_Q06,A,B,C,D,D,Kedah/Picture6.png,"中文：日军暴行促使当地人民与英国合作抗日。
Bahasa Melayu: Kekejaman Jepun mendorong penduduk bekerjasama dengan British.
课本／Buku teks：Tingkatan 4, ms. 80."
F4 Chp 3,radio,Kelantan_Q06,A,B,C,D,A,Kelantan/Picture6.png,"中文：大战导致德国、奥匈、俄国等君主政权结束。
Bahasa Melayu: Peperangan menamatkan pemerintahan beraja di beberapa negara Eropah.
课本／Buku teks：Tingkatan 4, ms. 57."
F4 Chp 3,radio,Kl_Q06,A,B,C,D,C,KL/Picture6.png,"中文：他们抗击外敌、捍卫国家主权。
Bahasa Melayu: Mereka mempertahankan kedaulatan negara daripada serangan musuh.
课本／Buku teks：Tingkatan 4, ms. 74."
F4 Chp 3,radio,NegeriSembilan_Q06,A,B,C,D,C,Negeri Sembilan/Picture6.png,"中文：Kempeitai 是残酷镇压抗日者的日本宪兵。
Bahasa Melayu: Kempeitai ialah polis tentera Jepun yang menindas penentang.
课本／Buku teks：Tingkatan 4, ms. 70."
F4 Chp 3,radio,Pahang_Q06,A,B,C,D,C,Pahang/Picture6.png,"中文：Force 136 组织抵抗日军占领。
Bahasa Melayu: Force 136 menentang pendudukan Jepun.
课本／Buku teks：Tingkatan 4, ms. 76."
F4 Chp 3,radio,PenangSet1_Q06,A,B,C,D,A,Penang Set 1/Picture6.png,"中文：Albert Kwok 领导 Jesselton 起义。
Bahasa Melayu: Albert Kwok memimpin Pemberontakan Jesselton.
课本／Buku teks：Tingkatan 4, ms. 79."
F4 Chp 3,radio,Perak_Q06,A,B,C,D,D,Perak/Picture6.png,"中文：答案D指马来兵团抵抗日军；「成立」措辞欠准确，兵团早在1933年成立，并非日占后才成立。
Bahasa Melayu: D merujuk penentangan Rejimen Askar Melayu. Namun istilah menubuhkan kurang tepat kerana rejimen telah ditubuhkan pada 1933 sebelum pendudukan Jepun.
课本／Buku teks：Tingkatan 4, ms. 74."
F4 Chp 3,radio,Perlis_Q06,A,B,C,D,D,Perlis/Picture6.png,"中文：十四点主张按民族界定国家边界。
Bahasa Melayu: Deklarasi 14 Perkara mencadangkan sempadan negara berasaskan bangsa.
课本／Buku teks：Tingkatan 4, ms. 56."
F4 Chp 3,radio,SabahSet2_Q06,A,B,C,D,A,Sabah Set 2/Picture6.png,"中文：德国重整军备，企图摆脱战败条约限制。
Bahasa Melayu: Jerman memperkuat tentera untuk mengatasi sekatan selepas perang.
课本／Buku teks：Tingkatan 4, ms. 58."
F4 Chp 3,radio,SarawakSet2_Q06,A,B,C,D,B,Sarawak Set 2/Picture6.png,"中文：这些军人捍卫国家主权。
Bahasa Melayu: Tokoh tersebut mempertahankan kedaulatan negara.
课本／Buku teks：Tingkatan 4, ms. 74."
F4 Chp 3,radio,SelangorSet1_Q06,A,B,C,D,A,Selangor Set 1/Picture6.png,"中文：过量印钞造成通货膨胀。
Bahasa Melayu: Percetakan wang tanpa kawalan meningkatkan inflasi.
课本／Buku teks：Tingkatan 4, ms. 71."
F4 Chp 3,radio,SelangorSet2_Q06,A,B,C,D,D,Selangor Set 2/Picture6.png,"中文：口号宣扬亚洲合作与兄弟情谊，争取当地支持；这是宣传形象，不代表日本实际统治平等。
Bahasa Melayu: Slogan menonjolkan persaudaraan dan kerjasama Asia untuk meraih sokongan; propaganda ini tidak menggambarkan pemerintahan Jepun yang sebenar.
课本／Buku teks：Tingkatan 4, ms. 80."
F4 Chp 3,radio,Terengganu_Q06,A,B,C,D,B,Terengganu/Picture6.png,"中文：五年工业计划及材料研究委员会应对经济问题。
Bahasa Melayu: Rancangan Perindustrian Lima Tahun dan Jawatankuasa Penyelidikan Bahan menangani masalah ekonomi.
课本／Buku teks：Tingkatan 4, ms. 71."
F4 Chp 3,radio,Melaka_Q07,A,B,C,D,C,Melaka/Picture7.png,"中文：德国属于中央同盟国。
Bahasa Melayu: Jerman menyertai pakatan Kuasa Tengah.
课本／Buku teks：Tingkatan 4, ms. 54."
F4 Chp 3,radio,SabahSet1_Q07,A,B,C,D,D,Sabah Set 1/Picture7.png,"中文：战胜国认定德国应为战争破坏负责。
Bahasa Melayu: Jerman dipersalahkan atas kemusnahan peperangan lalu dikenakan hukuman.
课本／Buku teks：Tingkatan 4, ms. 56."
F4 Chp 3,radio,SabahSet2_Q07,A,B,C,D,A,Sabah Set 2/Picture7.png,"中文：Force 136 争取马来人支持共同抗日。
Bahasa Melayu: Force 136 mendapatkan sokongan orang Melayu menentang Jepun.
课本／Buku teks：Tingkatan 4, ms. 76."
F4 Chp 3,radio,Melaka_Q08,A,B,C,D,C,Melaka/Picture8.png,"中文：大战使多个君主政权崩溃，并产生新国家。
Bahasa Melayu: Peperangan meruntuhkan pemerintahan beraja dan melahirkan negara baharu.
课本／Buku teks：Tingkatan 4, ms. 57."
F4 Chp 3,radio,SabahSet1_Q08,A,B,C,D,C,Sabah Set 1/Picture8.png,"中文：日本胜利证明亚洲能抗衡西方，激发民族意识；答案纸未标页码。
Bahasa Melayu: Kemenangan Jepun membangkitkan nasionalisme kerana Asia mampu menewaskan Barat. Skema tidak menyatakan halaman."
F4 Chp 3,radio,SabahSet2_Q08,A,B,C,D,C,Sabah Set 2/Picture8.png,"中文：口号煽动反西方情绪，诱使当地人与日本合作。
Bahasa Melayu: Slogan menyebarkan sentimen anti-Barat dan mendorong kerjasama dengan Jepun.
课本／Buku teks：Tingkatan 4, ms. 80."
F4 Chp 3,radio,Melaka_Q09,A,B,C,D,D,Melaka/Picture9.png,"中文：日本用宣传争取支持，掩饰经济和军事目标。
Bahasa Melayu: Jepun menggunakan propaganda untuk mencapai kepentingan ekonomi dan ketenteraan.
课本／Buku teks：Tingkatan 4, ms. 68."
F4 Chp 3,radio,SabahSet1_Q09,A,B,C,D,C,Sabah Set 1/Picture9.png,"中文：日军暴行加强反殖民精神。
Bahasa Melayu: Kekejaman Jepun mengukuhkan semangat antipenjajah.
课本／Buku teks：Tingkatan 4, ms. 73."
F4 Chp 4,radio,JohorPasirGudang_Q07,A,B,C,D,B,Johor Pasir Gudang/Picture7.png,"中文：支持者认为英国可带来工作机会及发展，符合I和IV。
Bahasa Melayu: Penyokong penyerahan mengharapkan peluang pekerjaan dan kemajuan penduduk tempatan, iaitu I dan IV.
课本／Buku teks：Tingkatan 4, ms. 113."
F4 Chp 4,radio,JohorTangkak_Q07,A,B,C,D,D,Johor Tangkak/Picture7.png,"中文：移交未经砂拉越人民知情，并使用欺骗手段取得同意，符合III和IV。
Bahasa Melayu: Penyerahan dibuat tanpa pengetahuan rakyat dan melalui muslihat, iaitu III dan IV.
课本／Buku teks：Tingkatan 4, ms. 108,109."
F4 Chp 4,radio,Kedah_Q07,A,B,C,D,C,Kedah/Picture7.png,"中文：这些政策威胁当地人民的权益。
Bahasa Melayu: Dasar tersebut menjejaskan hak penduduk tempatan.
课本／Buku teks：Tingkatan 4, ms. 100-109."
F4 Chp 4,radio,Kelantan_Q07,A,B,C,D,B,Kelantan/Picture7.png,"中文：BMA 接管行政并要求归还武器以恢复稳定。
Bahasa Melayu: BMA mengambil alih pentadbiran dan meminta senjata dipulangkan.
课本／Buku teks：Tingkatan 4, ms. 94."
F4 Chp 4,radio,Kl_Q07,A,B,C,D,D,KL/Picture7.png,"中文：统治者指控 MacMichael 以胁迫取得同意。
Bahasa Melayu: Raja-raja mendakwa MacMichael memperdaya dan memaksa persetujuan mereka.
课本／Buku teks：Tingkatan 4, ms. 100."
F4 Chp 4,radio,NegeriSembilan_Q07,A,B,C,D,D,Negeri Sembilan/Picture7.png,"中文：统治者寄抗议信并支持马来大会。
Bahasa Melayu: Raja-raja menghantar surat bantahan dan menyokong Kongres Melayu.
课本／Buku teks：Tingkatan 4, ms. 100-101."
F4 Chp 4,radio,Pahang_Q07,A,B,C,D,B,Pahang/Picture7.png,"中文：Warta Negara 与 Utusan Melayu 刊登反对声浪。
Bahasa Melayu: Warta Negara dan Utusan Melayu membantah Malayan Union.
课本／Buku teks：Tingkatan 4, ms. 102."
F4 Chp 4,radio,PenangSet1_Q07,A,B,C,D,C,Penang Set 1/Picture7.png,"中文：应保持警惕，不轻信外国势力。
Bahasa Melayu: Kita perlu berwaspada dan tidak mudah mempercayai kuasa asing.
课本／Buku teks：Tingkatan 4, ms. 95."
F4 Chp 4,radio,Perak_Q07,A,B,C,D,D,Perak/Picture7.png,"中文：总督领导及 jus soli 公民权是 Malayan Union 特征。
Bahasa Melayu: Gabenor dan kewarganegaraan jus soli ialah ciri Malayan Union.
课本／Buku teks：Tingkatan 4, ms. 97."
F4 Chp 4,radio,Perlis_Q07,A,B,C,D,C,Perlis/Picture7.png,"中文：统治者投诉被英国代表欺骗及胁迫。
Bahasa Melayu: Raja-raja mendakwa diperdaya dan dipaksa wakil British.
课本／Buku teks：Tingkatan 4, ms. 100."
F4 Chp 4,radio,SarawakSet2_Q07,A,B,C,D,C,Sarawak Set 2/Picture7.png,"中文：BMA 须恢复人民对英国行政的信任。
Bahasa Melayu: BMA memulihkan kepercayaan rakyat terhadap pentadbiran.
课本／Buku teks：Tingkatan 4, ms. 94."
F4 Chp 4,radio,SelangorSet1_Q07,A,B,C,D,D,Selangor Set 1/Picture7.png,"中文：BMA 无法迅速恢复社会经济，令人民失望。
Bahasa Melayu: BMA gagal memulihkan sosioekonomi lalu mengecewakan rakyat.
课本／Buku teks：Tingkatan 4, ms. 95."
F4 Chp 4,radio,SelangorSet2_Q07,A,B,C,D,A,Selangor Set 2/Picture7.png,"中文：BMA 的目标是恢复国家稳定。
Bahasa Melayu: BMA bertujuan memulihkan kestabilan negara.
课本／Buku teks：Tingkatan 4, ms. 94."
F4 Chp 4,radio,Terengganu_Q07,A,B,C,D,B,Terengganu/Picture7.png,"中文：统治者反对政治权力被剥夺，并寻求司法途径。
Bahasa Melayu: Raja-raja membantah kehilangan kuasa politik melalui tindakan mahkamah.
课本／Buku teks：Tingkatan 4, ms. 100."
F4 Chp 4,radio,JohorPasirGudang_Q08,A,B,C,D,D,Johor Pasir Gudang/Picture8.png,"中文：战后重建需要大量资金，北婆罗洲公司无力承担，遂交出沙巴。
Bahasa Melayu: SBUB kekurangan dana untuk memulihkan Sabah selepas perang lalu menyerahkannya kepada British.
课本／Buku teks：Tingkatan 4, ms. 115."
F4 Chp 4,radio,JohorTangkak_Q08,A,B,C,D,A,Johor Tangkak/Picture8.png,"中文：日本破坏城镇后，重建费用庞大，北婆罗洲公司陷入财政困难。
Bahasa Melayu: Kemusnahan bandar akibat perang menyebabkan SBUB menghadapi masalah kewangan untuk membina semula Sabah.
课本／Buku teks：Tingkatan 4, ms. 115."
F4 Chp 4,radio,Kedah_Q08,A,B,C,D,D,Kedah/Picture8.png,"中文：沙巴居民不了解让渡意义，部分商人看见商业机会。
Bahasa Melayu: Penduduk kurang memahami penyerahan; peniaga melihat peluang perniagaan.
课本／Buku teks：Tingkatan 4, ms. 117."
F4 Chp 4,radio,Kl_Q08,A,B,C,D,A,KL/Picture8.png,"中文：反让渡斗争激发砂拉越民族主义及政治组织发展。
Bahasa Melayu: Perjuangan antipenyerahan membangkitkan nasionalisme dan perkembangan parti politik Sarawak.
课本／Buku teks：Tingkatan 4, ms. 113."
F4 Chp 4,radio,NegeriSembilan_Q08,A,B,C,D,D,Negeri Sembilan/Picture8.png,"中文：战后重建资金不足促成让渡。
Bahasa Melayu: Kekurangan dana pemulihan selepas perang menyebabkan penyerahan.
课本／Buku teks：Tingkatan 4, ms. 107,115."
F4 Chp 4,radio,Pahang_Q08,A,B,C,D,D,Pahang/Picture8.png,"中文：北婆罗洲公司无力承担战后重建费用。
Bahasa Melayu: SBUB menghadapi masalah kewangan untuk membina semula Sabah.
课本／Buku teks：Tingkatan 4, ms. 114,115."
F4 Chp 4,radio,PenangSet1_Q08,A,B,C,D,A,Penang Set 1/Picture8.png,"中文：宽松的出生地主义公民权引发反对。
Bahasa Melayu: Kewarganegaraan jus soli mencetuskan penentangan orang Melayu.
课本／Buku teks：Tingkatan 4, ms. 97."
F4 Chp 4,radio,Perak_Q08,A,B,C,D,A,Perak/Picture8.png,"中文：Rukun 13 计划铲除英国高级官员。
Bahasa Melayu: Rukun 13 bertujuan menghapuskan pegawai tinggi British.
课本／Buku teks：Tingkatan 4, ms. 112."
F4 Chp 4,radio,Perlis_Q08,A,B,C,D,A,Perlis/Picture8.png,"中文：Rosli Dhoby 反对英国扩张及砂拉越让渡。
Bahasa Melayu: Rosli Dhoby menentang peluasan kuasa British dan penyerahan Sarawak.
课本／Buku teks：Tingkatan 4, ms. 112."
F4 Chp 4,radio,SarawakSet2_Q08,A,B,C,D,B,Sarawak Set 2/Picture8.png,"中文：英国以晋升机会削弱领袖反对力量。
Bahasa Melayu: British menawarkan kenaikan pangkat untuk melemahkan penentangan.
课本／Buku teks：Tingkatan 4, ms. 116."
F4 Chp 4,radio,SelangorSet1_Q08,A,B,C,D,C,Selangor Set 1/Picture8.png,"中文：让渡后沙巴成为英国殖民地。
Bahasa Melayu: Sabah menjadi tanah jajahan British selepas penyerahan.
课本／Buku teks：Tingkatan 4, ms. 114."
F4 Chp 4,radio,SelangorSet2_Q08,A,B,C,D,B,Selangor Set 2/Picture8.png,"中文：支持者希望英国促进本地居民发展。
Bahasa Melayu: Penyokong mengharapkan British memajukan penduduk tempatan.
课本／Buku teks：Tingkatan 4, ms. 113."
F4 Chp 4,radio,Terengganu_Q08,A,B,C,D,D,Terengganu/Picture8.png,"中文：英国提供晋升机会，削弱本地领袖的反对。
Bahasa Melayu: Peluang kenaikan pangkat melemahkan penentangan pemimpin tempatan.
课本／Buku teks：Tingkatan 4, ms. 116."
F4 Chp 4,radio,SabahSet2_Q09,A,B,C,D,A,Sabah Set 2/Picture9.png,"中文：行政合并减少英国管理成本。
Bahasa Melayu: Penyatuan pentadbiran mengurangkan kos pengurusan British.
课本／Buku teks：Tingkatan 4, ms. 97."
F4 Chp 4,radio,Melaka_Q10,A,B,C,D,B,Melaka/Picture10.png,"中文：BMA 旨在恢复稳定及人民信任。
Bahasa Melayu: BMA memulihkan kestabilan dan kepercayaan rakyat.
课本／Buku teks：Tingkatan 4, ms. 94."
F4 Chp 4,radio,SabahSet1_Q10,A,B,C,D,D,Sabah Set 1/Picture10.png,"中文：统治者向伦敦寄抗议信并诉诸英国法院。
Bahasa Melayu: Raja-raja menghantar bantahan ke London dan membawa kes ke mahkamah England.
课本／Buku teks：Tingkatan 4, ms. 100."
F4 Chp 4,radio,SabahSet2_Q10,A,B,C,D,D,Sabah Set 2/Picture10.png,"中文：让渡使外国殖民权力直接进入砂拉越。
Bahasa Melayu: Penyerahan membawa penjajahan British secara langsung di Sarawak.
课本／Buku teks：Tingkatan 4, ms. 109."
F4 Chp 4,radio,Melaka_Q11,A,B,C,D,C,Melaka/Picture11.png,"中文：人民通过召开大会及游行反对马来亚联邦。
Bahasa Melayu: Rakyat menentang Malayan Union melalui kongres dan perarakan.
课本／Buku teks：Tingkatan 4, ms. 102-106."
F4 Chp 4,radio,SabahSet1_Q11,A,B,C,D,B,Sabah Set 1/Picture11.png,"中文：战后破坏及重建负担促成沙巴让渡英国。
Bahasa Melayu: Kemusnahan perang dan kos pemulihan menyebabkan Sabah diserahkan kepada British.
课本／Buku teks：Tingkatan 4, ms. 115."
F4 Chp 4,radio,Melaka_Q12,A,B,C,D,B,Melaka/Picture12.png,"中文：Vyner Brooke 缺少合适继承人，是让渡因素之一。
Bahasa Melayu: Ketiadaan pewaris yang sesuai menjadi faktor penyerahan Sarawak.
课本／Buku teks：Tingkatan 4, ms. 107."
F4 Chp 5,radio,Kelantan_Q08,A,B,C,D,B,Kelantan/Picture8.png,"中文：工作委员会建议成立苏丹理事会。
Bahasa Melayu: Jawatankuasa Kerja mencadangkan Majlis Sultan-Sultan.
课本／Buku teks：Tingkatan 4, ms. 127."
F4 Chp 5,radio,JohorPasirGudang_Q09,A,B,C,D,D,Johor Pasir Gudang/Picture9.png,"中文：马来统治者和人民持续抗议马来亚联邦，促成1948年新联邦。
Bahasa Melayu: Bantahan Raja-raja Melayu dan rakyat terhadap Malayan Union membawa kepada penubuhan Persekutuan Tanah Melayu 1948.
课本／Buku teks：Tingkatan 4, ms. 132."
F4 Chp 5,radio,JohorTangkak_Q09,A,B,C,D,B,Johor Tangkak/Picture9.png,"中文：马来统治者和巫统提出取代马来亚联邦的建议，促成1948年联邦。
Bahasa Melayu: Cadangan Raja-raja Melayu dan UMNO menghasilkan Persekutuan Tanah Melayu 1948 sebagai pengganti Malayan Union.
课本／Buku teks：Tingkatan 4, ms. 132."
F4 Chp 5,radio,Kedah_Q09,A,B,C,D,D,Kedah/Picture9.png,"中文：1948年联邦成立马来统治者会议。
Bahasa Melayu: Persekutuan 1948 mewujudkan Majlis Raja-Raja.
课本／Buku teks：Tingkatan 4, ms. 134."
F4 Chp 5,radio,Kelantan_Q09,A,B,C,D,D,Kelantan/Picture9.png,"中文：马来人反对、统治者与 UMNO 建议促成联邦。
Bahasa Melayu: Penentangan Melayu serta cadangan raja dan UMNO membawa pembentukan Persekutuan.
课本／Buku teks：Tingkatan 4, ms. 132."
F4 Chp 5,radio,Kl_Q09,A,B,C,D,C,KL/Picture9.png,"中文：工作委员会拟定1948年联邦协议基础。
Bahasa Melayu: Jawatankuasa Kerja merangka asas Perjanjian Persekutuan 1948.
课本／Buku teks：Tingkatan 4, ms. 126."
F4 Chp 5,radio,NegeriSembilan_Q09,A,B,C,D,A,Negeri Sembilan/Picture9.png,"中文：AMCJA 主张强大中央政府及马新合并。
Bahasa Melayu: AMCJA mencadangkan kerajaan pusat kuat dan penyatuan Singapura.
课本／Buku teks：Tingkatan 4, ms. 130."
F4 Chp 5,radio,Pahang_Q09,A,B,C,D,C,Pahang/Picture9.png,"中文：恢复统治者法律权限即恢复主权。
Bahasa Melayu: Kuasa perundangan raja mengembalikan kedaulatan mereka.
课本／Buku teks：Tingkatan 4, ms. 132."
F4 Chp 5,radio,PenangSet1_Q09,A,B,C,D,B,Penang Set 1/Picture9.png,"中文：统治者重新拥有批准法案的权力。
Bahasa Melayu: Raja-raja kembali berkuasa mengesahkan rang undang-undang.
课本／Buku teks：Tingkatan 4, ms. 134."
F4 Chp 5,radio,Perak_Q09,A,B,C,D,A,Perak/Picture9.png,"中文：PUTERA-AMCJA 不满未获委员会代表权。
Bahasa Melayu: PUTERA-AMCJA tidak diwakili dalam Jawatankuasa Kerja.
课本／Buku teks：Tingkatan 4, ms. 128."
F4 Chp 5,radio,Perlis_Q09,A,B,C,D,A,Perlis/Picture9.png,"中文：宽松公民权使马来人担忧与移民竞争。
Bahasa Melayu: Jus soli menimbulkan kebimbangan persaingan dengan orang asing.
课本／Buku teks：Tingkatan 4, ms. 129."
F4 Chp 5,radio,SarawakSet2_Q09,A,B,C,D,D,Sarawak Set 2/Picture9.png,"中文：Suara Rakyat 传播反殖民独立思想。
Bahasa Melayu: Suara Rakyat menyebarkan idea kemerdekaan daripada penjajah.
课本／Buku teks：Tingkatan 4, ms. 129."
F4 Chp 5,radio,SelangorSet1_Q09,A,B,C,D,C,Selangor Set 1/Picture9.png,"中文：建议保障统治者地位及马来人特殊权益。
Bahasa Melayu: Cadangan menjamin kedudukan raja dan keistimewaan Melayu.
课本／Buku teks：Tingkatan 4, ms. 127."
F4 Chp 5,radio,SelangorSet2_Q09,A,B,C,D,C,Selangor Set 2/Picture9.png,"中文：统治者建议联邦保持受保护邦地位。
Bahasa Melayu: Raja-raja mencadangkan Persekutuan bertaraf naungan.
课本／Buku teks：Tingkatan 4, ms. 132."
F4 Chp 5,radio,Terengganu_Q09,A,B,C,D,A,Terengganu/Picture9.png,"中文：联邦协议规定取得公民身份的条件。
Bahasa Melayu: Perjanjian menetapkan syarat kewarganegaraan.
课本／Buku teks：Tingkatan 4, ms. 135."
F4 Chp 5,radio,JohorPasirGudang_Q10,A,B,C,D,C,Johor Pasir Gudang/Picture10.png,"中文：1948年联邦为各族合作和地方领袖参与行政创造条件，迈向自治。
Bahasa Melayu: Persekutuan 1948 membuka peluang berkerajaan sendiri melalui kerjasama kaum dan penyertaan pemimpin tempatan.
课本／Buku teks：Tingkatan 4, ms. 136-137."
F4 Chp 5,radio,JohorTangkak_Q10,A,B,C,D,B,Johor Tangkak/Picture10.png,"中文：1948年联邦恢复马来统治者地位，并保障马来人特殊地位，符合I和IV。
Bahasa Melayu: Persekutuan 1948 memulihkan kedudukan Raja-raja Melayu serta menjaga kedudukan istimewa orang Melayu.
课本／Buku teks：Tingkatan 4, ms. 136."
F4 Chp 5,radio,Kedah_Q10,A,B,C,D,B,Kedah/Picture10.png,"中文：联邦恢复并维护马来统治者地位。
Bahasa Melayu: Persekutuan mengembalikan dan menjamin kedudukan Raja-raja Melayu.
课本／Buku teks：Tingkatan 4, ms. 136."
F4 Chp 5,radio,Kelantan_Q10,A,B,C,D,A,Kelantan/Picture10.png,"中文：1948年协议包括公民身份条件。
Bahasa Melayu: Perjanjian 1948 menetapkan syarat kewarganegaraan.
课本／Buku teks：Tingkatan 4, ms. 134-135."
F4 Chp 5,radio,Kl_Q10,A,B,C,D,D,KL/Picture10.png,"中文：协议承认马来人的原住民地位。
Bahasa Melayu: Perjanjian mengiktiraf orang Melayu sebagai penduduk asal.
课本／Buku teks：Tingkatan 4, ms. 136."
F4 Chp 5,radio,NegeriSembilan_Q10,A,B,C,D,C,Negeri Sembilan/Picture10.png,"中文：须咨询统治者，体现王权恢复。
Bahasa Melayu: Keperluan merujuk raja menunjukkan kuasa mereka dikembalikan.
课本／Buku teks：Tingkatan 4, ms. 136."
F4 Chp 5,radio,Pahang_Q10,A,B,C,D,A,Pahang/Picture10.png,"中文：新加坡仍作为英国独立的殖民地。
Bahasa Melayu: Singapura dikekalkan sebagai tanah jajahan British berasingan.
课本／Buku teks：Tingkatan 4, ms. 134."
F4 Chp 5,radio,PenangSet1_Q10,A,B,C,D,D,Penang Set 1/Picture10.png,"中文：联邦为非马来人提供取得公民权的途径。
Bahasa Melayu: Persekutuan membuka ruang kewarganegaraan kepada bukan Melayu.
课本／Buku teks：Tingkatan 4, ms. 136."
F4 Chp 5,radio,Perak_Q10,A,B,C,D,B,Perak/Picture10.png,"中文：这些是1948年联邦的行政特征。
Bahasa Melayu: Ciri tersebut merujuk Persekutuan Tanah Melayu 1948.
课本／Buku teks：Tingkatan 4, ms. 134."
F4 Chp 5,radio,Perlis_Q10,A,B,C,D,C,Perlis/Picture10.png,"中文：1948 年联邦为自治铺路，并建立本地人民参与行政的基础，因此选 C。
Bahasa Melayu: Persekutuan Tanah Melayu 1948 membuka ruang berkerajaan sendiri dan menyediakan asas penyertaan penduduk tempatan dalam pentadbiran. Jawapan ialah C.
课本／Buku teks：Tingkatan 4, ms. 136-137."
F4 Chp 5,radio,SarawakSet2_Q10,A,B,C,D,C,Sarawak Set 2/Picture10.png,"中文：联邦承认马来人的原住民地位。
Bahasa Melayu: Persekutuan mengiktiraf orang Melayu sebagai penduduk asal.
课本／Buku teks：Tingkatan 4, ms. 132."
F4 Chp 5,radio,SelangorSet1_Q10,A,B,C,D,A,Selangor Set 1/Picture10.png,"中文：PUTERA-AMCJA 以 hartal 罢市表示反对。
Bahasa Melayu: PUTERA-AMCJA mengadakan hartal sebagai bantahan.
课本／Buku teks：Tingkatan 4, ms. 131."
F4 Chp 5,radio,SelangorSet2_Q10,A,B,C,D,D,Selangor Set 2/Picture10.png,"中文：CLC 促进族群交流与协商。
Bahasa Melayu: Jawatankuasa Hubungan Antara Kaum menggalakkan persefahaman kaum.
课本／Buku teks：Tingkatan 4, ms. 137."
F4 Chp 5,radio,Terengganu_Q10,A,B,C,D,D,Terengganu/Picture10.png,"中文：协议承认马来人的原住民地位。
Bahasa Melayu: Perjanjian mengiktiraf orang Melayu sebagai penduduk asal.
课本／Buku teks：Tingkatan 4, ms. 136."
F4 Chp 5,radio,Kelantan_Q11,A,B,C,D,D,Kelantan/Picture11.png,"中文：符合 Rakyat Raja 或 Rakyat British 亲属条件的子女可依法取得公民权。
Bahasa Melayu: Anak yang memenuhi syarat keturunan Rakyat Raja atau Rakyat British memperoleh kewarganegaraan secara kuat kuasa undang-undang.
课本／Buku teks：Tingkatan 4, ms. 135."
F4 Chp 5,radio,SabahSet2_Q11,A,B,C,D,A,Sabah Set 2/Picture11.png,"中文：马来人团结反对迫使英国改变政策。
Bahasa Melayu: Perpaduan orang Melayu memaksa British menggantikan Malayan Union.
课本／Buku teks：Tingkatan 4, ms. 132."
F4 Chp 5,radio,Kelantan_Q12,A,B,C,D,B,Kelantan/Picture12.png,"中文：联邦恢复马来统治者权力，因此获得支持。
Bahasa Melayu: Persekutuan mengembalikan kuasa Raja-raja Melayu lalu mendapat sokongan.
课本／Buku teks：Tingkatan 4, ms. 136."
F4 Chp 5,radio,SabahSet1_Q12,A,B,C,D,D,Sabah Set 1/Picture12.png,"中文：联邦承认马来人为原有居民。
Bahasa Melayu: Persekutuan mengiktiraf orang Melayu sebagai penduduk asal.
课本／Buku teks：Tingkatan 4, ms. 136."
F4 Chp 5,radio,SabahSet2_Q12,A,B,C,D,A,Sabah Set 2/Picture12.png,"中文：联邦承认马来人为原有居民。
Bahasa Melayu: Persekutuan mengiktiraf orang Melayu sebagai penduduk asal.
课本／Buku teks：Tingkatan 4, ms. 135."
F4 Chp 5,radio,Melaka_Q13,A,B,C,D,B,Melaka/Picture13.png,"中文：1948年协议成立马来统治者会议。
Bahasa Melayu: Perjanjian 1948 menubuhkan Majlis Raja-Raja.
课本／Buku teks：Tingkatan 4, ms. 134."
F4 Chp 6,radio,JohorPasirGudang_Q11,A,B,C,D,B,Johor Pasir Gudang/Picture11.png,"中文：紧急法令允许拘捕疑似共产党成员，并对携带武器者判死刑，符合I和IV。
Bahasa Melayu: Undang-Undang Darurat membolehkan penahanan suspek komunis dan hukuman mati terhadap pembawa senjata api, iaitu I dan IV.
课本／Buku teks：Tingkatan 4, ms. 148."
F4 Chp 6,radio,JohorTangkak_Q11,A,B,C,D,A,Johor Tangkak/Picture11.png,"中文：心理战争取人民信任，使人民支持政府而不帮助共产党。
Bahasa Melayu: Perang Saraf memenangi kepercayaan rakyat supaya mereka menyokong kerajaan dan menolak komunis.
课本／Buku teks：Tingkatan 4, ms. 159."
F4 Chp 6,radio,Kedah_Q11,A,B,C,D,D,Kedah/Picture11.png,"中文：双溪 siput 的三名欧洲园丘经理被杀引发紧急状态。
Bahasa Melayu: Pembunuhan tiga pengurus ladang Eropah di Sungai Siput mencetuskan darurat.
课本／Buku teks：Tingkatan 4, ms. 148."
F4 Chp 6,radio,Kl_Q11,A,B,C,D,B,KL/Picture11.png,"中文：马共通过报刊及渗透工会扩大影响。
Bahasa Melayu: PKM meluaskan pengaruh melalui akhbar dan kesatuan sekerja.
课本／Buku teks：Tingkatan 4, ms. 147."
F4 Chp 6,radio,NegeriSembilan_Q11,A,B,C,D,B,Negeri Sembilan/Picture11.png,"中文：会议号召共产党反抗帝国主义。
Bahasa Melayu: Persidangan menggesa komunis menentang kuasa imperialis.
课本／Buku teks：Tingkatan 4, ms. 148."
F4 Chp 6,radio,Pahang_Q11,A,B,C,D,B,Pahang/Picture11.png,"中文：袭击警察旨在制造混乱与恐惧。
Bahasa Melayu: Serangan terhadap polis bertujuan mencetuskan huru-hara.
课本／Buku teks：Tingkatan 4, ms. 150,151."
F4 Chp 6,radio,PenangSet1_Q11,A,B,C,D,A,Penang Set 1/Picture11.png,"中文：心理战重点是争取民心。
Bahasa Melayu: Perang Saraf bertujuan memenangi hati rakyat.
课本／Buku teks：Tingkatan 4, ms. 159."
F4 Chp 6,radio,Perak_Q11,A,B,C,D,D,Perak/Picture11.png,"中文：破坏经济及设施削弱政府威信。
Bahasa Melayu: Sabotaj ekonomi dan kemudahan melemahkan imej kerajaan.
课本／Buku teks：Tingkatan 4, ms. 149."
F4 Chp 6,radio,Perlis_Q11,A,B,C,D,C,Perlis/Picture11.png,"中文：共产党思想通过工会及国民党支部传播。
Bahasa Melayu: Ideologi komunis disebarkan melalui kesatuan sekerja dan cawangan Kuomintang.
课本／Buku teks：Tingkatan 4, ms. 146-147."
F4 Chp 6,radio,SarawakSet2_Q11,A,B,C,D,D,Sarawak Set 2/Picture11.png,"中文：马共破坏活动旨在瘫痪英国经济。
Bahasa Melayu: Keganasan PKM melumpuhkan ekonomi British.
课本／Buku teks：Tingkatan 4, ms. 149."
F4 Chp 6,radio,SelangorSet1_Q11,A,B,C,D,A,Selangor Set 1/Picture11.png,"中文：居民登记及身份证便于控制人员流动。
Bahasa Melayu: Pendaftaran penduduk membantu mengawal pergerakan masyarakat.
课本／Buku teks：Tingkatan 4, ms. 156."
F4 Chp 6,radio,SelangorSet2_Q11,A,B,C,D,B,Selangor Set 2/Picture11.png,"中文：马共合法活动并渗透工会扩大影响。
Bahasa Melayu: PKM bergerak sebagai parti sah dan menyusup kesatuan sekerja.
课本／Buku teks：Tingkatan 4, ms. 147."
F4 Chp 6,radio,Terengganu_Q11,A,B,C,D,B,Terengganu/Picture11.png,"中文：思想通过工会及报刊传播。
Bahasa Melayu: Ideologi komunis disebarkan melalui kesatuan sekerja dan akhbar.
课本／Buku teks：Tingkatan 4, ms. 147."
F4 Chp 6,radio,JohorPasirGudang_Q12,A,B,C,D,C,Johor Pasir Gudang/Picture12.png,"中文：新村以族群为基础安置居民，减少各族接触，影响族群关系。
Bahasa Melayu: Penempatan Kampung Baru berasaskan kaum mengurangkan interaksi antara kaum dan merenggangkan hubungan mereka.
课本／Buku teks：Tingkatan 4, ms. 163."
F4 Chp 6,radio,JohorTangkak_Q12,A,B,C,D,B,Johor Tangkak/Picture12.png,"中文：紧急时期按族群安置的新村减少族群接触，使关系疏远。
Bahasa Melayu: Penempatan berasaskan kaum semasa darurat mengurangkan interaksi dan merenggangkan hubungan antara kaum.
课本／Buku teks：Tingkatan 4, ms. 163."
F4 Chp 6,radio,Kedah_Q12,A,B,C,D,B,Kedah/Picture12.png,"中文：身份证便于区分居民和共产党成员。
Bahasa Melayu: Kad pengenalan membezakan orang awam daripada komunis.
课本／Buku teks：Tingkatan 4, ms. 156."
F4 Chp 6,radio,Kl_Q12,A,B,C,D,C,KL/Picture12.png,"中文：英国需要当地支持对抗共产党，因而加快独立进程。
Bahasa Melayu: Keperluan sokongan tempatan menentang komunis mempercepat kemerdekaan.
课本／Buku teks：Tingkatan 4, ms. 161."
F4 Chp 6,radio,NegeriSembilan_Q12,A,B,C,D,A,Negeri Sembilan/Picture12.png,"中文：放宽公民权条件以赢取人民支持。
Bahasa Melayu: Syarat kewarganegaraan dilonggarkan untuk memenangi sokongan rakyat.
课本／Buku teks：Tingkatan 4, ms. 159."
F4 Chp 6,radio,Pahang_Q12,A,B,C,D,B,Pahang/Picture12.png,"中文：Senoi Praaq 擅长追踪森林中的共产党藏身处。
Bahasa Melayu: Senoi Praaq menjejaki tempat persembunyian komunis di hutan.
课本／Buku teks：Tingkatan 4, ms. 154."
F4 Chp 6,radio,PenangSet1_Q12,A,B,C,D,B,Penang Set 1/Picture12.png,"中文：共同公民身份有助族群团结。
Bahasa Melayu: Kewarganegaraan bersama membantu mewujudkan perpaduan.
课本／Buku teks：Tingkatan 4, ms. 161."
F4 Chp 6,radio,Perak_Q12,A,B,C,D,A,Perak/Picture12.png,"中文：紧急法允许拘留嫌疑人及处死非法持枪者。
Bahasa Melayu: Undang-undang Darurat membenarkan penahanan suspek dan hukuman mati bagi pembawa senjata api.
课本／Buku teks：Tingkatan 4, ms. 152."
F4 Chp 6,radio,Perlis_Q12,A,B,C,D,B,Perlis/Picture12.png,"中文：谈判未能结束武装斗争：政府要求解散马共，马共要求承认为合法政党，双方无法达成协议。
Bahasa Melayu: Rundingan gagal menamatkan keganasan kerana kerajaan menuntut PKM dibubarkan, sedangkan PKM mahu pengiktirafan sebagai parti sah.
课本／Buku teks：Tingkatan 4, ms. 160."
F4 Chp 6,radio,SarawakSet2_Q12,A,B,C,D,A,Sarawak Set 2/Picture12.png,"中文：紧急状态增加开支并疏远族群关系。
Bahasa Melayu: Darurat meningkatkan perbelanjaan dan merenggangkan hubungan kaum.
课本／Buku teks：Tingkatan 4, ms. 162-163."
F4 Chp 6,radio,SelangorSet1_Q12,A,B,C,D,B,Selangor Set 1/Picture12.png,"中文：英国不承认马共为合法政党，双方未达协议。
Bahasa Melayu: Kerajaan enggan mengiktiraf PKM sebagai parti sah.
课本／Buku teks：Tingkatan 4, ms. 160."
F4 Chp 6,radio,SelangorSet2_Q12,A,B,C,D,C,Selangor Set 2/Picture12.png,"中文：英国禁止被视为传播激进思想的组织。
Bahasa Melayu: British mengharamkan pertubuhan yang dianggap menyebarkan fahaman radikal.
课本／Buku teks：Tingkatan 4, ms. 152."
F4 Chp 6,radio,Terengganu_Q12,A,B,C,D,D,Terengganu/Picture12.png,"中文：破坏园丘、矿场及威胁工人使经济瘫痪。
Bahasa Melayu: Sabotaj ladang dan lombong melumpuhkan ekonomi.
课本／Buku teks：Tingkatan 4, ms. 149."
F4 Chp 6,radio,Kelantan_Q13,A,B,C,D,B,Kelantan/Picture13.png,"中文：英国拘捕左翼领袖以控制激进运动。
Bahasa Melayu: British menangkap pemimpin kiri untuk mengawal gerakan radikal.
课本／Buku teks：Tingkatan 4, ms. 153."
F4 Chp 6,radio,SabahSet1_Q13,A,B,C,D,D,Sabah Set 1/Picture13.png,"中文：破坏园丘及铁路旨在瘫痪英国经济。
Bahasa Melayu: Sabotaj ladang dan kereta api melumpuhkan ekonomi British.
课本／Buku teks：Tingkatan 4, ms. 149."
F4 Chp 6,radio,SabahSet2_Q13,A,B,C,D,B,Sabah Set 2/Picture13.png,"中文：共产党思想早期通过国民党支部传播。
Bahasa Melayu: Ideologi komunis disebarkan melalui cawangan Kuomintang.
课本／Buku teks：Tingkatan 4, ms. 146."
F4 Chp 6,radio,Kelantan_Q14,A,B,C,D,A,Kelantan/Picture14.png,"中文：Sarawak Rangers 擅长追踪共产党藏身处。
Bahasa Melayu: Sarawak Rangers menjejaki tempat persembunyian komunis.
课本／Buku teks：Tingkatan 4, ms. 154."
F4 Chp 6,radio,Melaka_Q14,A,B,C,D,D,Melaka/Picture14.png,"中文：参加会议后，马共转向武装斗争。
Bahasa Melayu: Selepas persidangan, PKM melancarkan perjuangan bersenjata.
课本／Buku teks：Tingkatan 4, ms. 148."
F4 Chp 6,radio,SabahSet1_Q14,A,B,C,D,A,Sabah Set 1/Picture14.png,"中文：英国需要人民支持，紧急状态加快独立进程。
Bahasa Melayu: Keperluan sokongan rakyat semasa darurat mempercepat kemerdekaan.
课本／Buku teks：Tingkatan 4, ms. 161."
F4 Chp 6,radio,SabahSet2_Q14,A,B,C,D,C,Sabah Set 2/Picture14.png,"中文：Min Yuen 执行宣传并支援马共。
Bahasa Melayu: Min Yuen menjalankan propaganda dan menyokong PKM.
课本／Buku teks：Tingkatan 4, ms. 157."
F4 Chp 6,radio,Melaka_Q15,A,B,C,D,D,Melaka/Picture15.png,"中文：Senoi Praaq 运用森林知识追踪敌人藏身处。
Bahasa Melayu: Senoi Praaq menjejaki tempat persembunyian musuh di hutan.
课本／Buku teks：Tingkatan 4, ms. 154."
F4 Chp 7,radio,JohorPasirGudang_Q13,A,B,C,D,A,Johor Pasir Gudang/Picture13.png,"中文：英国让各族采用不同语言和课程，形成源流学校。
Bahasa Melayu: Dasar British mewujudkan sekolah vernakular dengan bahasa pengantar dan kurikulum berbeza mengikut kaum.
课本／Buku teks：Tingkatan 4, ms. 180."
F4 Chp 7,radio,JohorTangkak_Q13,A,B,C,D,D,Johor Tangkak/Picture13.png,"中文：1956年教育报告以共同教育制度培养国家认同和族群团结。
Bahasa Melayu: Penyata 1956 menjadi asas sistem pendidikan kebangsaan untuk memupuk perpaduan dan identiti negara.
课本／Buku teks：Tingkatan 4, ms. 183."
F4 Chp 7,radio,Kedah_Q13,A,B,C,D,A,Kedah/Picture13.png,"中文：族群合作为争取独立奠定基础。
Bahasa Melayu: Kerjasama kaum menjadi asas mencapai kemerdekaan.
课本／Buku teks：Tingkatan 4, ms. 174."
F4 Chp 7,radio,Kl_Q13,A,B,C,D,D,KL/Picture13.png,"中文：成员制训练本地领袖管理政府部门。
Bahasa Melayu: Sistem Ahli melatih pemimpin tempatan menerajui pentadbiran.
课本／Buku teks：Tingkatan 4, ms. 178."
F4 Chp 7,radio,NegeriSembilan_Q13,A,B,C,D,D,Negeri Sembilan/Picture13.png,"中文：E.E.C. Thuraisingham 负责教育事务。
Bahasa Melayu: E.E.C. Thuraisingham memegang portfolio Ahli Pelajaran.
课本／Buku teks：Tingkatan 4, ms. 178."
F4 Chp 7,radio,Pahang_Q13,A,B,C,D,C,Pahang/Picture13.png,"中文：成员制为本地自治培养行政经验。
Bahasa Melayu: Sistem Ahli menyediakan pengalaman pentadbiran menuju berkerajaan sendiri.
课本／Buku teks：Tingkatan 4, ms. 179."
F4 Chp 7,radio,PenangSet1_Q13,A,B,C,D,D,Penang Set 1/Picture13.png,"中文：API 的口号是「Merdeka dengan Darah」。
Bahasa Melayu: Slogan API ialah Merdeka dengan Darah.
课本／Buku teks：Tingkatan 4, ms. 172."
F4 Chp 7,radio,Perak_Q13,A,B,C,D,B,Perak/Picture13.png,"中文：两组织都争取 Melayu Raya 概念下的独立。
Bahasa Melayu: Kedua-duanya memperjuangkan kemerdekaan melalui konsep Melayu Raya.
课本／Buku teks：Tingkatan 4, ms. 172."
F4 Chp 7,radio,Perlis_Q13,A,B,C,D,A,Perlis/Picture13.png,"中文：两组织争取建立独立的伊斯兰国家。
Bahasa Melayu: Kedua-duanya memperjuangkan kemerdekaan sebagai negara Islam.
课本／Buku teks：Tingkatan 4, ms. 173."
F4 Chp 7,radio,SarawakSet2_Q13,A,B,C,D,C,Sarawak Set 2/Picture13.png,"中文：共同课程与教学语言培养公民意识。
Bahasa Melayu: Kurikulum dan bahasa pengantar sama memupuk nilai kewarganegaraan.
课本／Buku teks：Tingkatan 4, ms. 183."
F4 Chp 7,radio,SelangorSet1_Q13,A,B,C,D,B,Selangor Set 1/Picture13.png,"中文：共同课程与语言培养公民意识。
Bahasa Melayu: Sukatan dan bahasa pengantar sama memupuk nilai kewarganegaraan.
课本／Buku teks：Tingkatan 4, ms. 183."
F4 Chp 7,radio,SelangorSet2_Q13,A,B,C,D,C,Selangor Set 2/Picture13.png,"中文：Melayu Raya 主张同源民族联合。
Bahasa Melayu: Melayu Raya memperjuangkan penyatuan bangsa serumpun.
课本／Buku teks：Tingkatan 4, ms. 172."
F4 Chp 7,radio,Terengganu_Q13,A,B,C,D,D,Terengganu/Picture13.png,"中文：统一教育促进族群团结。
Bahasa Melayu: Pendidikan seragam memupuk perpaduan kaum.
课本／Buku teks：Tingkatan 4, ms. 177."
F4 Chp 7,radio,JohorPasirGudang_Q14,A,B,C,D,D,Johor Pasir Gudang/Picture14.png,"中文：1946年巫统成立的直接目标是反对Malayan Union。
Bahasa Melayu: UMNO ditubuhkan pada tahun 1946 untuk menyatukan orang Melayu menentang Malayan Union.
课本／Buku teks：Tingkatan 4, ms. 184."
F4 Chp 7,radio,JohorTangkak_Q14,A,B,C,D,C,Johor Tangkak/Picture14.png,"中文：巫统、马华和国大党的联盟，体现不同族群政治合作。
Bahasa Melayu: Gabungan UMNO, MCA dan MIC membuktikan kerjasama antara kaum melalui Parti Perikatan.
课本／Buku teks：Tingkatan 4, ms. 187."
F4 Chp 7,radio,Kedah_Q14,A,B,C,D,C,Kedah/Picture14.png,"中文：1956年 Razak 报告建议统一课程和教学纲要。
Bahasa Melayu: Penyata Razak 1956 mencadangkan kurikulum dan sukatan pelajaran seragam.
课本／Buku teks：Tingkatan 4, ms. 183."
F4 Chp 7,radio,Kl_Q14,A,B,C,D,C,KL/Picture14.png,"中文：不同族群学校使用不同课程，阻碍团结。
Bahasa Melayu: Kurikulum berbeza antara sekolah vernakular menghalang perpaduan.
课本／Buku teks：Tingkatan 4, ms. 180."
F4 Chp 7,radio,NegeriSembilan_Q14,A,B,C,D,A,Negeri Sembilan/Picture14.png,"中文：Razak 报告建议统一课程及马来语教学。
Bahasa Melayu: Penyata Razak mencadangkan kurikulum seragam dan bahasa Melayu sebagai pengantar.
课本／Buku teks：Tingkatan 4, ms. 183."
F4 Chp 7,radio,Pahang_Q14,A,B,C,D,D,Pahang/Picture14.png,"中文：UMNO 反对 Malayan Union。
Bahasa Melayu: UMNO memperjuangkan penentangan terhadap Malayan Union.
课本／Buku teks：Tingkatan 4, ms. 184."
F4 Chp 7,radio,PenangSet1_Q14,A,B,C,D,D,Penang Set 1/Picture14.png,"中文：Razak 报告强调统一课程及共同学校制度。
Bahasa Melayu: Penyata Razak menekankan kurikulum seragam dan sistem persekolahan sama.
课本／Buku teks：Tingkatan 4, ms. 183."
F4 Chp 7,radio,Perak_Q14,A,B,C,D,C,Perak/Picture14.png,"中文：CLC 研究族群关系并促进和谐；课本成立年份为1949，题干1948需留意。
Bahasa Melayu: CLC mengkaji hubungan kaum dan mewujudkan keharmonian. Buku teks menyatakan 1949, bukan 1948 seperti dalam soalan.
课本／Buku teks：Tingkatan 4, ms. 174."
F4 Chp 7,radio,Perlis_Q14,A,B,C,D,B,Perlis/Picture14.png,"中文：成员制训练本地人，为自治作准备。
Bahasa Melayu: Sistem Ahli melatih penduduk tempatan ke arah berkerajaan sendiri.
课本／Buku teks：Tingkatan 4, ms. 178."
F4 Chp 7,radio,SarawakSet2_Q14,A,B,C,D,B,Sarawak Set 2/Picture14.png,"中文：IMP 向各族开放，以团结为目标。
Bahasa Melayu: IMP mengutamakan perpaduan antara kaum.
课本／Buku teks：Tingkatan 4, ms. 184."
F4 Chp 7,radio,SelangorSet1_Q14,A,B,C,D,A,Selangor Set 1/Picture14.png,"中文：全国会议要求举行联邦层级选举。
Bahasa Melayu: Persidangan Kebangsaan menuntut pilihan raya peringkat Persekutuan.
课本／Buku teks：Tingkatan 4, ms. 186."
F4 Chp 7,radio,SelangorSet2_Q14,A,B,C,D,D,Selangor Set 2/Picture14.png,"中文：统一课程是国家教育制度基础。
Bahasa Melayu: Kurikulum seragam menjadi teras pendidikan kebangsaan.
课本／Buku teks：Tingkatan 4, ms. 183."
F4 Chp 7,radio,Terengganu_Q14,A,B,C,D,A,Terengganu/Picture14.png,"中文：Woodhead 建议英语教学及规范教育经费。
Bahasa Melayu: Laporan Woodhead mencadangkan bahasa Inggeris sebagai pengantar dan pembiayaan teratur.
课本／Buku teks：Tingkatan 4, ms. 182."
F4 Chp 7,radio,Kelantan_Q15,A,B,C,D,B,Kelantan/Picture15.png,"中文：成员负责提出所属部门的法律建议。
Bahasa Melayu: Ahli mencadangkan undang-undang berkaitan jabatan masing-masing.
课本／Buku teks：Tingkatan 4, ms. 178."
F4 Chp 7,radio,SabahSet1_Q15,A,B,C,D,C,Sabah Set 1/Picture15.png,"中文：成员来自各族，学习共同施政。
Bahasa Melayu: Keahlian pelbagai kaum menggalakkan kerjasama pentadbiran.
课本／Buku teks：Tingkatan 4, ms. 178."
F4 Chp 7,radio,SabahSet2_Q15,A,B,C,D,C,Sabah Set 2/Picture15.png,"中文：UMNO 最初重点反对 Malayan Union。
Bahasa Melayu: UMNO pada awalnya menentang pelaksanaan Malayan Union.
课本／Buku teks：Tingkatan 4, ms. 172."
F4 Chp 7,radio,SarawakSet2_Q15,A,B,C,D,A,Sarawak Set 2/Picture15.png,"中文：帆船标志象征共同面对独立斗争的挑战。
Bahasa Melayu: Logo kapal layar melambangkan kesediaan menghadapi cabaran kemerdekaan.
课本／Buku teks：Tingkatan 4, ms. 187."
F4 Chp 7,radio,Kelantan_Q16,A,B,C,D,A,Kelantan/Picture16.png,"中文：各源流学校分隔族群，令团结难以实现。
Bahasa Melayu: Sekolah vernakular memisahkan kaum dan menyukarkan perpaduan.
课本／Buku teks：Tingkatan 4, ms. 180."
F4 Chp 7,radio,Melaka_Q16,A,B,C,D,C,Melaka/Picture16.png,"中文：UMNO 成立的重要目标是反对 Malayan Union。
Bahasa Melayu: UMNO ditubuhkan untuk menentang Malayan Union.
课本／Buku teks：Tingkatan 4, ms. 172."
F4 Chp 7,radio,SabahSet1_Q16,A,B,C,D,C,Sabah Set 1/Picture16.png,"中文：IMP 向各族开放，以团结为目标。
Bahasa Melayu: IMP mengutamakan perpaduan antara kaum.
课本／Buku teks：Tingkatan 4, ms. 184."
F4 Chp 7,radio,SabahSet2_Q16,A,B,C,D,D,Sabah Set 2/Picture16.png,"中文：各源流课程不同，不利共同认同。
Bahasa Melayu: Kurikulum berbeza antara sekolah menyukarkan perpaduan.
课本／Buku teks：Tingkatan 4, ms. 180."
F4 Chp 7,radio,Melaka_Q17,A,B,C,D,A,Melaka/Picture17.png,"中文：各源流教育分隔族群，形成社会隔阂。
Bahasa Melayu: Pendidikan vernakular memisahkan kaum dan mewujudkan jurang sosial.
课本／Buku teks：Tingkatan 4, ms. 180."
F4 Chp 8,radio,JohorPasirGudang_Q15,A,B,C,D,D,Johor Pasir Gudang/Picture15.png,"中文：联盟赢得绝大多数议席，显示选民接受跨族群合作。
Bahasa Melayu: Kemenangan besar Perikatan menunjukkan rakyat menerima kerjasama antara kaum dalam politik.
课本／Buku teks：Tingkatan 4, ms. 197."
F4 Chp 8,radio,JohorTangkak_Q15,A,B,C,D,D,Johor Tangkak/Picture15.png,"中文：该条例提供法律依据，让地方政府选举能够举行。
Bahasa Melayu: Ordinan Pilihan Raya Pihak Berkuasa Tempatan membolehkan pilihan raya di peringkat tempatan diadakan.
课本／Buku teks：Tingkatan 4, ms. 196."
F4 Chp 8,radio,Kedah_Q15,A,B,C,D,A,Kedah/Picture15.png,"中文：答案纸选A（21岁、已登记），沿用课本旧条件；题干提2022年选举，当时已实行18岁投票及自动登记，日期与条件有出入。
Bahasa Melayu: Skema A menggunakan syarat lama: 21 tahun dan berdaftar. Namun PRU 2022 menggunakan Undi18 dan pendaftaran automatik; konteks tahun perlu disemak.
课本／Buku teks：Tingkatan 4, ms. 200."
F4 Chp 8,radio,Kl_Q15,A,B,C,D,D,KL/Picture15.png,"中文：联盟党赢得1955年联邦选举。
Bahasa Melayu: Parti Perikatan memenangi pilihan raya Persekutuan 1955.
课本／Buku teks：Tingkatan 4, ms. 202."
F4 Chp 8,radio,NegeriSembilan_Q15,A,B,C,D,C,Negeri Sembilan/Picture15.png,"中文：1955年候选人须是公民并具备语言知识。
Bahasa Melayu: Calon 1955 perlu warganegara serta mengetahui bahasa Inggeris dan Melayu.
课本／Buku teks：Tingkatan 4, ms. 200."
F4 Chp 8,radio,Pahang_Q15,A,B,C,D,A,Pahang/Picture15.png,"中文：联盟的族群合作赢得广泛支持。
Bahasa Melayu: Kerjasama antara kaum memberikan sokongan kepada Perikatan.
课本／Buku teks：Tingkatan 4, ms. 197."
F4 Chp 8,radio,PenangSet1_Q15,A,B,C,D,A,Penang Set 1/Picture15.png,"中文：族群合作使联盟赢得选举。
Bahasa Melayu: Kerjasama antara kaum membawa kemenangan Perikatan.
课本／Buku teks：Tingkatan 4, ms. 197."
F4 Chp 8,radio,Perak_Q15,A,B,C,D,C,Perak/Picture15.png,"中文：选举加强政治合作并加快独立。
Bahasa Melayu: Pilihan raya memperkukuh kerjasama politik dan mempercepat kemerdekaan.
课本／Buku teks：Tingkatan 4, ms. 198."
F4 Chp 8,radio,Perlis_Q15,A,B,C,D,D,Perlis/Picture15.png,"中文：选举让人民选择并建立稳固政府。
Bahasa Melayu: Pilihan raya membentuk kerajaan yang mantap melalui pilihan rakyat.
课本／Buku teks：Tingkatan 4, ms. 196."
F4 Chp 8,radio,SelangorSet1_Q15,A,B,C,D,B,Selangor Set 1/Picture15.png,"中文：选举加强人民合作并加快独立。
Bahasa Melayu: Pilihan raya memperkukuh kerjasama rakyat dan mempercepat kemerdekaan.
课本／Buku teks：Tingkatan 4, ms. 198."
F4 Chp 8,radio,SelangorSet2_Q15,A,B,C,D,A,Selangor Set 2/Picture15.png,"中文：跨族群合作促成胜选；总席位应为268，题干228有误。
Bahasa Melayu: Kerjasama pelbagai kaum membawa kemenangan. Jumlah kerusi sepatutnya 268, bukan 228 dalam soalan.
课本／Buku teks：Tingkatan 4, ms. 197."
F4 Chp 8,radio,Terengganu_Q15,A,B,C,D,A,Terengganu/Picture15.png,"中文：选举让人民组成政府。
Bahasa Melayu: Pilihan raya membolehkan rakyat membentuk kerajaan.
课本／Buku teks：Tingkatan 4, ms. 194."
F4 Chp 8,radio,JohorPasirGudang_Q16,A,B,C,D,B,Johor Pasir Gudang/Picture16.png,"中文：1955年选举推动民主行政，由东姑领导政府，符合I和IV。
Bahasa Melayu: Pilihan raya 1955 mengukuhkan amalan demokrasi dan membolehkan Tunku Abdul Rahman mengetuai kerajaan, iaitu I dan IV.
课本／Buku teks：Tingkatan 4, ms. 204."
F4 Chp 8,radio,JohorTangkak_Q16,A,B,C,D,C,Johor Tangkak/Picture16.png,"中文：更多民选议员参与立法，显示民主实践的发展。
Bahasa Melayu: Pertambahan ahli Majlis Perundangan Persekutuan menunjukkan perkembangan penyertaan rakyat dan kejayaan amalan demokrasi.
课本／Buku teks：Tingkatan 4, ms. 204."
F4 Chp 8,radio,Kedah_Q16,A,B,C,D,A,Kedah/Picture16.png,"中文：1955年首次联邦立法议会会议标志迈向自治。
Bahasa Melayu: Persidangan pertama MPP 1955 menandakan langkah ke arah berkerajaan sendiri.
课本／Buku teks：Tingkatan 4, ms. 204."
F4 Chp 8,radio,Kl_Q16,A,B,C,D,A,KL/Picture16.png,"中文：首届内阁推动本地人掌握行政。
Bahasa Melayu: Kabinet pertama memperjuangkan pentadbiran oleh penduduk tempatan.
课本／Buku teks：Tingkatan 4, ms. 206-207."
F4 Chp 8,radio,NegeriSembilan_Q16,A,B,C,D,C,Negeri Sembilan/Picture16.png,"中文：首届内阁讨论国内安全问题。
Bahasa Melayu: Kabinet pertama membincangkan isu keselamatan dalam negeri.
课本／Buku teks：Tingkatan 4, ms. 206."
F4 Chp 8,radio,Pahang_Q16,A,B,C,D,C,Pahang/Picture16.png,"中文：1955年选举推动民主及首届内阁成立。
Bahasa Melayu: Pilihan raya mengembangkan demokrasi dan membentuk kabinet pertama.
课本／Buku teks：Tingkatan 4, ms. 204,206."
F4 Chp 8,radio,PenangSet1_Q16,A,B,C,D,D,Penang Set 1/Picture16.png,"中文：逐步减少欧洲官员，实现公共服务本地化。
Bahasa Melayu: Pegawai Eropah dikurangkan berperingkat untuk melokalkan perkhidmatan awam.
课本／Buku teks：Tingkatan 4, ms. 207."
F4 Chp 8,radio,Perak_Q16,A,B,C,D,D,Perak/Picture16.png,"中文：内阁推动本地人主导行政。
Bahasa Melayu: Kabinet memperjuangkan pentadbiran tempatan.
课本／Buku teks：Tingkatan 4, ms. 206."
F4 Chp 8,radio,Perlis_Q16,A,B,C,D,B,Perlis/Picture16.png,"中文：首届内阁推动本地行政；课本用词是 pentadbiran tempatan，而非仅限某族群。
Bahasa Melayu: Kabinet memperjuangkan pentadbiran tempatan. Istilah buku teks ialah tempatan, bukan pentadbiran satu kaum sahaja.
课本／Buku teks：Tingkatan 4, ms. 206."
F4 Chp 8,radio,SarawakSet2_Q16,A,B,C,D,B,Sarawak Set 2/Picture16.png,"中文：选举产生拥有人民支持的稳固政府。
Bahasa Melayu: Pilihan raya membentuk kerajaan mantap dengan sokongan rakyat.
课本／Buku teks：Tingkatan 4, ms. 197."
F4 Chp 8,radio,SelangorSet1_Q16,A,B,C,D,A,Selangor Set 1/Picture16.png,"中文：多族群内阁共同施政，落实权力分享。
Bahasa Melayu: Kabinet pelbagai kaum menjayakan perkongsian kuasa dalam pentadbiran.
课本／Buku teks：Tingkatan 4, ms. 206."
F4 Chp 8,radio,SelangorSet2_Q16,A,B,C,D,B,Selangor Set 2/Picture16.png,"中文：选举后本地领袖参与联邦行政。
Bahasa Melayu: Pemimpin tempatan berperanan dalam pentadbiran selepas pilihan raya.
课本／Buku teks：Tingkatan 4, ms. 204."
F4 Chp 8,radio,Terengganu_Q16,A,B,C,D,C,Terengganu/Picture16.png,"中文：1955年民选议会取代成员制。
Bahasa Melayu: MPP 1955 membawa pemansuhan Sistem Ahli.
课本／Buku teks：Tingkatan 4, ms. 204."
F4 Chp 8,radio,Kelantan_Q17,A,B,C,D,D,Kelantan/Picture17.png,"中文：选举让人民选出稳固、受支持的政府。
Bahasa Melayu: Pilihan raya membentuk kerajaan mantap dengan sokongan rakyat.
课本／Buku teks：Tingkatan 4, ms. 196."
F4 Chp 8,radio,SabahSet1_Q17,A,B,C,D,A,Sabah Set 1/Picture17.png,"中文：首届内阁争取本地人管理行政。
Bahasa Melayu: Kabinet pertama memperjuangkan pentadbiran tempatan.
课本／Buku teks：Tingkatan 4, ms. 206."
F4 Chp 8,radio,SabahSet2_Q17,A,B,C,D,C,Sabah Set 2/Picture17.png,"中文：投票让人民选择代表并组成政府。
Bahasa Melayu: Pengundian membolehkan rakyat membentuk kerajaan.
课本／Buku teks：Tingkatan 4, ms. 196."
F4 Chp 8,radio,SarawakSet2_Q17,A,B,C,D,C,Sarawak Set 2/Picture17.png,"中文：联盟的跨族群政治合作赢得多数选票。
Bahasa Melayu: Kerjasama politik antara kaum membawa kemenangan Perikatan.
课本／Buku teks：Tingkatan 4, ms. 202."
F4 Chp 8,radio,Melaka_Q18,A,B,C,D,B,Melaka/Picture18.png,"中文：1955年候选人须满21岁并懂英语。
Bahasa Melayu: Calon 1955 perlu berumur sekurang-kurangnya 21 tahun dan mengetahui bahasa Inggeris.
课本／Buku teks：Tingkatan 4, ms. 200."
F4 Chp 8,radio,SarawakSet2_Q18,A,B,C,D,C,Sarawak Set 2/Picture18.png,"中文：本地内阁让行政运作更顺畅。
Bahasa Melayu: Kabinet tempatan memastikan pentadbiran lebih lancar.
课本／Buku teks：Tingkatan 4, ms. 206."
F4 Chp 9,radio,JohorPasirGudang_Q17,A,B,C,D,C,Johor Pasir Gudang/Picture17.png,"中文：委员会须制定统一公民权，作为独立国家宪法的基础。
Bahasa Melayu: Terma rujukan suruhanjaya termasuk menyediakan satu bentuk kewarganegaraan bagi Persekutuan Tanah Melayu.
课本／Buku teks：Tingkatan 4, ms. 220."
F4 Chp 9,radio,JohorTangkak_Q17,A,B,C,D,D,Johor Tangkak/Picture17.png,"中文：委员会须建立强大的中央政府，并保护马来统治者地位。
Bahasa Melayu: Terma rujukan termasuk mewujudkan kerajaan pusat yang kuat dan melindungi kedudukan Raja-raja Melayu.
课本／Buku teks：Tingkatan 4, ms. 220."
F4 Chp 9,radio,Kedah_Q17,A,B,C,D,B,Kedah/Picture17.png,"中文：伦敦谈判同意设立独立宪法委员会。
Bahasa Melayu: Rundingan London bersetuju menubuhkan suruhanjaya perlembagaan.
课本／Buku teks：Tingkatan 4, ms. 221."
F4 Chp 9,radio,Kl_Q17,A,B,C,D,C,KL/Picture17.png,"中文：委员会受命设立统一的公民身份。
Bahasa Melayu: Suruhanjaya ditugaskan menyediakan satu bentuk kewarganegaraan.
课本／Buku teks：Tingkatan 4, ms. 220."
F4 Chp 9,radio,NegeriSembilan_Q17,A,B,C,D,B,Negeri Sembilan/Picture17.png,"中文：各方合作体现归属感与团结精神。
Bahasa Melayu: Kerjasama semua pihak menunjukkan semangat kekitaan.
课本／Buku teks：Tingkatan 4, ms. 219."
F4 Chp 9,radio,Pahang_Q17,A,B,C,D,D,Pahang/Picture17.png,"中文：独立代表团由 Tunku Abdul Rahman 领导。
Bahasa Melayu: Rombongan kemerdekaan diketuai Tunku Abdul Rahman.
课本／Buku teks：Tingkatan 4, ms. 216,217."
F4 Chp 9,radio,PenangSet1_Q17,A,B,C,D,B,Penang Set 1/Picture17.png,"中文：伦敦会谈为独立铺路。
Bahasa Melayu: Rundingan London merintis jalan ke arah kemerdekaan.
课本／Buku teks：Tingkatan 4, ms. 216."
F4 Chp 9,radio,Perak_Q17,A,B,C,D,A,Perak/Picture17.png,"中文：委员会须建立统一公民身份。
Bahasa Melayu: Suruhanjaya menyediakan satu bentuk kewarganegaraan.
课本／Buku teks：Tingkatan 4, ms. 223."
F4 Chp 9,radio,Perlis_Q17,A,B,C,D,D,Perlis/Picture17.png,"中文：统治者建议元首作为国家首长。
Bahasa Melayu: Raja-raja mencadangkan Yang di-Pertuan Agong sebagai ketua negara.
课本／Buku teks：Tingkatan 4, ms. 222."
F4 Chp 9,radio,SelangorSet1_Q17,A,B,C,D,D,Selangor Set 1/Picture17.png,"中文：海上航程让 Tunku 与统治者代表商议策略。
Bahasa Melayu: Perjalanan laut membolehkan Tunku berbincang dengan wakil Raja-raja Melayu.
课本／Buku teks：Tingkatan 4, ms. 217."
F4 Chp 9,radio,SelangorSet2_Q17,A,B,C,D,C,Selangor Set 2/Picture17.png,"中文：Reid 委员会拟定独立宪法。
Bahasa Melayu: Suruhanjaya Reid merangka perlembagaan negara merdeka.
课本／Buku teks：Tingkatan 4, ms. 220."
F4 Chp 9,radio,Terengganu_Q17,A,B,C,D,B,Terengganu/Picture17.png,"中文：船程让代表团商议并拟定谈判策略。
Bahasa Melayu: Perjalanan laut menyediakan masa berbincang dan menyusun strategi.
课本／Buku teks：Tingkatan 4, ms. 217."
F4 Chp 9,radio,JohorPasirGudang_Q18,A,B,C,D,C,Johor Pasir Gudang/Picture18.png,"中文：接受备忘录、考虑反应及进行讨论，体现制定宪法时的开放态度。
Bahasa Melayu: Penerimaan memorandum dan perbincangan pelbagai pihak menunjukkan keterbukaan dalam penggubalan perlembagaan.
课本／Buku teks：Tingkatan 4, ms. 223."
F4 Chp 9,radio,JohorTangkak_Q18,A,B,C,D,B,Johor Tangkak/Picture18.png,"中文：伊斯兰党批评公民权条件，尤其认为给予非马来人公民权过于宽松。
Bahasa Melayu: PAS mengkritik soal kewarganegaraan dalam draf perlembagaan, khususnya syarat yang dianggap terlalu longgar.
课本／Buku teks：Tingkatan 4, ms. 223."
F4 Chp 9,radio,Kedah_Q18,A,B,C,D,C,Kedah/Picture18.png,"中文：加强族群团结能巩固争取独立的力量。
Bahasa Melayu: Perpaduan kaum mengukuhkan perjuangan mencapai kemerdekaan.
课本／Buku teks：Tingkatan 4, ms. 222."
F4 Chp 9,radio,Kelantan_Q18,A,B,C,D,C,Kelantan/Picture18.png,"中文：委员会征求人民建议并研究宪制，即II与III。
Bahasa Melayu: Suruhanjaya meminta cadangan penduduk dan meneliti perlembagaan, iaitu II dan III.
课本／Buku teks：Tingkatan 4, ms. 221."
F4 Chp 9,radio,Kl_Q18,A,B,C,D,B,KL/Picture18.png,"中文：华人商会主张以出生取得公民权。
Bahasa Melayu: Dewan Perniagaan Cina mencadangkan kewarganegaraan melalui kelahiran.
课本／Buku teks：Tingkatan 4, ms. 222."
F4 Chp 9,radio,NegeriSembilan_Q18,A,B,C,D,D,Negeri Sembilan/Picture18.png,"中文：统治者建议设立国家元首职位。
Bahasa Melayu: Raja-raja mencadangkan jawatan Yang di-Pertuan Agong.
课本／Buku teks：Tingkatan 4, ms. 222."
F4 Chp 9,radio,Pahang_Q18,A,B,C,D,A,Pahang/Picture18.png,"中文：特殊地位基于马来人作为原有居民。
Bahasa Melayu: Kedudukan istimewa berasaskan orang Melayu sebagai penduduk asal.
课本／Buku teks：Tingkatan 4, ms. 225."
F4 Chp 9,radio,PenangSet1_Q18,A,B,C,D,B,Penang Set 1/Picture18.png,"中文：Tunku 到马六甲宣布独立日期。
Bahasa Melayu: Tunku mengumumkan tarikh kemerdekaan di Melaka.
课本／Buku teks：Tingkatan 4, ms. 219."
F4 Chp 9,radio,Perak_Q18,A,B,C,D,C,Perak/Picture18.png,"中文：协议保留马来人特殊地位，伊斯兰为联邦宗教。
Bahasa Melayu: Perjanjian mengekalkan kedudukan istimewa Melayu dan Islam sebagai agama Persekutuan.
课本／Buku teks：Tingkatan 4, ms. 225."
F4 Chp 9,radio,Perlis_Q18,A,B,C,D,A,Perlis/Picture18.png,"中文：协议规定伊斯兰为联邦宗教及马来人特殊地位。
Bahasa Melayu: Perjanjian menetapkan Islam sebagai agama Persekutuan dan kedudukan istimewa Melayu.
课本／Buku teks：Tingkatan 4, ms. 224."
F4 Chp 9,radio,SabahSet1_Q18,A,B,C,D,C,Sabah Set 1/Picture18.png,"中文：宪法委员会考虑州自治与联邦关系。
Bahasa Melayu: Suruhanjaya mempertimbangkan autonomi negeri dalam sistem Persekutuan.
课本／Buku teks：Tingkatan 4, ms. 220."
F4 Chp 9,radio,SabahSet2_Q18,A,B,C,D,B,Sabah Set 2/Picture18.png,"中文：航程提供时间商议谈判策略。
Bahasa Melayu: Perjalanan kapal memberi masa menyusun strategi perundingan.
课本／Buku teks：Tingkatan 4, ms. 217."
F4 Chp 9,radio,SelangorSet1_Q18,A,B,C,D,C,Selangor Set 1/Picture18.png,"中文：委员会须设计统一公民身份。
Bahasa Melayu: Suruhanjaya menyediakan satu bentuk kewarganegaraan.
课本／Buku teks：Tingkatan 4, ms. 220."
F4 Chp 9,radio,SelangorSet2_Q18,A,B,C,D,D,Selangor Set 2/Picture18.png,"中文：协议确立君主立宪及联邦公民身份。
Bahasa Melayu: Perjanjian menetapkan Raja Berperlembagaan dan kewarganegaraan Persekutuan.
课本／Buku teks：Tingkatan 4, ms. 224."
F4 Chp 9,radio,Terengganu_Q18,A,B,C,D,C,Terengganu/Picture18.png,"中文：1957年协议保留马来人特殊地位。
Bahasa Melayu: Perjanjian 1957 mengekalkan kedudukan istimewa Melayu.
课本／Buku teks：Tingkatan 4, ms. 225."
F4 Chp 9,radio,Kelantan_Q19,A,B,C,D,C,Kelantan/Picture19.png,"中文：这些组织就公民身份条件提出不同建议。
Bahasa Melayu: Pertubuhan tersebut mengemukakan pandangan berbeza tentang kewarganegaraan.
课本／Buku teks：Tingkatan 4, ms. 222."
F4 Chp 9,radio,Melaka_Q19,A,B,C,D,B,Melaka/Picture19.png,"中文：伦敦谈判同意签订防务协议。
Bahasa Melayu: Rundingan London bersetuju memeterai perjanjian pertahanan.
课本／Buku teks：Tingkatan 4, ms. 218."
F4 Chp 9,radio,SabahSet1_Q19,A,B,C,D,A,Sabah Set 1/Picture19.png,"中文：协议规定联邦宗教及马来人特殊地位。
Bahasa Melayu: Perjanjian menetapkan Islam sebagai agama Persekutuan dan kedudukan istimewa Melayu.
课本／Buku teks：Tingkatan 4, ms. 225."
F4 Chp 9,radio,SabahSet2_Q19,A,B,C,D,C,Sabah Set 2/Picture19.png,"中文：统治者建议设立国家元首。
Bahasa Melayu: Raja-raja mencadangkan Yang di-Pertuan Agong sebagai ketua negara.
课本／Buku teks：Tingkatan 4, ms. 222."
F4 Chp 9,radio,SarawakSet2_Q19,A,B,C,D,B,Sarawak Set 2/Picture19.png,"中文：伦敦会谈同意成立宪法委员会。
Bahasa Melayu: Rundingan London bersetuju membentuk suruhanjaya perlembagaan.
课本／Buku teks：Tingkatan 4, ms. 218."
F5 Chp 1,radio,JohorPasirGudang_Q21,A,B,C,D,A,Johor Pasir Gudang/Picture21.png,"中文：共同语言、文化和身份描述的是一个国家的人民。
Bahasa Melayu: Rakyat disatukan melalui bahasa, kebudayaan, Rukun Negara dan identiti yang sama.
课本／Buku teks：Tingkatan 5, ms. 9."
F5 Chp 1,radio,JohorTangkak_Q21,A,B,C,D,B,Johor Tangkak/Picture21.png,"中文：我国有系统的统治采用君主立宪和议会民主制度。
Bahasa Melayu: Pemerintahan Malaysia dijalankan secara teratur melalui Raja Berperlembagaan dan Demokrasi Berparlimen.
课本／Buku teks：Tingkatan 5, ms. 8."
F5 Chp 1,radio,Kedah_Q21,A,B,C,D,A,Kedah/Picture21.png,"中文：王权强化君主权威及人民忠诚。
Bahasa Melayu: Daulat mengukuhkan kuasa raja dan kesetiaan rakyat.
课本／Buku teks：Tingkatan 5, ms. 4."
F5 Chp 1,radio,Kelantan_Q21,A,B,C,D,C,Kelantan/Picture21.png,"中文：主权指国家最高权力。
Bahasa Melayu: Kedaulatan bermaksud kekuasaan tertinggi negara.
课本／Buku teks：Tingkatan 5, ms. 4."
F5 Chp 1,radio,Kl_Q21,A,B,C,D,D,KL/Picture21.png,"中文：Sovereignty 指完整的统治权。
Bahasa Melayu: Sovereignty bermaksud kuasa penuh pemerintahan.
课本／Buku teks：Tingkatan 5, ms. 4."
F5 Chp 1,radio,Melaka_Q21,A,B,C,D,B,Melaka/Picture21.png,"中文：主权保障人民福祉并获得国际承认。
Bahasa Melayu: Kedaulatan menjamin kesejahteraan rakyat dan pengiktirafan antarabangsa.
课本／Buku teks：Tingkatan 5, ms. 5."
F5 Chp 1,radio,NegeriSembilan_Q21,A,B,C,D,A,Negeri Sembilan/Picture21.png,"中文：王权巩固统治者地位与人民忠诚。
Bahasa Melayu: Daulat memperkukuh kedudukan raja dan kesetiaan rakyat.
课本／Buku teks：Tingkatan 5, ms. 6."
F5 Chp 1,radio,Pahang_Q21,A,B,C,D,C,Pahang/Picture21.png,"中文：主权意味着自主治理，不受外来指使。
Bahasa Melayu: Kedaulatan memberikan hak mengurus negeri tanpa telunjuk asing.
课本／Buku teks：Tingkatan 5, ms. 5."
F5 Chp 1,radio,PenangSet1_Q21,A,B,C,D,A,Penang Set 1/Picture21.png,"中文：法律维护公正并保护人民。
Bahasa Melayu: Perundangan menjamin keadilan dan melindungi rakyat.
课本／Buku teks：Tingkatan 5, ms. 9."
F5 Chp 1,radio,Perak_Q21,A,B,C,D,A,Perak/Picture21.png,"中文：传统主权强调君主拥有最高权力。
Bahasa Melayu: Kedaulatan tradisional merujuk kuasa tertinggi raja.
课本／Buku teks：Tingkatan 5, ms. 6."
F5 Chp 1,radio,Perlis_Q21,A,B,C,D,C,Perlis/Picture21.png,"中文：传统主权指君主拥有最高国家权力。
Bahasa Melayu: Kedaulatan tradisional merujuk kuasa tertinggi raja.
课本／Buku teks：Tingkatan 5, ms. 6."
F5 Chp 1,radio,SabahSet1_Q21,A,B,C,D,A,Sabah Set 1/Picture21.png,"中文：主权国家能自行统治。
Bahasa Melayu: Negara berdaulat memiliki pemerintahan sendiri.
课本／Buku teks：Tingkatan 5, ms. 4."
F5 Chp 1,radio,SabahSet2_Q21,A,B,C,D,B,Sabah Set 2/Picture21.png,"中文：法律制度是主权国家的特征。
Bahasa Melayu: Perundangan ialah ciri negara berdaulat.
课本／Buku teks：Tingkatan 5, ms. 9."
F5 Chp 1,radio,SarawakSet2_Q21,A,B,C,D,D,Sarawak Set 2/Picture21.png,"中文：独立及成立马来西亚体现国家主权。
Bahasa Melayu: Kemerdekaan dan pembentukan Malaysia menunjukkan kedaulatan negara.
课本／Buku teks：Tingkatan 5, ms. 4."
F5 Chp 1,radio,SelangorSet1_Q21,A,B,C,D,B,Selangor Set 1/Picture21.png,"中文：这些词表示最高权力。
Bahasa Melayu: Supernuus dan superanus merujuk kuasa tertinggi.
课本／Buku teks：Tingkatan 5, ms. 4."
F5 Chp 1,radio,SelangorSet2_Q21,A,B,C,D,A,Selangor Set 2/Picture21.png,"中文：王权巩固君主地位并维系人民忠诚。
Bahasa Melayu: Daulat mengikat taat setia rakyat dan memperkukuh kedudukan raja.
课本／Buku teks：Tingkatan 5, ms. 6."
F5 Chp 1,radio,Terengganu_Q21,A,B,C,D,A,Terengganu/Picture21.png,"中文：现代主权强调人民权利与宪政。
Bahasa Melayu: Kedaulatan moden merujuk hak rakyat dan kerajaan berperlembagaan.
课本／Buku teks：Tingkatan 5, ms. 6."
F5 Chp 1,radio,JohorPasirGudang_Q22,A,B,C,D,B,Johor Pasir Gudang/Picture22.png,"中文：尊重国旗能培养对国家的热爱和爱国精神。
Bahasa Melayu: Menghormati Jalur Gemilang memupuk rasa cinta akan negara dan semangat patriotisme.
课本／Buku teks：Tingkatan 5, ms. 14."
F5 Chp 1,radio,JohorTangkak_Q22,A,B,C,D,D,Johor Tangkak/Picture22.png,"中文：廉洁行政能避免资源浪费和政治动荡，促进经济繁荣及政治稳定。
Bahasa Melayu: Pentadbiran tanpa rasuah menjana kemakmuran ekonomi dan menjamin kestabilan politik, iaitu III dan IV.
课本／Buku teks：Tingkatan 5, ms. 12."
F5 Chp 1,radio,Kedah_Q22,A,B,C,D,C,Kedah/Picture22.png,"中文：参与保卫国家的志愿活动体现公民责任。
Bahasa Melayu: Menyertai sukarelawan pertahanan menunjukkan tanggungjawab warganegara.
课本／Buku teks：Tingkatan 5, ms. 15."
F5 Chp 1,radio,Kelantan_Q22,A,B,C,D,B,Kelantan/Picture22.png,"中文：经济繁荣政策旨在提高生活水平。
Bahasa Melayu: Dasar kemakmuran ekonomi meningkatkan taraf hidup rakyat.
课本／Buku teks：Tingkatan 5, ms. 11."
F5 Chp 1,radio,Kl_Q22,A,B,C,D,C,KL/Picture22.png,"中文：英雄纪念活动培养爱国精神。
Bahasa Melayu: Hari Pahlawan memupuk patriotisme generasi kini.
课本／Buku teks：Tingkatan 5, ms. 14."
F5 Chp 1,radio,Melaka_Q22,A,B,C,D,C,Melaka/Picture22.png,"中文：人民与边界构成国家独特身份。
Bahasa Melayu: Rakyat dan sempadan memberikan identiti tersendiri kepada negara.
课本／Buku teks：Tingkatan 5, ms. 9."
F5 Chp 1,radio,NegeriSembilan_Q22,A,B,C,D,C,Negeri Sembilan/Picture22.png,"中文：联邦宪法是国家法律体系的基础。
Bahasa Melayu: Perlembagaan Persekutuan menjadi asas sistem perundangan negara.
课本／Buku teks：Tingkatan 5, ms. 9."
F5 Chp 1,radio,Pahang_Q22,A,B,C,D,A,Pahang/Picture22.png,"中文：主权也保障社会福祉。
Bahasa Melayu: Kedaulatan turut menjamin kesejahteraan sosial.
课本／Buku teks：Tingkatan 5, ms. 10,11."
F5 Chp 1,radio,PenangSet1_Q22,A,B,C,D,D,Penang Set 1/Picture22.png,"中文：使用国语并尊重其他宗教促进团结。
Bahasa Melayu: Bahasa kebangsaan dan penghormatan agama lain memupuk perpaduan.
课本／Buku teks：Tingkatan 5, ms. 13."
F5 Chp 1,radio,Perak_Q22,A,B,C,D,B,Perak/Picture22.png,"中文：法律制度是主权国家的特征。
Bahasa Melayu: Perundangan ialah ciri negara berdaulat.
课本／Buku teks：Tingkatan 5, ms. 8."
F5 Chp 1,radio,Perlis_Q22,A,B,C,D,D,Perlis/Picture22.png,"中文：边界是主权国家的基本特征。
Bahasa Melayu: Sempadan ialah ciri negara berdaulat.
课本／Buku teks：Tingkatan 5, ms. 8-9."
F5 Chp 1,radio,SabahSet2_Q22,A,B,C,D,C,Sabah Set 2/Picture22.png,"中文：主权给予政府自主决策的自由。
Bahasa Melayu: Kedaulatan memberikan kebebasan kerajaan membuat keputusan.
课本／Buku teks：Tingkatan 5, ms. 10."
F5 Chp 1,radio,SarawakSet2_Q22,A,B,C,D,D,Sarawak Set 2/Picture22.png,"中文：传统主权自早期文明已有。
Bahasa Melayu: Kedaulatan tradisional wujud sejak tamadun awal.
课本／Buku teks：Tingkatan 5, ms. 6."
F5 Chp 1,radio,SelangorSet1_Q22,A,B,C,D,A,Selangor Set 1/Picture22.png,"中文：人民是主权国家必备特征。
Bahasa Melayu: Rakyat ialah ciri negara berdaulat.
课本／Buku teks：Tingkatan 5, ms. 8."
F5 Chp 1,radio,SelangorSet2_Q22,A,B,C,D,D,Selangor Set 2/Picture22.png,"中文：公平分配财富巩固经济及国家稳定。
Bahasa Melayu: Pengagihan kekayaan secara adil menjamin kestabilan dan kedaulatan.
课本／Buku teks：Tingkatan 5, ms. 12."
F5 Chp 1,radio,Terengganu_Q22,A,B,C,D,D,Terengganu/Picture22.png,"中文：政府是主权国家特征之一。
Bahasa Melayu: Pemerintahan ialah ciri negara berdaulat.
课本／Buku teks：Tingkatan 5, ms. 8,9."
F5 Chp 10,radio,Kedah_Q38,A,B,C,D,A,Kedah/Picture38.png,"中文：AFTA 加强经济合作并降低关税。
Bahasa Melayu: AFTA meningkatkan kerjasama ekonomi dan mengurangkan tarif.
课本／Buku teks：Tingkatan 5, ms. 230."
F5 Chp 10,radio,JohorPasirGudang_Q39,A,B,C,D,C,Johor Pasir Gudang/Picture39.png,"中文：政府固定令吉汇率以稳定货币，并协助经济复苏。
Bahasa Melayu: Penambatan kadar ringgit membantu menstabilkan mata wang dan memulihkan ekonomi semasa krisis 1997–1998.
课本／Buku teks：Tingkatan 5, ms. 232."
F5 Chp 10,radio,JohorTangkak_Q39,A,B,C,D,B,Johor Tangkak/Picture39.png,"中文：SIJORI共享各地区的资源和优势，减少对外国的依赖。
Bahasa Melayu: Kerjasama SIJORI memanfaatkan kelebihan wilayah bagi memperoleh keuntungan bersama dan mengurangkan kebergantungan asing.
课本／Buku teks：Tingkatan 5, ms. 231."
F5 Chp 10,radio,Kedah_Q39,A,B,C,D,B,Kedah/Picture39.png,"中文：马来西亚谴责对巴勒斯坦的压迫，并不承认以色列。
Bahasa Melayu: Malaysia mengecam penindasan Palestin dan tidak mengiktiraf Israel.
课本／Buku teks：Tingkatan 5, ms. 234."
F5 Chp 10,radio,Kl_Q39,A,B,C,D,B,KL/Picture39.png,"中文：AFTA 通过贸易自由化加强经济合作。
Bahasa Melayu: AFTA meningkatkan kerjasama ekonomi melalui perdagangan bebas.
课本／Buku teks：Tingkatan 5, ms. 230."
F5 Chp 10,radio,Melaka_Q39,A,B,C,D,A,Melaka/Picture39.png,"中文：战略地理位置使马来西亚成为人口贩运中转地。
Bahasa Melayu: Kedudukan strategik menjadikan Malaysia lokasi transit pemerdagangan orang.
课本／Buku teks：Tingkatan 5, ms. 229."
F5 Chp 10,radio,NegeriSembilan_Q39,A,B,C,D,C,Negeri Sembilan/Picture39.png,"中文：AFTA 降低关税及商品税。
Bahasa Melayu: AFTA mengurangkan tarif dan cukai barangan.
课本／Buku teks：Tingkatan 5, ms. 230."
F5 Chp 10,radio,Pahang_Q39,A,B,C,D,A,Pahang/Picture39.png,"中文：增长三角加强区域生产合作，减少发达国商品垄断。
Bahasa Melayu: Segi tiga pertumbuhan mengurangkan monopoli barangan negara maju.
课本／Buku teks：Tingkatan 5, ms. 231."
F5 Chp 10,radio,PenangSet1_Q39,A,B,C,D,D,Penang Set 1/Picture39.png,"中文：战略位置使马来西亚成为中转点。
Bahasa Melayu: Kedudukan strategik menjadikan Malaysia lokasi transit.
课本／Buku teks：Tingkatan 5, ms. 229."
F5 Chp 10,radio,Perak_Q39,A,B,C,D,B,Perak/Picture39.png,"中文：兰卡威奖表扬环保贡献。
Bahasa Melayu: Anugerah Langkawi menghargai sumbangan alam sekitar.
课本／Buku teks：Tingkatan 5, ms. 238."
F5 Chp 10,radio,Perlis_Q39,A,B,C,D,B,Perlis/Picture39.png,"中文：该船队执行支持巴勒斯坦的人道援助任务。
Bahasa Melayu: Flotila menjalankan misi kemanusiaan untuk Palestin.
课本／Buku teks：Tingkatan 5, ms. 235."
F5 Chp 10,radio,SabahSet1_Q39,A,B,C,D,C,Sabah Set 1/Picture39.png,"中文：反棕油运动以环境污染作为指责理由。
Bahasa Melayu: Kempen antiminyak sawit menggunakan alasan pencemaran alam sekitar.
课本／Buku teks：Tingkatan 5, ms. 228."
F5 Chp 10,radio,SarawakSet2_Q39,A,B,C,D,D,Sarawak Set 2/Picture39.png,"中文：南沙群岛具战略位置及贸易价值。
Bahasa Melayu: Kepulauan Spratly mempunyai kedudukan strategik dan kepentingan perdagangan.
课本／Buku teks：Tingkatan 5, ms. 227."
F5 Chp 10,radio,SelangorSet1_Q39,A,B,C,D,C,Selangor Set 1/Picture39.png,"中文：兰卡威奖表扬环保贡献。
Bahasa Melayu: Anugerah Langkawi menghargai sumbangan dalam alam sekitar.
课本／Buku teks：Tingkatan 5, ms. 238."
F5 Chp 10,radio,SelangorSet2_Q39,A,B,C,D,D,Selangor Set 2/Picture39.png,"中文：边界争议及毒品滥用属于当代全球议题。
Bahasa Melayu: Pertindihan sempadan dan penyalahgunaan dadah ialah isu global kontemporari.
课本／Buku teks：Tingkatan 5, ms. 226-227."
F5 Chp 10,radio,Terengganu_Q39,A,B,C,D,B,Terengganu/Picture39.png,"中文：本题考国家公共卫生措施，答案为持续健康检查及监测。
Bahasa Melayu: Soalan menguji langkah kesihatan awam negara, iaitu pemeriksaan kesihatan berterusan.
课本／Buku teks：Tingkatan 5, ms. 229."
F5 Chp 10,radio,JohorPasirGudang_Q40,A,B,C,D,A,Johor Pasir Gudang/Picture40.png,"中文：浮罗交怡宣言关注环境保护，包括温室效应等全球环境问题。
Bahasa Melayu: Deklarasi Langkawi menekankan perlindungan alam sekitar, termasuk menangani kesan rumah hijau.
课本／Buku teks：Tingkatan 5, ms. 238."
F5 Chp 10,radio,JohorTangkak_Q40,A,B,C,D,D,Johor Tangkak/Picture40.png,"中文：浮罗交怡奖表扬对环境保护作出贡献的人士。
Bahasa Melayu: Anugerah Langkawi diberikan kepada individu yang menyumbang kepada perlindungan dan kelestarian alam sekitar.
课本／Buku teks：Tingkatan 5, ms. 238."
F5 Chp 10,radio,Kedah_Q40,A,B,C,D,A,Kedah/Picture40.png,"中文：兰卡威宣言强调保护环境。
Bahasa Melayu: Deklarasi Langkawi menekankan pemeliharaan alam sekitar.
课本／Buku teks：Tingkatan 5, ms. 238."
F5 Chp 10,radio,Kl_Q40,A,B,C,D,C,KL/Picture40.png,"中文：兰卡威奖表扬保护环境的贡献。
Bahasa Melayu: Anugerah Langkawi menghargai sumbangan dalam pemeliharaan alam sekitar.
课本／Buku teks：Tingkatan 5, ms. 238."
F5 Chp 10,radio,Melaka_Q40,A,B,C,D,D,Melaka/Picture40.png,"中文：兰卡威奖鼓励保护环境及可持续发展。
Bahasa Melayu: Anugerah Langkawi menggalakkan kelestarian alam sekitar.
课本／Buku teks：Tingkatan 5, ms. 238."
F5 Chp 10,radio,NegeriSembilan_Q40,A,B,C,D,A,Negeri Sembilan/Picture40.png,"中文：马来西亚主张南极属于全人类的共同遗产。
Bahasa Melayu: Malaysia mencadangkan Antartika dijadikan warisan sejagat.
课本／Buku teks：Tingkatan 5, ms. 240."
F5 Chp 10,radio,Pahang_Q40,A,B,C,D,B,Pahang/Picture40.png,"中文：峇厘会议推动新能源与减少温室气体排放。
Bahasa Melayu: Persidangan Bali menggalakkan tenaga baharu dan pengurangan gas rumah hijau.
课本／Buku teks：Tingkatan 5, ms. 239."
F5 Chp 10,radio,PenangSet1_Q40,A,B,C,D,A,Penang Set 1/Picture40.png,"中文：人民提供人道援助及设捐款基金。
Bahasa Melayu: Rakyat menyalurkan bantuan kemanusiaan dan mewujudkan tabung sumbangan.
课本／Buku teks：Tingkatan 5, ms. 235."
F5 Chp 10,radio,Perak_Q40,A,B,C,D,D,Perak/Picture40.png,"中文：D应理解为禁止与核武有关的演习，不是禁止所有海上训练。
Bahasa Melayu: D perlu difahami sebagai menghalang latihan berkaitan senjata nuklear, bukan semua latihan di perairan negara.
课本／Buku teks：Tingkatan 5, ms. 244."
F5 Chp 10,radio,Perlis_Q40,A,B,C,D,C,Perlis/Picture40.png,"中文：东盟食品安全储备应对粮食供应危机。
Bahasa Melayu: Rizab Sekuriti Makanan ASEAN menangani krisis bekalan makanan.
课本／Buku teks：Tingkatan 5, ms. 242-243."
F5 Chp 10,radio,SabahSet1_Q40,A,B,C,D,B,Sabah Set 1/Picture40.png,"中文：AFTA 降低关税并推动经济增长。
Bahasa Melayu: AFTA mengurangkan tarif dan meningkatkan pertumbuhan ekonomi.
课本／Buku teks：Tingkatan 5, ms. 230."
F5 Chp 10,radio,SabahSet2_Q40,A,B,C,D,D,Sabah Set 2/Picture40.png,"中文：边界重叠及人口贩运是跨国议题。
Bahasa Melayu: Pertindihan sempadan dan pemerdagangan orang ialah isu global.
课本／Buku teks：Tingkatan 5, ms. 226-229."
F5 Chp 10,radio,SarawakSet2_Q40,A,B,C,D,C,Sarawak Set 2/Picture40.png,"中文：少数国家垄断探索，不符合南极共同遗产理念。
Bahasa Melayu: Penerokaan oleh segelintir negara bertentangan dengan konsep warisan sejagat.
课本／Buku teks：Tingkatan 5, ms. 240."
F5 Chp 10,radio,SelangorSet1_Q40,A,B,C,D,B,Selangor Set 1/Picture40.png,"中文：限制否决权滥用以维护国际法律平等。
Bahasa Melayu: Pendirian tersebut mengelakkan penyalahgunaan kuasa veto dan menjamin keadilan antarabangsa.
课本／Buku teks：Tingkatan 5, ms. 244."
F5 Chp 10,radio,SelangorSet2_Q40,A,B,C,D,C,Selangor Set 2/Picture40.png,"中文：共同管理南极使成果由各国共同享有。
Bahasa Melayu: Pentadbiran bersama memastikan hasil Antartika dinikmati seluruh dunia.
课本／Buku teks：Tingkatan 5, ms. 240."
F5 Chp 10,radio,Terengganu_Q40,A,B,C,D,B,Terengganu/Picture40.png,"中文：AFTA 加强东盟经济合作。
Bahasa Melayu: AFTA meningkatkan kerjasama ekonomi ASEAN.
课本／Buku teks：Tingkatan 5, ms. 230."
F5 Chp 2,radio,SabahSet1_Q22,A,B,C,D,B,Sabah Set 1/Picture22.png,"中文：联邦理事会制定马来联邦法律。
Bahasa Melayu: Majlis Persekutuan menggubal undang-undang NNMB.
课本／Buku teks：Tingkatan 5, ms. 26."
F5 Chp 2,radio,JohorPasirGudang_Q23,A,B,C,D,A,Johor Pasir Gudang/Picture23.png,"中文：伊斯兰教的地位属于宪法传统元素，延续马来州的历史传统。
Bahasa Melayu: Agama Islam ialah ciri tradisional Perlembagaan Persekutuan yang diwarisi daripada negeri-negeri Melayu.
课本／Buku teks：Tingkatan 5, ms. 29."
F5 Chp 2,radio,JohorTangkak_Q23,A,B,C,D,D,Johor Tangkak/Picture23.png,"中文：马来人的特殊地位属于宪法延续下来的传统元素。
Bahasa Melayu: Kedudukan istimewa orang Melayu ialah ciri tradisional yang dikekalkan dalam Perlembagaan Persekutuan.
课本／Buku teks：Tingkatan 5, ms. 29."
F5 Chp 2,radio,Kedah_Q23,A,B,C,D,B,Kedah/Picture23.png,"中文：宪法兼具传统与现代特征。
Bahasa Melayu: Perlembagaan menggabungkan ciri tradisional dan moden.
课本／Buku teks：Tingkatan 5, ms. 28-31."
F5 Chp 2,radio,Kl_Q23,A,B,C,D,D,KL/Picture23.png,"中文：司法宪章旨在保护居民免受压迫。
Bahasa Melayu: Charter of Justice bertujuan mengelakkan penindasan penduduk.
课本／Buku teks：Tingkatan 5, ms. 24."
F5 Chp 2,radio,Melaka_Q23,A,B,C,D,C,Melaka/Picture23.png,"中文：司法宪章促使法院设立。
Bahasa Melayu: Charter of Justice membawa kepada penubuhan mahkamah.
课本／Buku teks：Tingkatan 5, ms. 24."
F5 Chp 2,radio,NegeriSembilan_Q23,A,B,C,D,C,Negeri Sembilan/Picture23.png,"中文：西方到来前，当地实行君主统治。
Bahasa Melayu: Sebelum kedatangan Barat, negara mengamalkan pemerintahan beraja.
课本／Buku teks：Tingkatan 5, ms. 22."
F5 Chp 2,radio,Pahang_Q23,A,B,C,D,B,Pahang/Picture23.png,"中文：法律制度的发展为制定宪法奠定基础。
Bahasa Melayu: Perkembangan undang-undang menjadi asas penggubalan perlembagaan.
课本／Buku teks：Tingkatan 5, ms. 25-27."
F5 Chp 2,radio,PenangSet1_Q23,A,B,C,D,C,Penang Set 1/Picture23.png,"中文：司法宪章保护居民免受不公待遇。
Bahasa Melayu: Charter of Justice melindungi penduduk daripada ketidakadilan.
课本／Buku teks：Tingkatan 5, ms. 24."
F5 Chp 2,radio,Perak_Q23,A,B,C,D,C,Perak/Picture23.png,"中文：司法宪章保护居民。
Bahasa Melayu: Charter of Justice bertujuan melindungi penduduk.
课本／Buku teks：Tingkatan 5, ms. 24."
F5 Chp 2,radio,Perlis_Q23,A,B,C,D,B,Perlis/Picture23.png,"中文：司法宪章旨在避免居民遭压迫。
Bahasa Melayu: Charter of Justice mengelakkan penindasan penduduk.
课本／Buku teks：Tingkatan 5, ms. 24."
F5 Chp 2,radio,SabahSet1_Q23,A,B,C,D,A,Sabah Set 1/Picture23.png,"中文：1963年修宪加入新成员州所需条款。
Bahasa Melayu: Pindaan 1963 memasukkan klausa baharu bagi pembentukan Malaysia.
课本／Buku teks：Tingkatan 5, ms. 30."
F5 Chp 2,radio,SabahSet2_Q23,A,B,C,D,C,Sabah Set 2/Picture23.png,"中文：司法宪章旨在防止压迫居民。
Bahasa Melayu: Charter of Justice menghalang penindasan penduduk.
课本／Buku teks：Tingkatan 5, ms. 24."
F5 Chp 2,radio,SarawakSet2_Q23,A,B,C,D,A,Sarawak Set 2/Picture23.png,"中文：1957年宪法确立君主立宪及议会民主。
Bahasa Melayu: Perlembagaan 1957 memperkenalkan Raja Berperlembagaan dan Demokrasi Berparlimen.
课本／Buku teks：Tingkatan 5, ms. 29."
F5 Chp 2,radio,SelangorSet1_Q23,A,B,C,D,C,Selangor Set 1/Picture23.png,"中文：司法宪章旨在保护居民免受不公压迫。
Bahasa Melayu: Charter of Justice melindungi penduduk daripada penindasan.
课本／Buku teks：Tingkatan 5, ms. 24."
F5 Chp 2,radio,SelangorSet2_Q23,A,B,C,D,A,Selangor Set 2/Picture23.png,"中文：司法宪章保护当地居民。
Bahasa Melayu: Charter of Justice melindungi penduduk daripada penindasan.
课本／Buku teks：Tingkatan 5, ms. 24."
F5 Chp 2,radio,Terengganu_Q23,A,B,C,D,C,Terengganu/Picture23.png,"中文：公民身份是宪法的现代特征。
Bahasa Melayu: Kewarganegaraan ialah ciri moden perlembagaan.
课本／Buku teks：Tingkatan 5, ms. 28,29."
F5 Chp 2,radio,JohorPasirGudang_Q24,A,B,C,D,A,Johor Pasir Gudang/Picture24.png,"中文：1963年成立马来西亚，需要修改宪法以适应加入新成员的需求。
Bahasa Melayu: Pembentukan Malaysia pada tahun 1963 memerlukan pindaan perlembagaan untuk memenuhi keperluan semasa.
课本／Buku teks：Tingkatan 5, ms. 30."
F5 Chp 2,radio,JohorTangkak_Q24,A,B,C,D,C,Johor Tangkak/Picture24.png,"中文：1965年的修宪配合新加坡退出，删除与新加坡有关的条文。
Bahasa Melayu: Pindaan 1965 memansuhkan perkara berkaitan Singapura selepas pemisahannya daripada Malaysia.
课本／Buku teks：Tingkatan 5, ms. 31."
F5 Chp 2,radio,Kedah_Q24,A,B,C,D,A,Kedah/Picture24.png,"中文：修宪适应当前需要并保障人民福祉。
Bahasa Melayu: Pindaan memenuhi keperluan semasa dan menjaga kesejahteraan rakyat.
课本／Buku teks：Tingkatan 5, ms. 30."
F5 Chp 2,radio,Kelantan_Q24,A,B,C,D,B,Kelantan/Picture24.png,"中文：宪法基础来自马来州法律及英国法律。
Bahasa Melayu: Perlembagaan berasaskan undang-undang Negeri Melayu dan Inggeris.
课本／Buku teks：Tingkatan 5, ms. 22."
F5 Chp 2,radio,Kl_Q24,A,B,C,D,D,KL/Picture24.png,"中文：霹雳州议会负责制定法律。
Bahasa Melayu: Majlis Negeri Perak berperanan menggubal undang-undang.
课本／Buku teks：Tingkatan 5, ms. 25."
F5 Chp 2,radio,Melaka_Q24,A,B,C,D,B,Melaka/Picture24.png,"中文：公民身份是联邦宪法的现代特征。
Bahasa Melayu: Kewarganegaraan ialah ciri moden Perlembagaan Persekutuan.
课本／Buku teks：Tingkatan 5, ms. 28."
F5 Chp 2,radio,NegeriSembilan_Q24,A,B,C,D,A,Negeri Sembilan/Picture24.png,"中文：州元首由国家元首委任。
Bahasa Melayu: Yang di-Pertua Negeri dilantik oleh Yang di-Pertuan Agong.
课本／Buku teks：Tingkatan 5, ms. 31."
F5 Chp 2,radio,Pahang_Q24,A,B,C,D,D,Pahang/Picture24.png,"中文：1963年修宪设婆罗洲高等法院及州元首。
Bahasa Melayu: Pindaan 1963 mewujudkan Mahkamah Tinggi Borneo dan Yang di-Pertua Negeri.
课本／Buku teks：Tingkatan 5, ms. 30-31."
F5 Chp 2,radio,PenangSet1_Q24,A,B,C,D,B,Penang Set 1/Picture24.png,"中文：1965年修宪配合新加坡分离。
Bahasa Melayu: Pindaan 1965 dibuat berikutan pemisahan Singapura.
课本／Buku teks：Tingkatan 5, ms. 31."
F5 Chp 2,radio,Perak_Q24,A,B,C,D,A,Perak/Picture24.png,"中文：成立马来西亚后须加入适应新成员的条款。
Bahasa Melayu: Pembentukan Malaysia memerlukan klausa baharu dalam perlembagaan.
课本／Buku teks：Tingkatan 5, ms. 30."
F5 Chp 2,radio,Perlis_Q24,A,B,C,D,A,Perlis/Picture24.png,"中文：1965年修宪因新加坡分离。
Bahasa Melayu: Pindaan 1965 dibuat berikutan pemisahan Singapura.
课本／Buku teks：Tingkatan 5, ms. 30."
F5 Chp 2,radio,SabahSet2_Q24,A,B,C,D,A,Sabah Set 2/Picture24.png,"中文：无君主州的伊斯兰宗教首长是元首。
Bahasa Melayu: Yang di-Pertuan Agong mengetuai agama Islam di negeri tidak beraja.
课本／Buku teks：Tingkatan 5, ms. 29."
F5 Chp 2,radio,SarawakSet2_Q24,A,B,C,D,B,Sarawak Set 2/Picture24.png,"中文：记者会宣布新加坡脱离马来西亚。
Bahasa Melayu: Sidang akhbar mengumumkan pemisahan Singapura daripada Malaysia.
课本／Buku teks：Tingkatan 5, ms. 31."
F5 Chp 2,radio,SelangorSet1_Q24,A,B,C,D,B,Selangor Set 1/Picture24.png,"中文：1965年修宪配合新加坡分离。
Bahasa Melayu: Pindaan 1965 dibuat selepas pemisahan Singapura.
课本／Buku teks：Tingkatan 5, ms. 31."
F5 Chp 2,radio,SelangorSet2_Q24,A,B,C,D,B,Selangor Set 2/Picture24.png,"中文：1965年修宪因新加坡分离。
Bahasa Melayu: Pindaan 1965 dibuat berikutan pemisahan Singapura.
课本／Buku teks：Tingkatan 5, ms. 31."
F5 Chp 2,radio,Terengganu_Q24,A,B,C,D,D,Terengganu/Picture24.png,"中文：修宪把新加坡移出马来西亚联邦。
Bahasa Melayu: Pindaan membolehkan Singapura berpisah daripada Malaysia.
课本／Buku teks：Tingkatan 5, ms. 31."
F5 Chp 2,radio,Kelantan_Q26,A,B,C,D,C,Kelantan/Picture26.png,"中文：伊斯兰与马来语是宪法传统特征。
Bahasa Melayu: Islam dan bahasa Melayu ialah ciri tradisional perlembagaan.
课本／Buku teks：Tingkatan 5, ms. 28-29."
F5 Chp 2,radio,Kelantan_Q27,A,B,C,D,A,Kelantan/Picture27.png,"中文：1963年修宪配合马来西亚成立。
Bahasa Melayu: Pindaan 1963 dibuat untuk pembentukan Malaysia.
课本／Buku teks：Tingkatan 5, ms. 30."
F5 Chp 3,radio,SabahSet1_Q24,A,B,C,D,D,Sabah Set 1/Picture24.png,"中文：按课本分类，解散国会及宣布紧急状态列于立法权。
Bahasa Melayu: Menurut pengelasan buku teks, pembubaran Parlimen dan pengisytiharan darurat ialah kuasa perundangan.
课本／Buku teks：Tingkatan 5, ms. 49."
F5 Chp 3,radio,JohorPasirGudang_Q25,A,B,C,D,B,Johor Pasir Gudang/Picture25.png,"中文：掌玺大臣保管王室印玺，用于认证及盖印统治者会议的决定。
Bahasa Melayu: Penyimpan Mohor Besar Raja-Raja menyimpan mohor untuk memeterai keputusan persidangan Majlis Raja-Raja.
课本／Buku teks：Tingkatan 5, ms. 43."
F5 Chp 3,radio,JohorTangkak_Q25,A,B,C,D,D,Johor Tangkak/Picture25.png,"中文：改变州界须取得统治者会议同意，体现其宪法职责。
Bahasa Melayu: Majlis Raja-Raja memperkenankan perubahan sempadan negeri menurut Perlembagaan Persekutuan.
课本／Buku teks：Tingkatan 5, ms. 44."
F5 Chp 3,radio,Kedah_Q25,A,B,C,D,A,Kedah/Picture25.png,"中文：课本将解散国会和宣布紧急状态列在元首的立法权，因此选 A。
Bahasa Melayu: Buku teks mengelaskan pembubaran Parlimen dan pengisytiharan darurat di bawah kuasa perundangan Yang di-Pertuan Agong. Jawapan ialah A.
课本／Buku teks：Tingkatan 5, ms. 49."
F5 Chp 3,radio,Kelantan_Q25,A,B,C,D,A,Kelantan/Picture25.png,"中文：Westminster 模式源自英国。
Bahasa Melayu: Model Westminster berasal dari Britain.
课本／Buku teks：Tingkatan 5, ms. 42."
F5 Chp 3,radio,Kl_Q25,A,B,C,D,B,KL/Picture25.png,"中文：Durbar 是统治者讨论行政事务的平台。
Bahasa Melayu: Durbar membincangkan hal ehwal pentadbiran negeri.
课本／Buku teks：Tingkatan 5, ms. 42."
F5 Chp 3,radio,Melaka_Q25,A,B,C,D,D,Melaka/Picture25.png,"中文：统治者会议须同意州边界变更。
Bahasa Melayu: Majlis Raja-Raja memperkenankan perubahan sempadan negeri.
课本／Buku teks：Tingkatan 5, ms. 44."
F5 Chp 3,radio,NegeriSembilan_Q25,A,B,C,D,B,Negeri Sembilan/Picture25.png,"中文：Johor-Riau 继承马六甲王国传统。
Bahasa Melayu: Johor-Riau mewarisi legasi Kesultanan Melayu Melaka.
课本／Buku teks：Tingkatan 5, ms. 38."
F5 Chp 3,radio,Pahang_Q25,A,B,C,D,C,Pahang/Picture25.png,"中文：统治者会议对重要职位的委任提供意见。
Bahasa Melayu: Majlis Raja-Raja memberi nasihat bagi pelantikan jawatan penting.
课本／Buku teks：Tingkatan 5, ms. 45."
F5 Chp 3,radio,PenangSet1_Q25,A,B,C,D,D,Penang Set 1/Picture25.png,"中文：制衡机制确保施政顺畅。
Bahasa Melayu: Mekanisme semak dan imbang melancarkan pentadbiran.
课本／Buku teks：Tingkatan 5, ms. 56."
F5 Chp 3,radio,Perak_Q25,A,B,C,D,B,Perak/Picture25.png,"中文：委任外交官属于元首行政权限。
Bahasa Melayu: Pelantikan diplomat termasuk kuasa eksekutif Yang di-Pertuan Agong.
课本／Buku teks：Tingkatan 5, ms. 48."
F5 Chp 3,radio,Perlis_Q25,A,B,C,D,A,Perlis/Picture25.png,"中文：人民通过选举组成政府。
Bahasa Melayu: Rakyat membentuk kerajaan melalui pilihan raya.
课本／Buku teks：Tingkatan 5, ms. 41-50."
F5 Chp 3,radio,SabahSet1_Q25,A,B,C,D,B,Sabah Set 1/Picture25.png,"中文：君主政治中立有助制衡并解决分歧。
Bahasa Melayu: Raja berkecuali dalam politik membantu mekanisme semak dan imbang.
课本／Buku teks：Tingkatan 5, ms. 56."
F5 Chp 3,radio,SabahSet2_Q25,A,B,C,D,D,Sabah Set 2/Picture25.png,"中文：统治者会议选出元首，并同意特定事项的修宪。III 和 IV 正确，因此选 D；制定法律属于国会职能。
Bahasa Melayu: Majlis Raja-Raja memilih Yang di-Pertuan Agong dan memperkenankan pindaan perlembagaan bagi perkara tertentu. III dan IV betul, maka jawapannya D; penggubalan undang-undang ialah tugas Parlimen.
课本／Buku teks：Tingkatan 5, ms. 44."
F5 Chp 3,radio,SarawakSet2_Q25,A,B,C,D,C,Sarawak Set 2/Picture25.png,"中文：苏丹兼任伊斯兰宗教首长体现伊斯兰理念。
Bahasa Melayu: Sultan sebagai ketua agama Islam menunjukkan konsep Islam.
课本／Buku teks：Tingkatan 5, ms. 38."
F5 Chp 3,radio,SelangorSet1_Q25,A,B,C,D,D,Selangor Set 1/Picture25.png,"中文：重要职位须征询统治者会议意见。
Bahasa Melayu: Pelantikan penting dirundingkan dengan Majlis Raja-Raja.
课本／Buku teks：Tingkatan 5, ms. 45."
F5 Chp 3,radio,SelangorSet2_Q25,A,B,C,D,D,Selangor Set 2/Picture25.png,"中文：统治者会议选举元首并同意特定修宪。
Bahasa Melayu: Majlis Raja-Raja memilih Agong dan memperkenankan pindaan perlembagaan tertentu.
课本／Buku teks：Tingkatan 5, ms. 44-45."
F5 Chp 3,radio,Terengganu_Q25,A,B,C,D,B,Terengganu/Picture25.png,"中文：统治者会议同意涉及特定事项的修宪。
Bahasa Melayu: Majlis Raja-Raja memperkenankan pindaan perlembagaan bagi perkara tertentu.
课本／Buku teks：Tingkatan 5, ms. 45."
F5 Chp 3,radio,JohorPasirGudang_Q26,A,B,C,D,B,Johor Pasir Gudang/Picture26.png,"中文：君主能以超越党派的地位缓和族群争执，发挥制衡作用。
Bahasa Melayu: Raja sebagai pihak berkecuali membantu meredakan perselisihan kaum dan melaksanakan mekanisme semak dan imbang.
课本／Buku teks：Tingkatan 5, ms. 56."
F5 Chp 3,radio,JohorTangkak_Q26,A,B,C,D,A,Johor Tangkak/Picture26.png,"中文：传统与现代结合、酌情权和制衡等，都是我国议会民主的独特之处。
Bahasa Melayu: Gabungan unsur tradisional dan moden, kuasa budi bicara serta semak dan imbang menunjukkan keunikan Demokrasi Berparlimen.
课本／Buku teks：Tingkatan 5, ms. 57."
F5 Chp 3,radio,Kl_Q26,A,B,C,D,A,KL/Picture26.png,"中文：司法机关解释及执行司法法律。
Bahasa Melayu: Badan kehakiman mentafsir undang-undang dan mengadili kes.
课本／Buku teks：Tingkatan 5, ms. 55."
F5 Chp 3,radio,Melaka_Q26,A,B,C,D,D,Melaka/Picture26.png,"中文：行政机关执行国家政策。
Bahasa Melayu: Badan eksekutif melaksanakan dasar negara.
课本／Buku teks：Tingkatan 5, ms. 54."
F5 Chp 3,radio,NegeriSembilan_Q26,A,B,C,D,D,Negeri Sembilan/Picture26.png,"中文：X 是司法机关，负责解释法律。
Bahasa Melayu: X ialah badan kehakiman yang mentafsir undang-undang.
课本／Buku teks：Tingkatan 5, ms. 55."
F5 Chp 3,radio,Pahang_Q26,A,B,C,D,D,Pahang/Picture26.png,"中文：权力分立防止权力集中，确保公平施政。
Bahasa Melayu: Pengasingan kuasa mengelakkan pemusatan kuasa dan menjamin pemerintahan adil.
课本／Buku teks：Tingkatan 5, ms. 55."
F5 Chp 3,radio,PenangSet1_Q26,A,B,C,D,C,Penang Set 1/Picture26.png,"中文：君主可酌情拒绝解散州议会。
Bahasa Melayu: Raja mempunyai budi bicara tidak memperkenankan pembubaran DUN.
课本／Buku teks：Tingkatan 5, ms. 57."
F5 Chp 3,radio,Perak_Q26,A,B,C,D,B,Perak/Picture26.png,"中文：议会民主让人民参与国家治理。
Bahasa Melayu: Demokrasi Berparlimen melibatkan rakyat dalam pemerintahan.
课本／Buku teks：Tingkatan 5, ms. 50."
F5 Chp 3,radio,Perlis_Q26,A,B,C,D,C,Perlis/Picture26.png,"中文：国会由元首、下议院及上议院组成。
Bahasa Melayu: Parlimen terdiri daripada Yang di-Pertuan Agong, Dewan Rakyat dan Dewan Negara.
课本／Buku teks：Tingkatan 5, ms. 53."
F5 Chp 3,radio,SabahSet2_Q26,A,B,C,D,D,Sabah Set 2/Picture26.png,"中文：民主赋予人民选择国家领袖的权利。
Bahasa Melayu: Demokrasi memberi rakyat hak memilih pemimpin negara.
课本／Buku teks：Tingkatan 5, ms. 50."
F5 Chp 3,radio,SarawakSet2_Q26,A,B,C,D,B,Sarawak Set 2/Picture26.png,"中文：统治者会议依宪法在特定事务行使酌情权，发挥制衡作用。
Bahasa Melayu: Majlis Raja-Raja menggunakan budi bicara bagi fungsi tertentu menurut perlembagaan untuk mengimbangi demokrasi.
课本／Buku teks：Tingkatan 5, ms. 44."
F5 Chp 3,radio,SelangorSet1_Q26,A,B,C,D,A,Selangor Set 1/Picture26.png,"中文：不接受集体责任与政策的部长应辞职。
Bahasa Melayu: Menteri yang tidak menerima tanggungjawab kolektif perlu meletakkan jawatan.
课本／Buku teks：Tingkatan 5, ms. 54."
F5 Chp 3,radio,SelangorSet2_Q26,A,B,C,D,C,Selangor Set 2/Picture26.png,"中文：委任武装部队司令属于元首行政权。
Bahasa Melayu: Agong melantik Panglima Angkatan Tentera melalui kuasa eksekutif.
课本／Buku teks：Tingkatan 5, ms. 48."
F5 Chp 3,radio,Terengganu_Q26,A,B,C,D,C,Terengganu/Picture26.png,"中文：课本把召开国会与宣布紧急状态列于元首立法权。
Bahasa Melayu: Buku teks meletakkan persidangan Parlimen dan pengisytiharan darurat di bawah kuasa perundangan Agong.
课本／Buku teks：Tingkatan 5, ms. 49."
F5 Chp 3,radio,Kelantan_Q28,A,B,C,D,D,Kelantan/Picture28.png,"中文：君主为国家最高统治者，其权力受宪法规范。
Bahasa Melayu: Raja merupakan pemerintah tertinggi yang tertakluk pada perlembagaan.
课本／Buku teks：Tingkatan 5, ms. 41."
F5 Chp 3,radio,Kelantan_Q29,A,B,C,D,D,Kelantan/Picture29.png,"中文：王室印玺象征马来统治者的权力与主权。
Bahasa Melayu: Mohor Besar Raja-Raja melambangkan kekuasaan dan kedaulatan Raja-raja Melayu.
课本／Buku teks：Tingkatan 5, ms. 44."
F5 Chp 3,radio,Kelantan_Q30,A,B,C,D,D,Kelantan/Picture30.png,"中文：政治中立的君主有助化解政党及族群争端。
Bahasa Melayu: Raja berkecuali membantu meredakan pertikaian parti dan perselisihan kaum.
课本／Buku teks：Tingkatan 5, ms. 56."
F5 Chp 4,radio,Kedah_Q26,A,B,C,D,B,Kedah/Picture26.png,"中文：选举委员会准备选民册并宣布胜出的政党。
Bahasa Melayu: SPR menyediakan daftar pemilih dan mengumumkan parti yang menang.
课本／Buku teks：Tingkatan 5, ms. 80."
F5 Chp 4,radio,SabahSet1_Q26,A,B,C,D,B,Sabah Set 1/Picture26.png,"中文：公共福利与野生动物保护属于共同权限。
Bahasa Melayu: Kebajikan awam dan perlindungan hidupan liar termasuk Senarai Bersama.
课本／Buku teks：Tingkatan 5, ms. 70."
F5 Chp 4,radio,JohorPasirGudang_Q27,A,B,C,D,D,Johor Pasir Gudang/Picture27.png,"中文：联邦制度把几个州结合，并由中央与州政府共享行政权力。
Bahasa Melayu: Persekutuan ialah penyatuan beberapa negeri dengan pembahagian kuasa antara Kerajaan Persekutuan dan Kerajaan Negeri.
课本／Buku teks：Tingkatan 5, ms. 66."
F5 Chp 4,radio,JohorTangkak_Q27,A,B,C,D,C,Johor Tangkak/Picture27.png,"中文：森美兰邦联把原有独立的成员州结合，保留各州的统治特点。
Bahasa Melayu: Konfederasi Negeri Sembilan menggabungkan negeri-negeri berdaulat di bawah satu susunan pentadbiran.
课本／Buku teks：Tingkatan 5, ms. 66."
F5 Chp 4,radio,Kedah_Q27,A,B,C,D,C,Kedah/Picture27.png,"中文：农业及森林事务属于州政府权限。
Bahasa Melayu: Pertanian dan perhutanan termasuk dalam Senarai Negeri.
课本／Buku teks：Tingkatan 5, ms. 71."
F5 Chp 4,radio,Kl_Q27,A,B,C,D,A,KL/Picture27.png,"中文：联邦与州合作发展人民住宅及区域走廊。
Bahasa Melayu: Kerjasama meliputi perumahan rakyat dan pembangunan koridor wilayah.
课本／Buku teks：Tingkatan 5, ms. 72-73."
F5 Chp 4,radio,Melaka_Q27,A,B,C,D,A,Melaka/Picture27.png,"中文：英国调整行政体制以维护殖民利益。
Bahasa Melayu: British mengubah pentadbiran untuk menjamin kepentingannya.
课本／Buku teks：Tingkatan 5, ms. 66-67."
F5 Chp 4,radio,NegeriSembilan_Q27,A,B,C,D,C,Negeri Sembilan/Picture27.png,"中文：公民身份属于联邦权限。
Bahasa Melayu: Kewarganegaraan termasuk dalam Senarai Persekutuan.
课本／Buku teks：Tingkatan 5, ms. 69."
F5 Chp 4,radio,Pahang_Q27,A,B,C,D,A,Pahang/Picture27.png,"中文：外交与国防属于联邦权限。
Bahasa Melayu: Hal ehwal luar dan pertahanan termasuk Senarai Persekutuan.
课本／Buku teks：Tingkatan 5, ms. 69."
F5 Chp 4,radio,PenangSet1_Q27,A,B,C,D,B,Penang Set 1/Picture27.png,"中文：协商协调让联邦制度有效运作。
Bahasa Melayu: Amalan bermusyawarah memastikan sistem persekutuan beroperasi berkesan.
课本／Buku teks：Tingkatan 5, ms. 81."
F5 Chp 4,radio,Perak_Q27,A,B,C,D,D,Perak/Picture27.png,"中文：两州额外权限包括土著法院。
Bahasa Melayu: Kuasa tambahan kedua-dua negeri termasuk Mahkamah Anak Negeri.
课本／Buku teks：Tingkatan 5, ms. 70."
F5 Chp 4,radio,Perlis_Q27,A,B,C,D,D,Perlis/Picture27.png,"中文：土地属于州政府权限。
Bahasa Melayu: Tanah termasuk dalam Senarai Negeri.
课本／Buku teks：Tingkatan 5, ms. 70."
F5 Chp 4,radio,SabahSet1_Q27,A,B,C,D,A,Sabah Set 1/Picture27.png,"中文：会议协调各州执行政府政策。
Bahasa Melayu: Mesyuarat menyelaraskan pelaksanaan dasar kerajaan.
课本／Buku teks：Tingkatan 5, ms. 80."
F5 Chp 4,radio,SabahSet2_Q27,A,B,C,D,A,Sabah Set 2/Picture27.png,"中文：教育属于联邦权限。
Bahasa Melayu: Pelajaran termasuk dalam Senarai Persekutuan.
课本／Buku teks：Tingkatan 5, ms. 69."
F5 Chp 4,radio,SarawakSet2_Q27,A,B,C,D,A,Sarawak Set 2/Picture27.png,"中文：较强联邦权限保障稳定并推动发展。
Bahasa Melayu: Kuasa Persekutuan yang lebih besar menjamin kestabilan dan kemajuan.
课本／Buku teks：Tingkatan 5, ms. 68."
F5 Chp 4,radio,SelangorSet1_Q27,A,B,C,D,C,Selangor Set 1/Picture27.png,"中文：联邦通过州合并与权力划分运作。
Bahasa Melayu: Sistem Persekutuan melibatkan penggabungan negeri dan pembahagian kuasa.
课本／Buku teks：Tingkatan 5, ms. 66."
F5 Chp 4,radio,SelangorSet2_Q27,A,B,C,D,B,Selangor Set 2/Picture27.png,"中文：较强联邦权限保障稳定并促进发展。
Bahasa Melayu: Kuasa lebih besar menjamin kestabilan dan meningkatkan kemajuan.
课本／Buku teks：Tingkatan 5, ms. 68."
F5 Chp 4,radio,Terengganu_Q27,A,B,C,D,D,Terengganu/Picture27.png,"中文：社会经济合作涵盖土地及区域开发。
Bahasa Melayu: Kerjasama sosioekonomi meliputi pembangunan tanah dan kemajuan wilayah.
课本／Buku teks：Tingkatan 5, ms. 72,73."
F5 Chp 4,radio,JohorPasirGudang_Q28,A,B,C,D,D,Johor Pasir Gudang/Picture28.png,"中文：联邦宪法是最高法律，是解决中央和州法律冲突的主要依据。
Bahasa Melayu: Perlembagaan Persekutuan ialah undang-undang tertinggi dan rujukan utama apabila berlaku ketidakselarasan undang-undang.
课本／Buku teks：Tingkatan 5, ms. 80."
F5 Chp 4,radio,JohorTangkak_Q28,A,B,C,D,A,Johor Tangkak/Picture28.png,"中文：这些理事会协调中央和州政府合作，使联邦行政更有效率。
Bahasa Melayu: Majlis tersebut menyelaraskan kerjasama Kerajaan Persekutuan dan Negeri supaya sistem Persekutuan lebih cekap.
课本／Buku teks：Tingkatan 5, ms. 81."
F5 Chp 4,radio,Kedah_Q28,A,B,C,D,B,Kedah/Picture28.png,"中文：RASCOM 加强拉让地区安全并对抗共产党。
Bahasa Melayu: RASCOM menjaga keselamatan kawasan Rajang daripada ancaman komunis.
课本／Buku teks：Tingkatan 5, ms. 79."
F5 Chp 4,radio,Kl_Q28,A,B,C,D,B,KL/Picture28.png,"中文：国家财政理事会协调税收与财政事项。
Bahasa Melayu: Majlis Kewangan Negara menyelaraskan urusan cukai dan kewangan.
课本／Buku teks：Tingkatan 5, ms. 81."
F5 Chp 4,radio,Melaka_Q28,A,B,C,D,D,Melaka/Picture28.png,"中文：这些机构负责开发新区域。
Bahasa Melayu: Agensi tersebut membangunkan wilayah baharu.
课本／Buku teks：Tingkatan 5, ms. 73."
F5 Chp 4,radio,NegeriSembilan_Q28,A,B,C,D,B,Negeri Sembilan/Picture28.png,"中文：可负担住宅计划帮助中等收入者置业。
Bahasa Melayu: Program rumah mampu milik membantu golongan pertengahan memiliki rumah.
课本／Buku teks：Tingkatan 5, ms. 77."
F5 Chp 4,radio,Pahang_Q28,A,B,C,D,C,Pahang/Picture28.png,"中文：联邦与州协调巩固联邦制度。
Bahasa Melayu: Penyelarasan kerajaan Persekutuan dan Negeri mengukuhkan sistem persekutuan.
课本／Buku teks：Tingkatan 5, ms. 80."
F5 Chp 4,radio,PenangSet1_Q28,A,B,C,D,A,Penang Set 1/Picture28.png,"中文：国家财政理事会协调联邦与州行政。
Bahasa Melayu: Majlis Kewangan Negara menyelaraskan pentadbiran Persekutuan dan Negeri.
课本／Buku teks：Tingkatan 5, ms. 81."
F5 Chp 4,radio,Perak_Q28,A,B,C,D,A,Perak/Picture28.png,"中文：增加可负担住宅帮助中等收入者置业。
Bahasa Melayu: Rumah mampu milik membantu golongan pertengahan memiliki kediaman.
课本／Buku teks：Tingkatan 5, ms. 77."
F5 Chp 4,radio,Perlis_Q28,A,B,C,D,B,Perlis/Picture28.png,"中文：市议会提供公共设施。
Bahasa Melayu: Majlis Perbandaran menyediakan kemudahan awam.
课本／Buku teks：Tingkatan 5, ms. 71."
F5 Chp 4,radio,SabahSet2_Q28,A,B,C,D,B,Sabah Set 2/Picture28.png,"中文：可负担住宅帮助中等收入者置业。
Bahasa Melayu: Rumah mampu milik membantu golongan pertengahan memiliki kediaman.
课本／Buku teks：Tingkatan 5, ms. 77."
F5 Chp 4,radio,SarawakSet2_Q28,A,B,C,D,D,Sarawak Set 2/Picture28.png,"中文：会议协调各州执行国家政策。
Bahasa Melayu: Mesyuarat menyelaraskan pelaksanaan dasar kerajaan.
课本／Buku teks：Tingkatan 5, ms. 80."
F5 Chp 4,radio,SelangorSet1_Q28,A,B,C,D,D,Selangor Set 1/Picture28.png,"中文：会议讨论并协调政策执行。
Bahasa Melayu: Mesyuarat membincangkan pelaksanaan dasar kerajaan.
课本／Buku teks：Tingkatan 5, ms. 80."
F5 Chp 4,radio,SelangorSet2_Q28,A,B,C,D,B,Selangor Set 2/Picture28.png,"中文：地方政府维修道路等公共设施。
Bahasa Melayu: Kerajaan tempatan menyenggara jalan raya dan kemudahan awam.
课本／Buku teks：Tingkatan 5, ms. 71."
F5 Chp 4,radio,Terengganu_Q28,A,B,C,D,C,Terengganu/Picture28.png,"中文：州首长会议协调联邦与州行政。
Bahasa Melayu: Mesyuarat Menteri Besar dan Ketua Menteri menyelaraskan pentadbiran.
课本／Buku teks：Tingkatan 5, ms. 80."
F5 Chp 4,radio,Kelantan_Q31,A,B,C,D,B,Kelantan/Picture31.png,"中文：1895年协议成立森美兰邦联。
Bahasa Melayu: Perjanjian 1895 membentuk Konfederasi Negeri Sembilan.
课本／Buku teks：Tingkatan 5, ms. 67."
F5 Chp 4,radio,Kelantan_Q32,A,B,C,D,A,Kelantan/Picture32.png,"中文：1927年调整加强英国行政地位。
Bahasa Melayu: Penstrukturan 1927 mengukuhkan kedudukan British.
课本／Buku teks：Tingkatan 5, ms. 68."
F5 Chp 4,radio,Kelantan_Q33,A,B,C,D,A,Kelantan/Picture33.png,"中文：较大联邦权限保障稳定并推动发展。
Bahasa Melayu: Kuasa Persekutuan lebih besar menjamin kestabilan dan kemajuan.
课本／Buku teks：Tingkatan 5, ms. 68."
F5 Chp 4,radio,Kelantan_Q34,A,B,C,D,D,Kelantan/Picture34.png,"中文：公民身份属于联邦权限。
Bahasa Melayu: Kewarganegaraan termasuk dalam Senarai Persekutuan.
课本／Buku teks：Tingkatan 5, ms. 69."
F5 Chp 4,radio,Kelantan_Q35,A,B,C,D,C,Kelantan/Picture35.png,"中文：地方议会提供公共设施。
Bahasa Melayu: Kerajaan tempatan menyediakan kemudahan awam.
课本／Buku teks：Tingkatan 5, ms. 71."
F5 Chp 5,radio,SabahSet1_Q28,A,B,C,D,B,Sabah Set 1/Picture28.png,"中文：各方包容与协商促成独立及马来西亚成立。
Bahasa Melayu: Toleransi dan persefahaman menjayakan kemerdekaan serta pembentukan Malaysia.
课本／Buku teks：Tingkatan 5, ms. 102."
F5 Chp 5,radio,JohorPasirGudang_Q29,A,B,C,D,D,Johor Pasir Gudang/Picture29.png,"中文：Malcolm MacDonald主张联合英国在东南亚的属地，配合去殖民化计划。
Bahasa Melayu: Sir Malcolm MacDonald mencadangkan penggabungan wilayah British untuk menyesuaikannya dengan rancangan dekolonisasi.
课本／Buku teks：Tingkatan 5, ms. 91."
F5 Chp 5,radio,JohorTangkak_Q29,A,B,C,D,C,Johor Tangkak/Picture29.png,"中文：沙巴、砂拉越和汶莱的土著人口，可平衡合并新加坡后的族群比例。
Bahasa Melayu: Penyertaan penduduk bumiputera wilayah Borneo membantu menjamin keseimbangan komposisi kaum dalam Malaysia.
课本／Buku teks：Tingkatan 5, ms. 93."
F5 Chp 5,radio,Kedah_Q29,A,B,C,D,A,Kedah/Picture29.png,"中文：1961年7月的访问帮助说明马来西亚计划。
Bahasa Melayu: Lawatan Julai 1961 menjelaskan rancangan pembentukan Malaysia.
课本／Buku teks：Tingkatan 5, ms. 98."
F5 Chp 5,radio,Kl_Q29,A,B,C,D,B,KL/Picture29.png,"中文：新加坡以公投了解人民意见。
Bahasa Melayu: Singapura mengadakan referendum untuk meninjau pandangan rakyat.
课本／Buku teks：Tingkatan 5, ms. 100."
F5 Chp 5,radio,Melaka_Q29,A,B,C,D,A,Melaka/Picture29.png,"中文：合并殖民地有助去殖民化及加强安全。
Bahasa Melayu: Penggabungan wilayah menjayakan dekolonisasi dan mengukuhkan keselamatan.
课本／Buku teks：Tingkatan 5, ms. 91."
F5 Chp 5,radio,NegeriSembilan_Q29,A,B,C,D,B,Negeri Sembilan/Picture29.png,"中文：印尼自行宣布独立使 Melayu Raya 计划无法落实。
Bahasa Melayu: Pengisytiharan kemerdekaan Indonesia menggagalkan konsep Melayu Raya.
课本／Buku teks：Tingkatan 5, ms. 92."
F5 Chp 5,radio,Pahang_Q29,A,B,C,D,B,Pahang/Picture29.png,"中文：合并计划推进英国的去殖民化。
Bahasa Melayu: Penggabungan menjayakan rancangan dekolonisasi British.
课本／Buku teks：Tingkatan 5, ms. 91."
F5 Chp 5,radio,PenangSet1_Q29,A,B,C,D,C,Penang Set 1/Picture29.png,"中文：新加坡希望通过合并遏制共产党。
Bahasa Melayu: Singapura mahu penggabungan bagi mengatasi ancaman komunis.
课本／Buku teks：Tingkatan 5, ms. 93."
F5 Chp 5,radio,Perak_Q29,A,B,C,D,C,Perak/Picture29.png,"中文：Melayu Raya 是较早的区域合并构想。
Bahasa Melayu: Melayu Raya ialah gagasan penggabungan wilayah yang lebih awal.
课本／Buku teks：Tingkatan 5, ms. 90."
F5 Chp 5,radio,Perlis_Q29,A,B,C,D,B,Perlis/Picture29.png,"中文：Tunku 在新加坡公开提出马来西亚构想。
Bahasa Melayu: Tunku mengumumkan gagasan Malaysia di Singapura.
课本／Buku teks：Tingkatan 5, ms. 94."
F5 Chp 5,radio,SabahSet1_Q29,A,B,C,D,A,Sabah Set 1/Picture29.png,"中文：公投检视人民支持合并的程度。
Bahasa Melayu: Referendum meninjau sokongan rakyat terhadap pembentukan Malaysia.
课本／Buku teks：Tingkatan 5, ms. 100."
F5 Chp 5,radio,SabahSet2_Q29,A,B,C,D,D,Sabah Set 2/Picture29.png,"中文：英国希望合并使殖民行政更简便。
Bahasa Melayu: British mahu memudahkan pentadbiran tanah jajahan.
课本／Buku teks：Tingkatan 5, ms. 90."
F5 Chp 5,radio,SarawakSet2_Q29,A,B,C,D,A,Sarawak Set 2/Picture29.png,"中文：马来西亚构想的基础是领土合并。
Bahasa Melayu: Gagasan Malaysia berasaskan penggabungan wilayah.
课本／Buku teks：Tingkatan 5, ms. 90."
F5 Chp 5,radio,SelangorSet1_Q29,A,B,C,D,D,Selangor Set 1/Picture29.png,"中文：Templer 的建议着重区域安全。
Bahasa Melayu: Cadangan Templer mengutamakan kepentingan keselamatan.
课本／Buku teks：Tingkatan 5, ms. 91."
F5 Chp 5,radio,SelangorSet2_Q29,A,B,C,D,C,Selangor Set 2/Picture29.png,"中文：社会主义阵线认为合并是新殖民主义。
Bahasa Melayu: Barisan Sosialis menganggap Malaysia sebagai penjajahan baharu.
课本／Buku teks：Tingkatan 5, ms. 97."
F5 Chp 5,radio,Terengganu_Q29,A,B,C,D,B,Terengganu/Picture29.png,"中文：合并可开发殖民地的经济潜力。
Bahasa Melayu: Penggabungan wilayah meningkatkan potensi ekonomi.
课本／Buku teks：Tingkatan 5, ms. 91."
F5 Chp 5,radio,JohorPasirGudang_Q30,A,B,C,D,C,Johor Pasir Gudang/Picture30.png,"中文：协议规定沙巴、砂拉越设州内阁，并原定1963年8月31日成立马来西亚。
Bahasa Melayu: Perjanjian Malaysia menetapkan kabinet negeri Sabah dan Sarawak serta tarikh asal pembentukan pada 31 Ogos 1963.
课本／Buku teks：Tingkatan 5, ms. 103."
F5 Chp 5,radio,JohorTangkak_Q30,A,B,C,D,D,Johor Tangkak/Picture30.png,"中文：印尼的抗议促使联合国进一步调查，因此成立日期推迟。
Bahasa Melayu: Bantahan Indonesia menyebabkan siasatan PBB dijalankan dan tarikh pengisytiharan Malaysia ditangguhkan.
课本／Buku teks：Tingkatan 5, ms. 104."
F5 Chp 5,radio,Kedah_Q30,A,B,C,D,D,Kedah/Picture30.png,"中文：沙巴、砂拉越保留移民管制权。
Bahasa Melayu: Sabah dan Sarawak mengekalkan kuasa imigresen.
课本／Buku teks：Tingkatan 5, ms. 102."
F5 Chp 5,radio,Kl_Q30,A,B,C,D,B,KL/Picture30.png,"中文：联合国报告延迟，成立日期因而推后。
Bahasa Melayu: Kelewatan laporan PBB menangguhkan tarikh pembentukan Malaysia.
课本／Buku teks：Tingkatan 5, ms. 104."
F5 Chp 5,radio,Melaka_Q30,A,B,C,D,C,Melaka/Picture30.png,"中文：印尼认为马来西亚成立威胁其地位。
Bahasa Melayu: Indonesia menganggap pembentukan Malaysia mengancam kedudukannya.
课本／Buku teks：Tingkatan 5, ms. 106."
F5 Chp 5,radio,NegeriSembilan_Q30,A,B,C,D,D,Negeri Sembilan/Picture30.png,"中文：伦敦会谈同意成立 Cobbold 委员会。
Bahasa Melayu: Rundingan London bersetuju menubuhkan Suruhanjaya Cobbold.
课本／Buku teks：Tingkatan 5, ms. 100."
F5 Chp 5,radio,Pahang_Q30,A,B,C,D,D,Pahang/Picture30.png,"中文：沙巴与砂拉越获准设自己的内阁。
Bahasa Melayu: Sarawak dan Sabah menubuhkan kabinet sendiri.
课本／Buku teks：Tingkatan 5, ms. 103."
F5 Chp 5,radio,PenangSet1_Q30,A,B,C,D,C,Penang Set 1/Picture30.png,"中文：英国支持合并以遏制共产党及加强安全。
Bahasa Melayu: British mahu membendung komunis dan memperkukuh pertahanan.
课本／Buku teks：Tingkatan 5, ms. 91-93."
F5 Chp 5,radio,Perak_Q30,A,B,C,D,D,Perak/Picture30.png,"中文：合并有利开发经济潜力及强化安全。
Bahasa Melayu: Penggabungan memanfaatkan ekonomi dan memperkasakan keselamatan wilayah.
课本／Buku teks：Tingkatan 5, ms. 91."
F5 Chp 5,radio,Perlis_Q30,A,B,C,D,B,Perlis/Picture30.png,"中文：正常化协议恢复马来西亚与印尼关系。
Bahasa Melayu: Persetujuan Normalisasi memulihkan hubungan Malaysia-Indonesia.
课本／Buku teks：Tingkatan 5, ms. 109."
F5 Chp 5,radio,SabahSet2_Q30,A,B,C,D,D,Sabah Set 2/Picture30.png,"中文：合并让新加坡获得更广的市场。
Bahasa Melayu: Penggabungan membuka pasaran lebih luas kepada Singapura.
课本／Buku teks：Tingkatan 5, ms. 97."
F5 Chp 5,radio,SarawakSet2_Q30,A,B,C,D,C,Sarawak Set 2/Picture30.png,"中文：印尼认为马来西亚威胁其地位。
Bahasa Melayu: Indonesia menganggap Malaysia mengancam kedudukannya.
课本／Buku teks：Tingkatan 5, ms. 106."
F5 Chp 5,radio,SelangorSet1_Q30,A,B,C,D,A,Selangor Set 1/Picture30.png,"中文：JAK 拟定宪法框架及保障两州权益。
Bahasa Melayu: JAK menyediakan rangka perlembagaan dan melindungi kepentingan kedua-dua negeri.
课本／Buku teks：Tingkatan 5, ms. 102."
F5 Chp 5,radio,SelangorSet2_Q30,A,B,C,D,C,Selangor Set 2/Picture30.png,"中文：印尼在对抗期间发动游击袭击。
Bahasa Melayu: Indonesia melancarkan serangan gerila semasa konfrontasi.
课本／Buku teks：Tingkatan 5, ms. 106."
F5 Chp 5,radio,Terengganu_Q30,A,B,C,D,D,Terengganu/Picture30.png,"中文：JSKM 收集并说明马来西亚成立的意见。
Bahasa Melayu: JSKM mengumpul pandangan dan menjelaskan pembentukan Malaysia.
课本／Buku teks：Tingkatan 5, ms. 99."
F5 Chp 5,radio,Perak_Q31,A,B,C,D,C,Perak/Picture31.png,"中文：印尼领导层更替促使对抗政策结束。
Bahasa Melayu: Peralihan kepimpinan Indonesia menamatkan konfrontasi.
课本／Buku teks：Tingkatan 5, ms. 109."
F5 Chp 5,radio,Kelantan_Q36,A,B,C,D,B,Kelantan/Picture36.png,"中文：Malcolm MacDonald 建议整合殖民地为政治经济实体。
Bahasa Melayu: Malcolm MacDonald mencadangkan penggabungan jajahan sebagai entiti politik dan ekonomi.
课本／Buku teks：Tingkatan 5, ms. 91."
F5 Chp 5,radio,Kelantan_Q37,A,B,C,D,B,Kelantan/Picture37.png,"中文：共产主义威胁是合并的重要安全因素。
Bahasa Melayu: Ancaman komunis menjadi faktor keselamatan pembentukan Malaysia.
课本／Buku teks：Tingkatan 5, ms. 93."
F5 Chp 5,radio,Kelantan_Q38,A,B,C,D,C,Kelantan/Picture38.png,"中文：访问与 Cobbold 委员会推进马来西亚构想。
Bahasa Melayu: Lawatan dan Suruhanjaya Cobbold merealisasikan pembentukan Malaysia.
课本／Buku teks：Tingkatan 5, ms. 98-100."
F5 Chp 5,radio,Kelantan_Q39,A,B,C,D,B,Kelantan/Picture39.png,"中文：五个小组包括财政与部门组织，不包括教育。
Bahasa Melayu: Jawatankuasa kecil termasuk Kewangan dan Organisasi Jabatan, bukan Pendidikan.
课本／Buku teks：Tingkatan 5, ms. 102."
F5 Chp 5,radio,Kelantan_Q40,A,B,C,D,A,Kelantan/Picture40.png,"中文：印尼领导层更替后，谈判结束对抗并恢复马印关系。
Bahasa Melayu: Peralihan kepimpinan Indonesia membawa rundingan menamatkan konfrontasi dan memulihkan hubungan.
课本／Buku teks：Tingkatan 5, ms. 109."
F5 Chp 6,radio,SabahSet1_Q30,A,B,C,D,B,Sabah Set 1/Picture30.png,"中文：新加坡与中央政策的分歧促成分离。
Bahasa Melayu: Keengganan mematuhi dasar kerajaan menyumbang kepada pemisahan Singapura.
课本／Buku teks：Tingkatan 5, ms. 119."
F5 Chp 6,radio,JohorPasirGudang_Q31,A,B,C,D,D,Johor Pasir Gudang/Picture31.png,"中文：发展多种商业农业能增加沙巴、砂拉越居民的收入及经济活动。
Bahasa Melayu: Kerajaan mempelbagaikan pertanian komersial untuk meningkatkan pendapatan dan kegiatan ekonomi penduduk Sabah dan Sarawak.
课本／Buku teks：Tingkatan 5, ms. 117."
F5 Chp 6,radio,JohorTangkak_Q31,A,B,C,D,C,Johor Tangkak/Picture31.png,"中文：要求族群平等权利的政治争议，以及新加坡要求贷款利息的经济争议，促成分离。
Bahasa Melayu: Tuntutan hak sama rata dan pertikaian faedah pinjaman menimbulkan masalah politik serta ekonomi yang membawa kepada pemisahan.
课本／Buku teks：Tingkatan 5, ms. 119."
F5 Chp 6,radio,Kedah_Q31,A,B,C,D,D,Kedah/Picture31.png,"中文：鼓励种植油棕，推动商业农业。
Bahasa Melayu: Penanaman kelapa sawit menggalakkan pertanian komersial.
课本／Buku teks：Tingkatan 5, ms. 127."
F5 Chp 6,radio,Kl_Q31,A,B,C,D,D,KL/Picture31.png,"中文：增税要求成为马新之间的经济争议。
Bahasa Melayu: Tambahan cukai menjadi pertikaian ekonomi Malaysia-Singapura.
课本／Buku teks：Tingkatan 5, ms. 119."
F5 Chp 6,radio,Melaka_Q31,A,B,C,D,D,Melaka/Picture31.png,"中文：砂拉越面对宪政危机及安全威胁。
Bahasa Melayu: Sarawak menghadapi krisis perlembagaan dan ancaman keselamatan.
课本／Buku teks：Tingkatan 5, ms. 118."
F5 Chp 6,radio,NegeriSembilan_Q31,A,B,C,D,A,Negeri Sembilan/Picture31.png,"中文：兴建学校及培训教师改善两州教育。
Bahasa Melayu: Pembinaan sekolah dan latihan guru memajukan pendidikan kedua-dua negeri.
课本／Buku teks：Tingkatan 5, ms. 117."
F5 Chp 6,radio,Pahang_Q31,A,B,C,D,C,Pahang/Picture31.png,"中文：马新通过谈判处理分离问题。
Bahasa Melayu: Malaysia dan Singapura menyelesaikan pemisahan melalui rundingan.
课本／Buku teks：Tingkatan 5, ms. 120."
F5 Chp 6,radio,PenangSet1_Q31,A,B,C,D,D,Penang Set 1/Picture31.png,"中文：经济谈判失败使争议无法解决。
Bahasa Melayu: Kegagalan rundingan menyebabkan pertikaian ekonomi berterusan.
课本／Buku teks：Tingkatan 5, ms. 119."
F5 Chp 6,radio,Perlis_Q31,A,B,C,D,C,Perlis/Picture31.png,"中文：共同市场争议是新加坡分离的经济因素之一。
Bahasa Melayu: Tuntutan pasaran bersama menjadi faktor ekonomi pemisahan Singapura.
课本／Buku teks：Tingkatan 5, ms. 119."
F5 Chp 6,radio,SabahSet1_Q31,A,B,C,D,D,Sabah Set 1/Picture31.png,"中文：煽动法用于制止煽动与破坏族群和谐的信息。
Bahasa Melayu: Akta Hasutan digunakan untuk membendung hasutan yang menjejaskan keharmonian kaum.
课本／Buku teks：Tingkatan 5, ms. 130."
F5 Chp 6,radio,SabahSet2_Q31,A,B,C,D,D,Sabah Set 2/Picture31.png,"中文：新国家面对经济发展与族群团结挑战。
Bahasa Melayu: Malaysia menghadapi cabaran pembangunan ekonomi dan perpaduan kaum.
课本／Buku teks：Tingkatan 5, ms. 116."
F5 Chp 6,radio,SarawakSet2_Q31,A,B,C,D,C,Sarawak Set 2/Picture31.png,"中文：两州面积广大，建设交通联系困难。
Bahasa Melayu: Saiz negeri yang luas menyukarkan pembangunan pengangkutan.
课本／Buku teks：Tingkatan 5, ms. 117."
F5 Chp 6,radio,SelangorSet1_Q31,A,B,C,D,B,Selangor Set 1/Picture31.png,"中文：平等权利诉求及领袖冲突加深分歧。
Bahasa Melayu: Tuntutan hak sama rata dan konflik pemimpin memburukkan pertikaian.
课本／Buku teks：Tingkatan 5, ms. 119."
F5 Chp 6,radio,SelangorSet2_Q31,A,B,C,D,C,Selangor Set 2/Picture31.png,"中文：联邦宣布紧急状态处理砂拉越宪政危机。
Bahasa Melayu: Darurat diisytiharkan untuk menangani krisis perlembagaan Sarawak.
课本／Buku teks：Tingkatan 5, ms. 118."
F5 Chp 6,radio,Terengganu_Q31,A,B,C,D,C,Terengganu/Picture31.png,"中文：多元经济与改善教育是内部发展挑战。
Bahasa Melayu: Mempelbagaikan ekonomi dan memajukan pendidikan ialah cabaran dalaman.
课本／Buku teks：Tingkatan 5, ms. 117."
F5 Chp 6,radio,JohorPasirGudang_Q32,A,B,C,D,B,Johor Pasir Gudang/Picture32.png,"中文：经济失衡加上选举结果引发紧张，属于5月13日事件的因素。
Bahasa Melayu: Ketidakseimbangan ekonomi dan keputusan pilihan raya menjadi faktor ketegangan yang mencetuskan peristiwa 13 Mei 1969.
课本／Buku teks：Tingkatan 5, ms. 129."
F5 Chp 6,radio,JohorTangkak_Q32,A,B,C,D,B,Johor Tangkak/Picture32.png,"中文：统治者呼吁人民遵守法律、保持冷静，以阻止暴乱蔓延。
Bahasa Melayu: Raja-raja menyeru rakyat mematuhi undang-undang dan bertenang bagi mengelakkan rusuhan merebak.
课本／Buku teks：Tingkatan 5, ms. 131."
F5 Chp 6,radio,Kedah_Q32,A,B,C,D,D,Kedah/Picture32.png,"中文：马泰边境合作协议共同处理共产党威胁。
Bahasa Melayu: Perjanjian sempadan Malaysia-Thailand menangani ancaman komunis bersama.
课本／Buku teks：Tingkatan 5, ms. 125."
F5 Chp 6,radio,Kl_Q32,A,B,C,D,C,KL/Picture32.png,"中文：第三届大选结果后的紧张与挑衅引发冲突。
Bahasa Melayu: Ketegangan selepas keputusan PRU ketiga mencetuskan rusuhan.
课本／Buku teks：Tingkatan 5, ms. 129."
F5 Chp 6,radio,Melaka_Q32,A,B,C,D,A,Melaka/Picture32.png,"中文：政府以发展计划缩小生活水平差距。
Bahasa Melayu: Program pembangunan mengurangkan perbezaan taraf hidup.
课本／Buku teks：Tingkatan 5, ms. 127."
F5 Chp 6,radio,NegeriSembilan_Q32,A,B,C,D,A,Negeri Sembilan/Picture32.png,"中文：MAGERAN 确保行政运作并暂时停止报纸出版。
Bahasa Melayu: MAGERAN memastikan pentadbiran licin dan menggantung penerbitan akhbar.
课本／Buku teks：Tingkatan 5, ms. 130."
F5 Chp 6,radio,Pahang_Q32,A,B,C,D,D,Pahang/Picture32.png,"中文：政府宣布紧急状态并设立 MAGERAN。
Bahasa Melayu: Kerajaan mengisytiharkan darurat dan menubuhkan MAGERAN.
课本／Buku teks：Tingkatan 5, ms. 129-130."
F5 Chp 6,radio,PenangSet1_Q32,A,B,C,D,B,Penang Set 1/Picture32.png,"中文：边境协议促进联合打击共产党。
Bahasa Melayu: Perjanjian sempadan membantu menangani ancaman komunis.
课本／Buku teks：Tingkatan 5, ms. 125."
F5 Chp 6,radio,Perak_Q32,A,B,C,D,A,Perak/Picture32.png,"中文：新国家面对族群团结及经济发展挑战。
Bahasa Melayu: Negara menghadapi cabaran perpaduan kaum dan pembangunan ekonomi.
课本／Buku teks：Tingkatan 5, ms. 116."
F5 Chp 6,radio,Perlis_Q32,A,B,C,D,A,Perlis/Picture32.png,"中文：胜选游行中的挑衅加剧族群冲突。
Bahasa Melayu: Provokasi dalam perarakan kemenangan mencetuskan pergaduhan kaum.
课本／Buku teks：Tingkatan 5, ms. 129."
F5 Chp 6,radio,SabahSet2_Q32,A,B,C,D,B,Sabah Set 2/Picture32.png,"中文：政府暂停报纸出版并执行煽动法控制危机。
Bahasa Melayu: Kerajaan menggantung akhbar dan menguatkuasakan Akta Hasutan.
课本／Buku teks：Tingkatan 5, ms. 130."
F5 Chp 6,radio,SarawakSet2_Q32,A,B,C,D,B,Sarawak Set 2/Picture32.png,"中文：这些行动旨在遏制砂拉越共产党。
Bahasa Melayu: Operasi tersebut membendung pengaruh komunis di Sarawak.
课本／Buku teks：Tingkatan 5, ms. 122."
F5 Chp 6,radio,SelangorSet1_Q32,A,B,C,D,A,Selangor Set 1/Picture32.png,"中文：第一马来西亚计划提高人民生活水平。
Bahasa Melayu: Rancangan Malaysia Pertama meningkatkan taraf hidup rakyat.
课本／Buku teks：Tingkatan 5, ms. 127."
F5 Chp 6,radio,SelangorSet2_Q32,A,B,C,D,A,Selangor Set 2/Picture32.png,"中文：苏丹呼吁人民避免及停止族群冲突。
Bahasa Melayu: Sultan menyeru rakyat menghentikan dan mengelakkan rusuhan kaum.
课本／Buku teks：Tingkatan 5, ms. 131."
F5 Chp 6,radio,Terengganu_Q32,A,B,C,D,B,Terengganu/Picture32.png,"中文：MAGERAN 执行煽动法维持秩序。
Bahasa Melayu: MAGERAN menguatkuasakan Akta Hasutan untuk menjaga ketenteraman.
课本／Buku teks：Tingkatan 5, ms. 130."
F5 Chp 6,radio,Perak_Q33,A,B,C,D,A,Perak/Picture33.png,"中文：传单、白区及赦免属于心理战。
Bahasa Melayu: Risalah, kawasan putih dan pengampunan ialah langkah Perang Saraf.
课本／Buku teks：Tingkatan 5, ms. 121."
F5 Chp 7,radio,Kelantan_Q23,A,B,C,D,C,Kelantan/Picture23.png,"中文：国家原则通过团结巩固主权。
Bahasa Melayu: Rukun Negara mengukuhkan kedaulatan melalui perpaduan.
课本／Buku teks：Tingkatan 5, ms. 158."
F5 Chp 7,radio,SabahSet1_Q32,A,B,C,D,A,Sabah Set 1/Picture32.png,"中文：多科制提供技能教育以培养技术劳动力。
Bahasa Melayu: Sistem anekajurusan melahirkan tenaga kerja mahir.
课本／Buku teks：Tingkatan 5, ms. 145."
F5 Chp 7,radio,JohorPasirGudang_Q33,A,B,C,D,C,Johor Pasir Gudang/Picture33.png,"中文：Aminudin Baki研究建议多科制学校，培养国家所需的技术人才。
Bahasa Melayu: Kajian Aminudin Baki memperkenalkan sekolah aneka jurusan untuk melahirkan tenaga kerja mahir.
课本／Buku teks：Tingkatan 5, ms. 145."
F5 Chp 7,radio,JohorTangkak_Q33,A,B,C,D,B,Johor Tangkak/Picture33.png,"中文：多科制提供技能和实用教育，培养熟练劳动力。
Bahasa Melayu: Sekolah aneka jurusan menyediakan pendidikan kemahiran untuk melahirkan tenaga kerja mahir.
课本／Buku teks：Tingkatan 5, ms. 145."
F5 Chp 7,radio,Kedah_Q33,A,B,C,D,A,Kedah/Picture33.png,"中文：教育、文化及语言政策促进国家团结。
Bahasa Melayu: Dasar pendidikan, kebudayaan dan bahasa memupuk perpaduan nasional.
课本／Buku teks：Tingkatan 5, ms. 145-151."
F5 Chp 7,radio,Kl_Q33,A,B,C,D,A,KL/Picture33.png,"中文：国民大学提升马来语作为知识语言的地位。
Bahasa Melayu: UKM memartabatkan bahasa Melayu sebagai bahasa ilmu.
课本／Buku teks：Tingkatan 5, ms. 149."
F5 Chp 7,radio,Melaka_Q33,A,B,C,D,B,Melaka/Picture33.png,"中文：国家教育政策通过共同教育培养团结。
Bahasa Melayu: Dasar Pendidikan Kebangsaan memupuk perpaduan melalui pendidikan.
课本／Buku teks：Tingkatan 5, ms. 144."
F5 Chp 7,radio,NegeriSembilan_Q33,A,B,C,D,D,Negeri Sembilan/Picture33.png,"中文：国家融合是拉近各州社会联系的过程。
Bahasa Melayu: Integrasi nasional ialah proses merapatkan hubungan masyarakat antara negeri.
课本／Buku teks：Tingkatan 5, ms. 140."
F5 Chp 7,radio,Pahang_Q33,A,B,C,D,A,Pahang/Picture33.png,"中文：DBP 维护及提升国家语言地位。
Bahasa Melayu: DBP memartabatkan bahasa kebangsaan.
课本／Buku teks：Tingkatan 5, ms. 149."
F5 Chp 7,radio,PenangSet1_Q33,A,B,C,D,B,Penang Set 1/Picture33.png,"中文：1967年国家语言法加强马来语地位。
Bahasa Melayu: Akta Bahasa Kebangsaan 1967 mengukuhkan kedudukan bahasa Melayu.
课本／Buku teks：Tingkatan 5, ms. 148."
F5 Chp 7,radio,Perlis_Q33,A,B,C,D,D,Perlis/Picture33.png,"中文：独立前各族通过政党联盟合作。
Bahasa Melayu: Kerjasama kaum sebelum merdeka terjalin melalui parti politik.
课本／Buku teks：Tingkatan 5, ms. 142."
F5 Chp 7,radio,SabahSet1_Q33,A,B,C,D,D,Sabah Set 1/Picture33.png,"中文：共同文化原则塑造国民身份。
Bahasa Melayu: Dasar kebudayaan memupuk keperibadian kebangsaan.
课本／Buku teks：Tingkatan 5, ms. 150."
F5 Chp 7,radio,SabahSet2_Q33,A,B,C,D,A,Sabah Set 2/Picture33.png,"中文：国家融合指拉近各州社会联系。
Bahasa Melayu: Integrasi nasional merapatkan hubungan masyarakat antara negeri.
课本／Buku teks：Tingkatan 5, ms. 140."
F5 Chp 7,radio,SarawakSet2_Q33,A,B,C,D,A,Sarawak Set 2/Picture33.png,"中文：国语被定为教学媒介及必修科。
Bahasa Melayu: Bahasa kebangsaan dijadikan bahasa pengantar dan mata pelajaran wajib.
课本／Buku teks：Tingkatan 5, ms. 147."
F5 Chp 7,radio,SelangorSet1_Q33,A,B,C,D,D,Selangor Set 1/Picture33.png,"中文：马来语作为教学语言促进共同认同。
Bahasa Melayu: Bahasa Melayu sebagai pengantar membantu perpaduan.
课本／Buku teks：Tingkatan 5, ms. 147."
F5 Chp 7,radio,SelangorSet2_Q33,A,B,C,D,D,Selangor Set 2/Picture33.png,"中文：英国按经济活动分隔族群，阻碍联系。
Bahasa Melayu: Pengasingan kegiatan ekonomi oleh British merenggangkan hubungan kaum.
课本／Buku teks：Tingkatan 5, ms. 141."
F5 Chp 7,radio,Terengganu_Q33,A,B,C,D,C,Terengganu/Picture33.png,"中文：渡轮连接半岛与两州，促进人民融合。
Bahasa Melayu: Feri menghubungkan Semenanjung dengan Sabah dan Sarawak untuk integrasi penduduk.
课本／Buku teks：Tingkatan 5, ms. 140."
F5 Chp 7,radio,JohorPasirGudang_Q34,A,B,C,D,C,Johor Pasir Gudang/Picture34.png,"中文：大学运动会促进跨州联系，并让学生展现运动能力，符合II和III。
Bahasa Melayu: MASUM menggalakkan integrasi antara negeri dan membolehkan peserta menunjukkan kebolehan sukan, iaitu II dan III.
课本／Buku teks：Tingkatan 5, ms. 153."
F5 Chp 7,radio,JohorTangkak_Q34,A,B,C,D,A,Johor Tangkak/Picture34.png,"中文：共同参加课外活动能建立友谊和伙伴精神。
Bahasa Melayu: Aktiviti kokurikulum bersama memupuk semangat setia kawan dan hubungan mesra antara murid.
课本／Buku teks：Tingkatan 5, ms. 152."
F5 Chp 7,radio,Kedah_Q34,A,B,C,D,C,Kedah/Picture34.png,"中文：国家原则凝聚人民并培养对国家的忠诚。
Bahasa Melayu: Rukun Negara menyatukan rakyat dan membentuk kesetiaan negara.
课本／Buku teks：Tingkatan 5, ms. 157."
F5 Chp 7,radio,Kl_Q34,A,B,C,D,B,KL/Picture34.png,"中文：国家原则旨在加强人民团结。
Bahasa Melayu: Rukun Negara bertujuan mengukuhkan perpaduan rakyat.
课本／Buku teks：Tingkatan 5, ms. 157."
F5 Chp 7,radio,Melaka_Q34,A,B,C,D,A,Melaka/Picture34.png,"中文：1969年族群冲突促使国家原则制定。
Bahasa Melayu: Rusuhan kaum 1969 mendorong pembentukan Rukun Negara.
课本／Buku teks：Tingkatan 5, ms. 157."
F5 Chp 7,radio,NegeriSembilan_Q34,A,B,C,D,A,Negeri Sembilan/Picture34.png,"中文：文化政策以本土文化为基础，伊斯兰为重要元素。
Bahasa Melayu: Dasar berteraskan kebudayaan asal rantau Melayu dengan Islam sebagai unsur penting.
课本／Buku teks：Tingkatan 5, ms. 150."
F5 Chp 7,radio,Pahang_Q34,A,B,C,D,B,Pahang/Picture34.png,"中文：平等机会与帮助弱势群体建立公平社会。
Bahasa Melayu: Peluang sama rata dan bantuan kepada pihak lemah membentuk masyarakat adil.
课本／Buku teks：Tingkatan 5, ms. 158."
F5 Chp 7,radio,PenangSet1_Q34,A,B,C,D,D,Penang Set 1/Picture34.png,"中文：「Bahasa Jiwa Bangsa」强调语言凝聚社会。
Bahasa Melayu: Bahasa Jiwa Bangsa mengukuhkan masyarakat bersatu padu.
课本／Buku teks：Tingkatan 5, ms. 149."
F5 Chp 7,radio,Perlis_Q34,A,B,C,D,D,Perlis/Picture34.png,"中文：DBP 提升国家语言的使用与地位。
Bahasa Melayu: DBP memperkasakan bahasa kebangsaan.
课本／Buku teks：Tingkatan 5, ms. 149."
F5 Chp 7,radio,SabahSet1_Q34,A,B,C,D,C,Sabah Set 1/Picture34.png,"中文：SUKMA 通过体育交流加强团结。
Bahasa Melayu: SUKMA memperkukuh perpaduan melalui sukan.
课本／Buku teks：Tingkatan 5, ms. 153."
F5 Chp 7,radio,SabahSet2_Q34,A,B,C,D,C,Sabah Set 2/Picture34.png,"中文：共同语言有助凝聚各族人民。
Bahasa Melayu: Bahasa bersama membentuk rakyat bersatu padu.
课本／Buku teks：Tingkatan 5, ms. 149."
F5 Chp 7,radio,SarawakSet2_Q34,A,B,C,D,B,Sarawak Set 2/Picture34.png,"中文：轮流办运动会促进州际交流与融合。
Bahasa Melayu: Penganjuran bergilir menggalakkan integrasi antara negeri.
课本／Buku teks：Tingkatan 5, ms. 153."
F5 Chp 7,radio,SelangorSet1_Q34,A,B,C,D,C,Selangor Set 1/Picture34.png,"中文：SUKMA 加强州际融合及人民团结。
Bahasa Melayu: SUKMA mengeratkan integrasi antara negeri dan perpaduan rakyat.
课本／Buku teks：Tingkatan 5, ms. 153."
F5 Chp 7,radio,SelangorSet2_Q34,A,B,C,D,A,Selangor Set 2/Picture34.png,"中文：尊重君主及国家象征属于忠于君国原则。
Bahasa Melayu: Penghormatan raja dan simbol negara menunjukkan Kesetiaan kepada Raja dan Negara.
课本／Buku teks：Tingkatan 5, ms. 159."
F5 Chp 7,radio,Terengganu_Q34,A,B,C,D,A,Terengganu/Picture34.png,"中文：DBP 通过研讨会推动马来语与文学。
Bahasa Melayu: DBP menganjurkan seminar untuk mengembangkan bahasa dan sastera Melayu.
课本／Buku teks：Tingkatan 5, ms. 149."
F5 Chp 8,radio,Perak_Q34,A,B,C,D,C,Perak/Picture34.png,"中文：平衡各州发展促进财富公平分配。
Bahasa Melayu: Pembangunan seimbang antara negeri membantu pengagihan kekayaan.
课本／Buku teks：Tingkatan 5, ms. 174."
F5 Chp 8,radio,JohorPasirGudang_Q35,A,B,C,D,A,Johor Pasir Gudang/Picture35.png,"中文：消除贫穷和重组社会，是为了减少族群差距并建立团结。
Bahasa Melayu: Pembasmian kemiskinan dan penyusunan semula masyarakat bertujuan mengurangkan jurang serta mewujudkan perpaduan kaum.
课本／Buku teks：Tingkatan 5, ms. 167."
F5 Chp 8,radio,JohorTangkak_Q35,A,B,C,D,D,Johor Tangkak/Picture35.png,"中文：敦拉萨以发展农村及增加收入的方式，推动消除贫穷。
Bahasa Melayu: Tun Abdul Razak memperkenalkan DEB untuk membasmi kemiskinan, khususnya dalam masyarakat luar bandar.
课本／Buku teks：Tingkatan 5, ms. 167."
F5 Chp 8,radio,Kedah_Q35,A,B,C,D,C,Kedah/Picture35.png,"中文：绿皮书计划鼓励农业及畜牧活动。
Bahasa Melayu: Rancangan Buku Hijau menggalakkan pertanian dan penternakan.
课本／Buku teks：Tingkatan 5, ms. 169."
F5 Chp 8,radio,Kl_Q35,A,B,C,D,D,KL/Picture35.png,"中文：新经济政策以增收入及就业机会消除贫穷。
Bahasa Melayu: DEB menambah pendapatan dan peluang pekerjaan untuk membasmi kemiskinan.
课本／Buku teks：Tingkatan 5, ms. 167."
F5 Chp 8,radio,Melaka_Q35,A,B,C,D,D,Melaka/Picture35.png,"中文：私营化旨在提高服务效率与质量。
Bahasa Melayu: Penswastaan meningkatkan kecekapan dan kualiti perkhidmatan.
课本／Buku teks：Tingkatan 5, ms. 178."
F5 Chp 8,radio,NegeriSembilan_Q35,A,B,C,D,D,Negeri Sembilan/Picture35.png,"中文：重组社会旨在消除族群与经济职能的固定关联。
Bahasa Melayu: Penyusunan semula masyarakat menghapuskan pengenalan kaum mengikut fungsi ekonomi.
课本／Buku teks：Tingkatan 5, ms. 167."
F5 Chp 8,radio,Pahang_Q35,A,B,C,D,A,Pahang/Picture35.png,"中文：FELDA 开发新土地供乡村居民耕作。
Bahasa Melayu: FELDA membuka tanah baharu untuk penduduk luar bandar.
课本／Buku teks：Tingkatan 5, ms. 170."
F5 Chp 8,radio,PenangSet1_Q35,A,B,C,D,B,Penang Set 1/Picture35.png,"中文：增加就业及多元经济活动降低贫穷率。
Bahasa Melayu: Peluang pekerjaan dan kegiatan ekonomi pelbagai mengurangkan kemiskinan.
课本／Buku teks：Tingkatan 5, ms. 180."
F5 Chp 8,radio,Perak_Q35,A,B,C,D,C,Perak/Picture35.png,"中文：政策培养土著商业阶层。
Bahasa Melayu: Dasar melahirkan kelas bumiputera komersial.
课本／Buku teks：Tingkatan 5, ms. 182."
F5 Chp 8,radio,Perlis_Q35,A,B,C,D,A,Perlis/Picture35.png,"中文：增加收入与就业机会消除贫穷。
Bahasa Melayu: DEB menambah pendapatan dan peluang pekerjaan untuk membasmi kemiskinan.
课本／Buku teks：Tingkatan 5, ms. 168."
F5 Chp 8,radio,SabahSet1_Q35,A,B,C,D,B,Sabah Set 1/Picture35.png,"中文：区域机构扩大油棕、橡胶等商业种植。
Bahasa Melayu: Agensi wilayah memperluas tanaman komersial seperti sawit dan getah.
课本／Buku teks：Tingkatan 5, ms. 171."
F5 Chp 8,radio,SabahSet2_Q35,A,B,C,D,B,Sabah Set 2/Picture35.png,"中文：DEB 的两大目标是消贫及重组社会。
Bahasa Melayu: DEB membasmi kemiskinan dan menyusun semula masyarakat.
课本／Buku teks：Tingkatan 5, ms. 167."
F5 Chp 8,radio,SarawakSet2_Q35,A,B,C,D,D,Sarawak Set 2/Picture35.png,"中文：区域发展创造机会，协助消贫及重组社会。
Bahasa Melayu: Pembangunan wilayah membantu membasmi kemiskinan dan menyusun semula masyarakat.
课本／Buku teks：Tingkatan 5, ms. 168."
F5 Chp 8,radio,SelangorSet1_Q35,A,B,C,D,D,Selangor Set 1/Picture35.png,"中文：DEB 重组社会，减轻族群经济隔阂。
Bahasa Melayu: DEB menyusun semula masyarakat untuk mengurangkan jurang ekonomi kaum.
课本／Buku teks：Tingkatan 5, ms. 167."
F5 Chp 8,radio,SelangorSet2_Q35,A,B,C,D,A,Selangor Set 2/Picture35.png,"中文：这些机构扶持农业生产者，增加就业与收入。
Bahasa Melayu: Agensi membantu pengusaha pertanian memperoleh pekerjaan dan pendapatan.
课本／Buku teks：Tingkatan 5, ms. 169."
F5 Chp 8,radio,Terengganu_Q35,A,B,C,D,D,Terengganu/Picture35.png,"中文：消贫与社会重组的最终目标是族群团结。
Bahasa Melayu: Pembasmian kemiskinan dan penyusunan masyarakat bertujuan mencapai perpaduan kaum.
课本／Buku teks：Tingkatan 5, ms. 167."
F5 Chp 8,radio,JohorPasirGudang_Q36,A,B,C,D,B,Johor Pasir Gudang/Picture36.png,"中文：重植计划改善农作物生产和农民收入，延续消除贫穷的目标。
Bahasa Melayu: Program penanaman semula meningkatkan hasil pertanian dan pendapatan pekebun bagi meneruskan usaha membasmi kemiskinan.
课本／Buku teks：Tingkatan 5, ms. 175."
F5 Chp 8,radio,JohorTangkak_Q36,A,B,C,D,A,Johor Tangkak/Picture36.png,"中文：DPN把经济、社会及环境发展结合，推动马来西亚迈向先进国。
Bahasa Melayu: DPN menggabungkan pembangunan ekonomi, sosial dan fizikal untuk menjadikan Malaysia negara maju.
课本／Buku teks：Tingkatan 5, ms. 175."
F5 Chp 8,radio,Kedah_Q36,A,B,C,D,D,Kedah/Picture36.png,"中文：MARDI 通过研究发展农业技术。
Bahasa Melayu: MARDI menjalankan penyelidikan untuk meningkatkan teknologi pertanian.
课本／Buku teks：Tingkatan 5, ms. 179."
F5 Chp 8,radio,Kl_Q36,A,B,C,D,A,KL/Picture36.png,"中文：政策培养了土著商业阶层。
Bahasa Melayu: Dasar melahirkan kelas bumiputera komersial.
课本／Buku teks：Tingkatan 5, ms. 182."
F5 Chp 8,radio,Melaka_Q36,A,B,C,D,A,Melaka/Picture36.png,"中文：汽车工业创造就业并增加人民收入。
Bahasa Melayu: Industri automobil menyediakan pekerjaan dan meningkatkan pendapatan rakyat.
课本／Buku teks：Tingkatan 5, ms. 187."
F5 Chp 8,radio,NegeriSembilan_Q36,A,B,C,D,B,Negeri Sembilan/Picture36.png,"中文：土著企业创造就业，改善贫困者生活水平。
Bahasa Melayu: Syarikat bumiputera menawarkan pekerjaan dan meningkatkan taraf hidup golongan miskin.
课本／Buku teks：Tingkatan 5, ms. 182."
F5 Chp 8,radio,Pahang_Q36,A,B,C,D,C,Pahang/Picture36.png,"中文：智能农业利用现代技术提高生产效率。
Bahasa Melayu: Pertanian pintar menggunakan teknologi moden untuk meningkatkan produktiviti.
课本／Buku teks：Tingkatan 5, ms. 179."
F5 Chp 8,radio,PenangSet1_Q36,A,B,C,D,C,Penang Set 1/Picture36.png,"中文：国产车业创造工作并提高收入。
Bahasa Melayu: Industri kenderaan tempatan meningkatkan pendapatan rakyat.
课本／Buku teks：Tingkatan 5, ms. 187."
F5 Chp 8,radio,Perlis_Q36,A,B,C,D,A,Perlis/Picture36.png,"中文：DPN 提升土著的股本拥有权。
Bahasa Melayu: DPN meningkatkan pemilikan modal saham bumiputera.
课本／Buku teks：Tingkatan 5, ms. 176."
F5 Chp 8,radio,SabahSet1_Q36,A,B,C,D,B,Sabah Set 1/Picture36.png,"中文：企业提供就业机会改善贫困者生活。
Bahasa Melayu: Tokoh korporat menawarkan pekerjaan kepada golongan miskin.
课本／Buku teks：Tingkatan 5, ms. 182."
F5 Chp 8,radio,SabahSet2_Q36,A,B,C,D,A,Sabah Set 2/Picture36.png,"中文：智能农业以科技增加农产量。
Bahasa Melayu: Pertanian pintar meningkatkan hasil melalui teknologi moden.
课本／Buku teks：Tingkatan 5, ms. 179."
F5 Chp 8,radio,SarawakSet2_Q36,A,B,C,D,A,Sarawak Set 2/Picture36.png,"中文：ASN 让土著更容易参与股票投资。
Bahasa Melayu: ASN memudahkan bumiputera memiliki saham.
课本／Buku teks：Tingkatan 5, ms. 172."
F5 Chp 8,radio,SelangorSet1_Q36,A,B,C,D,C,Selangor Set 1/Picture36.png,"中文：私营化促进经济及提高服务质量。
Bahasa Melayu: Penswastaan membangunkan ekonomi dan meningkatkan kualiti perkhidmatan.
课本／Buku teks：Tingkatan 5, ms. 178."
F5 Chp 8,radio,SelangorSet2_Q36,A,B,C,D,A,Selangor Set 2/Picture36.png,"中文：智能农业及工业分散布局促进区域发展。
Bahasa Melayu: Pertanian pintar dan penyebaran industri terpilih membangunkan wilayah.
课本／Buku teks：Tingkatan 5, ms. 179."
F5 Chp 8,radio,Terengganu_Q36,A,B,C,D,A,Terengganu/Picture36.png,"中文：私营化提高服务质量与效率。
Bahasa Melayu: Penswastaan meningkatkan kualiti dan kecekapan perkhidmatan.
课本／Buku teks：Tingkatan 5, ms. 178."
F5 Chp 8,radio,SarawakSet2_Q37,A,B,C,D,C,Sarawak Set 2/Picture37.png,"中文：家庭收入增加使贫穷率下降。
Bahasa Melayu: Peningkatan pendapatan isi rumah menurunkan kadar kemiskinan.
课本／Buku teks：Tingkatan 5, ms. 180."
F5 Chp 9,radio,Perak_Q36,A,B,C,D,B,Perak/Picture36.png,"中文：国家经济利益影响外交政策。
Bahasa Melayu: Kepentingan ekonomi mempengaruhi dasar luar.
课本／Buku teks：Tingkatan 5, ms. 197."
F5 Chp 9,radio,JohorPasirGudang_Q37,A,B,C,D,D,Johor Pasir Gudang/Picture37.png,"中文：UNESCO负责教育、科学及文化事务，包括世界遗产认定。
Bahasa Melayu: UNESCO mengendalikan pendidikan, sains dan kebudayaan, termasuk pengiktirafan Tapak Warisan Dunia.
课本／Buku teks：Tingkatan 5, ms. 199."
F5 Chp 9,radio,JohorTangkak_Q37,A,B,C,D,A,Johor Tangkak/Picture37.png,"中文：参加联合国机构体现我国支持和平共存与国际合作。
Bahasa Melayu: Komitmen Malaysia dalam agensi PBB mencerminkan usaha hidup bersama secara aman dan bekerjasama di peringkat antarabangsa.
课本／Buku teks：Tingkatan 5, ms. 198."
F5 Chp 9,radio,Kedah_Q37,A,B,C,D,C,Kedah/Picture37.png,"中文：马六甲通过派遣使节建立外交关系。
Bahasa Melayu: Melaka menjalinkan hubungan diplomatik melalui penghantaran utusan.
课本／Buku teks：Tingkatan 5, ms. 194."
F5 Chp 9,radio,Kl_Q37,A,B,C,D,D,KL/Picture37.png,"中文：外交部 Wisma Putra 负责制定外交政策。
Bahasa Melayu: Wisma Putra menggubal dasar luar Malaysia.
课本／Buku teks：Tingkatan 5, ms. 196."
F5 Chp 9,radio,Melaka_Q37,A,B,C,D,C,Melaka/Picture37.png,"中文：科伦坡计划帮助成员国应对贫穷。
Bahasa Melayu: Rancangan Colombo membantu negara anggota menangani kemiskinan.
课本／Buku teks：Tingkatan 5, ms. 206."
F5 Chp 9,radio,NegeriSembilan_Q37,A,B,C,D,D,Negeri Sembilan/Picture37.png,"中文：UNESCO 给予世界遗产地认可。
Bahasa Melayu: UNESCO memberikan pengiktirafan Tapak Warisan Dunia.
课本／Buku teks：Tingkatan 5, ms. 199."
F5 Chp 9,radio,Pahang_Q37,A,B,C,D,B,Pahang/Picture37.png,"中文：与阿拉伯国家的历史联系影响外交。
Bahasa Melayu: Ikatan sejarah mempengaruhi hubungan dengan negara Arab.
课本／Buku teks：Tingkatan 5, ms. 197."
F5 Chp 9,radio,PenangSet1_Q37,A,B,C,D,B,Penang Set 1/Picture37.png,"中文：外交政策保护国家利益。
Bahasa Melayu: Dasar luar melindungi kepentingan nasional.
课本／Buku teks：Tingkatan 5, ms. 196."
F5 Chp 9,radio,Perak_Q37,A,B,C,D,D,Perak/Picture37.png,"中文：维和任务监督停火及维护法治。
Bahasa Melayu: Misi pengaman mengawasi gencatan senjata dan mendaulatkan undang-undang.
课本／Buku teks：Tingkatan 5, ms. 200."
F5 Chp 9,radio,Perlis_Q37,A,B,C,D,A,Perlis/Picture37.png,"中文：历史联系影响与这些国家的外交关系。
Bahasa Melayu: Ikatan sejarah mempengaruhi hubungan diplomatik dengan negara tersebut.
课本／Buku teks：Tingkatan 5, ms. 197."
F5 Chp 9,radio,SabahSet1_Q37,A,B,C,D,D,Sabah Set 1/Picture37.png,"中文：区域关系保障稳定及主权。
Bahasa Melayu: Hubungan serantau menjamin kestabilan dan kedaulatan negara.
课本／Buku teks：Tingkatan 5, ms. 210."
F5 Chp 9,radio,SabahSet2_Q37,A,B,C,D,B,Sabah Set 2/Picture37.png,"中文：参与联合国支持维护主权的国际原则。
Bahasa Melayu: Keanggotaan PBB membantu memelihara kedaulatan negara.
课本／Buku teks：Tingkatan 5, ms. 198."
F5 Chp 9,radio,SelangorSet1_Q37,A,B,C,D,C,Selangor Set 1/Picture37.png,"中文：国家需要与利益决定外交取向。
Bahasa Melayu: Keperluan nasional mempengaruhi penggubalan dasar luar.
课本／Buku teks：Tingkatan 5, ms. 197."
F5 Chp 9,radio,SelangorSet2_Q37,A,B,C,D,B,Selangor Set 2/Picture37.png,"中文：国际环境变化促使外交由亲西方转向不结盟。
Bahasa Melayu: Perubahan persekitaran luar mendorong dasar pro-Barat beralih kepada tidak berpihak.
课本／Buku teks：Tingkatan 5, ms. 197."
F5 Chp 9,radio,Terengganu_Q37,A,B,C,D,C,Terengganu/Picture37.png,"中文：外交调整须符合国家利益。
Bahasa Melayu: Perubahan dasar luar mengutamakan kepentingan nasional.
课本／Buku teks：Tingkatan 5, ms. 197."
F5 Chp 9,radio,JohorPasirGudang_Q38,A,B,C,D,C,Johor Pasir Gudang/Picture38.png,"中文：马来西亚以中庸价值反驳把伊斯兰社会等同暴力和落后的指控。
Bahasa Melayu: Malaysia mengetengahkan nilai kesederhanaan bagi menangkis tohmahan keganasan, kemiskinan dan kemunduran terhadap masyarakat Islam.
课本／Buku teks：Tingkatan 5, ms. 215."
F5 Chp 9,radio,JohorTangkak_Q38,A,B,C,D,B,Johor Tangkak/Picture38.png,"中文：马来西亚反对暴力，提倡中庸，以纠正对伊斯兰的负面看法。
Bahasa Melayu: Malaysia menolak keganasan dan mengetengahkan kesederhanaan untuk membetulkan tanggapan terhadap Islam.
课本／Buku teks：Tingkatan 5, ms. 215."
F5 Chp 9,radio,Kl_Q38,A,B,C,D,A,KL/Picture38.png,"中文：峇厘峰会讨论印度支那局势及区域稳定。
Bahasa Melayu: Sidang Bali membincangkan pergolakan Indochina dan kestabilan serantau.
课本／Buku teks：Tingkatan 5, ms. 208."
F5 Chp 9,radio,Melaka_Q38,A,B,C,D,B,Melaka/Picture38.png,"中文：1976年峰会讨论印度支那动荡。
Bahasa Melayu: Sidang 1976 membincangkan pergolakan di Indochina.
课本／Buku teks：Tingkatan 5, ms. 208."
F5 Chp 9,radio,NegeriSembilan_Q38,A,B,C,D,D,Negeri Sembilan/Picture38.png,"中文：区域合作促进稳定并保障国家主权。
Bahasa Melayu: Hubungan serantau menjamin kestabilan dan kedaulatan negara.
课本／Buku teks：Tingkatan 5, ms. 210."
F5 Chp 9,radio,Pahang_Q38,A,B,C,D,D,Pahang/Picture38.png,"中文：NAM 因波黑问题暂停南斯拉夫成员资格。
Bahasa Melayu: NAM menggantung keahlian Yugoslavia berhubung isu Bosnia.
课本／Buku teks：Tingkatan 5, ms. 213."
F5 Chp 9,radio,PenangSet1_Q38,A,B,C,D,C,Penang Set 1/Picture38.png,"中文：印度支那动荡带来难民与外来人口。
Bahasa Melayu: Pergolakan Indochina menyebabkan kebanjiran pendatang dan pelarian.
课本／Buku teks：Tingkatan 5, ms. 208."
F5 Chp 9,radio,Perak_Q38,A,B,C,D,D,Perak/Picture38.png,"中文：OIC 维护成员国利益。
Bahasa Melayu: OIC menjaga kepentingan negara anggota.
课本／Buku teks：Tingkatan 5, ms. 214."
F5 Chp 9,radio,Perlis_Q38,A,B,C,D,D,Perlis/Picture38.png,"中文：马来西亚参与科伦坡计划并反对种族隔离。
Bahasa Melayu: Malaysia menyertai Rancangan Colombo dan menentang aparteid.
课本／Buku teks：Tingkatan 5, ms. 206."
F5 Chp 9,radio,SabahSet1_Q38,A,B,C,D,D,Sabah Set 1/Picture38.png,"中文：种族隔离侵犯基本人权。
Bahasa Melayu: Dasar aparteid mencabuli hak asasi manusia.
课本／Buku teks：Tingkatan 5, ms. 207."
F5 Chp 9,radio,SabahSet2_Q38,A,B,C,D,A,Sabah Set 2/Picture38.png,"中文：经济发展也是外交面对的挑战。
Bahasa Melayu: Pembangunan ekonomi ialah cabaran dasar luar.
课本／Buku teks：Tingkatan 5, ms. 208-209."
F5 Chp 9,radio,SarawakSet2_Q38,A,B,C,D,D,Sarawak Set 2/Picture38.png,"中文：种族隔离实行种族歧视。
Bahasa Melayu: Aparteid melaksanakan diskriminasi kaum.
课本／Buku teks：Tingkatan 5, ms. 207."
F5 Chp 9,radio,SelangorSet1_Q38,A,B,C,D,B,Selangor Set 1/Picture38.png,"中文：Lusaka 宣言强调禁止核武。
Bahasa Melayu: Perisytiharan Lusaka menyeru pengharaman senjata nuklear.
课本／Buku teks：Tingkatan 5, ms. 213."
F5 Chp 9,radio,SelangorSet2_Q38,A,B,C,D,C,Selangor Set 2/Picture38.png,"中文：Lusaka 宣言要求禁止核武。
Bahasa Melayu: Perisytiharan Lusaka mendesak pengharaman senjata nuklear.
课本／Buku teks：Tingkatan 5, ms. 213."
F5 Chp 9,radio,Terengganu_Q38,A,B,C,D,A,Terengganu/Picture38.png,"中文：马来西亚参与维和并派遣观察员。
Bahasa Melayu: Malaysia menyertai misi pengaman dan menghantar pasukan pemerhati.
课本／Buku teks：Tingkatan 5, ms. 200-202."
F5 Chp 9,radio,SabahSet2_Q39,A,B,C,D,C,Sabah Set 2/Picture39.png,"中文：东盟分裂将破坏区域安全。
Bahasa Melayu: Perpecahan ASEAN menggugat keselamatan serantau.
课本／Buku teks：Tingkatan 5, ms. 210."
