title,type,question,A,B,C,D,answer,image,explanation
F4 Chp 1,radio,JohorBahru_Q01,A,B,C,D,D,Johor Bahru/Picture1.png,"中文：室利佛逝臣民饮用 Telaga Batu 铭文石上流下的水，是宣誓效忠君主的仪式，所以选D。（答案纸参考：F4，第4页。）
Bahasa Melayu: Rakyat Srivijaya meminum air dari Inskripsi Telaga Batu dalam upacara sumpah setia kepada raja, maka D tepat. Rujukan skema: Tingkatan 4, m.s. 4."
F4 Chp 1,radio,JohorKulaiSet_Q01,A,B,C,D,C,Johor Kulai Set 1/Picture1.png,"中文：早期马来世界国家的四项特征是君主、法律、人民及势力范围，因此X为 wilayah pengaruh，选C。（答案纸参考：F4，第4页。）
Bahasa Melayu: Empat ciri negara bangsa kerajaan Alam Melayu ialah raja, undang-undang, rakyat dan wilayah pengaruh; X ialah wilayah pengaruh, maka C tepat. Rujukan skema: Tingkatan 4, m.s. 4."
F4 Chp 1,radio,JohorKulaiSet_Q01,A,B,C,D,B,Johor Kulai Set 2/Picture1.png,"中文：早期马来世界国家具有君主、人民、势力范围及法律四项特征，选项中“法律”对应B。（答案纸参考：F4，第4页。）
Bahasa Melayu: Undang-undang ialah salah satu daripada empat ciri negara bangsa kerajaan Alam Melayu bersama raja, rakyat dan wilayah pengaruh, maka B tepat. Rujukan skema: Tingkatan 4, m.s. 4."
F4 Chp 1,radio,JohorMuar_Q01,A,B,C,D,A,Johor Muar/Picture1.png,"中文：马来世界王国以国王为统治核心，国王统领行政、司法和军事，并获得人民效忠。因此王权是这类王国的主要特征，选A。（答案纸参考：F4，第4页。）
Bahasa Melayu: Raja menjadi tonggak utama kerajaan Alam Melayu dengan mengetuai pemerintahan, perundangan dan pertahanan serta menerima kesetiaan rakyat. Oleh itu, A menunjukkan ciri asas kerajaan tersebut. Rujukan skema: Tingkatan 4, m.s. 4."
F4 Chp 1,radio,JohorPasirGudang_Q01,A,B,C,D,C,Johor Pasir Gudang/Picture1.png,"中文：苏丹对人民和领土拥有最高统治权，体现苏丹主权Kedaulatan Sultan。因此选C；疆域大小和王室象征并不直接说明最高权力。（答案纸参考：F4，第6页。）
Bahasa Melayu: Hak mutlak sultan terhadap rakyat dan wilayah menunjukkan kedaulatan, iaitu kuasa tertinggi pemerintah. Oleh itu, C tepat, bukan keluasan wilayah atau lambang kebesaran. Rujukan skema: Tingkatan 4, m.s. 6."
F4 Chp 1,radio,JohorSegamatSet_Q01,A,B,C,D,A,Johor Segamat Set 1/Picture1.png,"中文：马来世界王国的主要特征是国王、法律、势力范围和人民。没有人民支持，王国就无法维持统治，因此X是人民，选A。（答案纸参考：F4，第4页。）
Bahasa Melayu: Ciri kerajaan Alam Melayu ialah raja, undang-undang, wilayah pengaruh dan rakyat. Rakyat menyokong pemerintahan dan membentuk asas kerajaan, maka X ialah A. Rujukan skema: Tingkatan 4, m.s. 4."
F4 Chp 1,radio,JohorSegamatSet_Q01,A,B,C,D,C,Johor Segamat Set 2/Picture1.png,"中文：马来世界王国的特征包括国王、人民、法律及势力范围。题图缺少的是势力范围Wilayah Pengaruh，因此选C。（答案纸参考：F4，第4页。）
Bahasa Melayu: Ciri kerajaan Alam Melayu merangkumi raja, rakyat, undang-undang dan wilayah pengaruh. Unsur yang belum dinyatakan dalam rajah ialah wilayah pengaruh, maka C tepat. Rujukan skema: Tingkatan 4, m.s. 4."
F4 Chp 1,radio,Kedah_Q01,A,B,C,D,B,Kedah/Picture1.png,"中文：马六甲的势力范围包括Patani，体现其对马来半岛地区的影响；Siam并非马六甲属地。答案纸参考：F4第7页。
Bahasa Melayu: Wilayah pengaruh Melaka meliputi Patani, menunjukkan pengaruhnya di Semenanjung; Siam bukan wilayah Melaka. Rujukan skema: T4 ms.7."
F4 Chp 1,radio,Kelantan_Q01,A,B,C,D,C,Kelantan/Picture1.png,"中文：早期马来世界国家的特征包括君主、法律、势力范围和人民，因此选法律C；其他选项属于马六甲国家特征的表述。 答案纸参考：F4第4页。
Bahasa Melayu: Ciri negara bangsa kerajaan Alam Melayu ialah raja, undang-undang, wilayah pengaruh dan rakyat; maka undang-undang C tepat. Rujukan skema: T4 ms.4."
F4 Chp 1,radio,KualaLumpur_Q01,A,B,C,D,D,Kuala Lumpur/Picture1.png,"中文：伊斯兰传入后，君主采用Sultan称号，体现伊斯兰政治文化的影响。 答案纸参考：F4第6页。
Bahasa Melayu: Kedatangan Islam menyebabkan gelaran Sultan digunakan, mencerminkan pengaruh politik dan budaya Islam. Rujukan skema: T4 ms.6."
F4 Chp 1,radio,Melaka_Q01,A,B,C,D,A,Melaka/Picture1.png,"中文：Majapahit使用Kutara Manawa规定社会秩序及司法，保障人民生活安宁。 答案纸参考：F4第4页。
Bahasa Melayu: Majapahit melaksanakan Kutara Manawa untuk mengatur masyarakat dan kehakiman serta menjamin kesejahteraan. Rujukan skema: T4 ms.4."
F4 Chp 1,radio,Mrsm_Q01,A,B,C,D,A,MRSM/Picture1.png,"中文：君主是马来世界国家的统治核心，领导政府并获得臣民效忠，因此选A。 答案纸参考：F4第4页。
Bahasa Melayu: Raja mengetuai kerajaan Alam Melayu dan menjadi pusat pemerintahan serta kesetiaan rakyat, A. Rujukan skema: T4 ms.4."
F4 Chp 1,radio,N_Q01,A,B,C,D,B,N9/Picture1.png,"中文：附属地区通过王室婚姻接受马六甲宗主权；武力征服获得的通常称征服地区。 答案纸参考：F4第7页。
Bahasa Melayu: Wilayah naungan menerima ketuanan Melaka melalui perkahwinan; wilayah yang diperoleh melalui peperangan disebut wilayah taklukan. Rujukan skema: T4 ms.7."
F4 Chp 1,radio,Pahang_Q01,A,B,C,D,B,Pahang/Picture1.png,"中文：B：人民是马六甲国家民族的特征，须效忠苏丹并遵守法律。课本列出的特征是政府、人民、主权、势力范围、法律及王权象征；这里的正式项目不是选项A的“国王”。答案纸参考：F4第6–7页。
Bahasa Melayu: B: Rakyat ialah ciri negara bangsa Melaka yang taat kepada sultan dan mematuhi undang-undang. Senarai khususnya ialah kerajaan, rakyat, kedaulatan, wilayah pengaruh, undang-undang dan lambang kebesaran; “raja” bukan istilah senarai tersebut. Rujukan skema: T4 ms. 6–7."
F4 Chp 1,radio,Perak_Q01,A,B,C,D,B,Perak/Picture1.png,"中文：X是王权象征，例如御玺、王冠及王室礼仪；它们体现苏丹的权威，是马六甲苏丹王朝的特征。答案纸参考：F4，第7页。
Bahasa Melayu: X ialah lambang kebesaran seperti cap mohor, mahkota dan adat istiadat diraja yang melambangkan kedaulatan sultan Melaka. Rujukan skema: F4, halaman 7."
F4 Chp 1,radio,Perlis_Q01,A,B,C,D,C,Perlis/Picture1.png,"中文：势力范围是马来世界王国的重要特征，指人民承认并接受统治者权威的地区；范围体现统治力量。答案纸参考：F4，第4页。
Bahasa Melayu: Wilayah pengaruh ialah kawasan yang rakyatnya menerima dan mengakui pemerintahan raja, serta menunjukkan kekuatan kerajaan Alam Melayu. Rujukan skema: F4, halaman 4."
F4 Chp 1,radio,PulauPinang_Q01,A,B,C,D,D,Pulau Pinang/Picture1.png,"中文：人民效忠并承认苏丹权力，也必须遵守王国法律；行政、外交及征税不是所有人民的职务。答案纸参考：F4，第6页。
Bahasa Melayu: Rakyat taat dan mengakui kekuasaan sultan serta mematuhi undang-undang kerajaan. Pentadbiran, diplomasi dan kutipan cukai bukan tugas semua rakyat. Rujukan skema: F4, halaman 6."
F4 Chp 1,radio,PutrajayaSet_Q01,A,B,C,D,D,Putrajaya set 1/Picture1.png,"中文：Temenggung负责城内治安及安全；Bendahara领导行政，Penghulu Bendahari负责财政，Laksamana领导海军。答案纸参考：F4，第9页。
Bahasa Melayu: Temenggung menjaga keselamatan kota. Bendahara mengetuai pentadbiran, Penghulu Bendahari mengurus kewangan dan Laksamana mengetuai angkatan laut. Rujukan skema: F4, halaman 9."
F4 Chp 1,radio,PutrajayaSet_Q01,A,B,C,D,B,Putrajaya set 2/Picture1.png,"中文：马来世界王国的国家民族特征包括统治者、法律、人民及势力范围；“大臣”属于行政人员，不在这组基本特征中。答案纸参考：F4，第4页。
Bahasa Melayu: Ciri negara bangsa Alam Melayu merangkumi raja, undang-undang, rakyat dan wilayah pengaruh. Pembesar ialah golongan pentadbir, bukan ciri dalam senarai asas ini. Rujukan skema: F4, halaman 4."
F4 Chp 1,radio,Sabah_Q01,A,B,C,D,B,Sabah/Picture1.png,"中文：B：传统政治中的领土是承认国王权威、向他效忠的人民所在地区，因此人民的忠诚决定其势力范围。
Bahasa Melayu: B: Wilayah dalam sistem politik Melayu tradisional ialah kawasan penduduk yang menerima dan setia kepada raja; kesetiaan rakyat menentukan pengaruhnya."
F4 Chp 1,radio,Sabk_Q01,A,B,C,D,C,SABK/Picture1.png,"中文：Srivijaya由梵文“sri”（光辉）及“vijaya”（胜利）组成，因此意思是胜利之光。答案纸参考：F4，第5页。
Bahasa Melayu: Srivijaya berasal daripada sri yang bermaksud cahaya dan vijaya yang bermaksud kemenangan, lalu membawa maksud cahaya kemenangan. Rujukan skema: F4, halaman 5."
F4 Chp 1,radio,SarawakSibu_Q01,A,B,C,D,C,Sarawak Sibu/Picture1.png,"中文：C（II、III）：有远见的统治者及位于战略航线的地理位置，帮助马六甲成为著名王国与贸易中心。【答案纸参考：9；书页内容待逐页确认。】
Bahasa Melayu: C (II dan III): Pemerintah yang berwawasan dan kedudukan di laluan strategik menjadikan Melaka kerajaan serta pusat perdagangan yang terkenal. [Rujukan skema: 9; kandungan halaman buku belum disahkan satu demi satu.]"
F4 Chp 1,radio,Sbp_Q01,A,B,C,D,D,SBP/Picture1.png,"中文：D：Nobat和王室礼器是苏丹权威与国家主权的象征，因此重点不是财富或艺术特色。【答案纸参考：7；书页内容待逐页确认。】
Bahasa Melayu: D: Nobat dan regalia melambangkan kedaulatan serta kekuasaan sultan, bukan sekadar kekayaan atau keunikan seni. [Rujukan skema: 7; kandungan halaman buku belum disahkan satu demi satu.]"
F4 Chp 1,radio,Selangor_Q01,A,B,C,D,B,Selangor/Picture1.png,"中文：B：征服地区通过战争与军事胜利取得；婚姻取得的是另一类影响地区。【答案纸参考：B1T4M7；书页内容待逐页确认。】
Bahasa Melayu: B: Wilayah taklukan diperoleh melalui peperangan dan kemenangan ketenteraan, berbeza dengan wilayah pengaruh melalui perkahwinan. [Rujukan skema: B1T4M7; kandungan halaman buku belum disahkan satu demi satu.]"
F4 Chp 1,radio,Smka_Q01,A,B,C,D,C,SMKA/Picture1.png,"中文：C：Kutara Manawa规范社会行为和治理，确保Majapahit国家安宁及人民福祉。【答案纸参考：T4 Hal.4；书页内容待逐页确认。】
Bahasa Melayu: C: Kutara Manawa mengatur kehidupan dan pentadbiran bagi memastikan kesejahteraan kerajaan Majapahit. [Rujukan skema: T4 Hal.4; kandungan halaman buku belum disahkan satu demi satu.]"
F4 Chp 1,radio,Terengganu_Q01,A,B,C,D,C,Terengganu/Picture1.png,"中文：C（II、III）：统治者治理能力强，加上战略航线位置，使马六甲发展为卓越王国。【答案纸参考：BAB 1- MS 8；书页内容待逐页确认。】
Bahasa Melayu: C (II dan III): Keupayaan pemerintah dan kedudukan di laluan strategik menjadikan Kesultanan Melayu Melaka sebuah kerajaan yang unggul. [Rujukan skema: BAB 1- MS 8; kandungan halaman buku belum disahkan satu demi satu.]"
F4 Chp 1,radio,JohorBahru_Q02,A,B,C,D,A,Johor Bahru/Picture2.png,"中文：不服从君主被视为违背臣民责任，臣民担心遭受 tulah，即对君主不忠所招致的灾祸；waadat则是君民之间的约定。（答案纸参考：F4，第13页。）
Bahasa Melayu: Rakyat takut menerima tulah apabila mengingkari pemerintah; waadat pula ialah perjanjian antara pemerintah dengan rakyat, maka A tepat. Rujukan skema: Tingkatan 4, m.s. 13."
F4 Chp 1,radio,JohorKulaiSet_Q02,A,B,C,D,A,Johor Kulai Set 1/Picture2.png,"中文：臣民相信违抗君主会遭受 tulah，所以愿意服从命令；这是君民忠诚关系的一部分，选A。（答案纸参考：F4，第12页。）
Bahasa Melayu: Kepercayaan bahawa penderhaka akan ditimpa tulah mendorong rakyat mematuhi pemerintah, maka A tepat. Rujukan skema: Tingkatan 4, m.s. 12."
F4 Chp 1,radio,JohorKulaiSet_Q02,A,B,C,D,A,Johor Kulai Set 2/Picture2.png,"中文：臣民相信叛逆会招致 tulah，即对君主不忠的灾祸，因此不敢违抗统治者，选A。（答案纸参考：F4，第13页。）
Bahasa Melayu: Kepercayaan bahawa penderhakaan membawa tulah menyebabkan rakyat tidak menderhaka kepada pemerintah, maka A tepat. Rujukan skema: Tingkatan 4, m.s. 13."
F4 Chp 1,radio,JohorMuar_Q02,A,B,C,D,B,Johor Muar/Picture2.png,"中文：马六甲统治者制定并执行法律来维持社会秩序、保障人民安全。效忠统治者和服兵役则属于人民的责任，因此选B。（答案纸参考：F4，第12页。）
Bahasa Melayu: Pemerintah Melaka memperkenalkan dan melaksanakan undang-undang bagi menjaga keamanan serta mengawal kehidupan rakyat. Taat setia dan menjadi tentera ialah tanggungjawab rakyat, maka B tepat. Rujukan skema: Tingkatan 4, m.s. 12."
F4 Chp 1,radio,JohorPasirGudang_Q02,A,B,C,D,B,Johor Pasir Gudang/Picture2.png,"中文：人民应效忠苏丹并遵守法律，因此I和IV对应B。II加强经济也可属于人民的贡献，题目组合存在重叠；行政主要由统治者和大臣负责。（答案纸参考：F4，第13页。）
Bahasa Melayu: Rakyat perlu taat setia kepada sultan dan mematuhi undang-undang, maka I dan IV memberikan B. II juga boleh menjadi sumbangan rakyat kepada kerajaan, jadi pilihan mempunyai pertindihan; pentadbiran terutama dijalankan pemerintah dan pembesar. Rujukan skema: Tingkatan 4, m.s. 13."
F4 Chp 1,radio,JohorSegamatSet_Q02,A,B,C,D,D,Johor Segamat Set 1/Picture2.png,"中文：Waadat意为统治者与人民之间的协议，规定双方互相承担责任。人民效忠，统治者保障人民，因此选D。（答案纸参考：F4，第13页。）
Bahasa Melayu: Waadat bermaksud perjanjian antara pemerintah dengan rakyat. Hubungan timbal balik ini menetapkan kesetiaan rakyat serta tanggungjawab pemerintah menjaga rakyat, maka D tepat. Rujukan skema: Tingkatan 4, m.s. 13."
F4 Chp 1,radio,JohorSegamatSet_Q02,A,B,C,D,A,Johor Segamat Set 2/Picture2.png,"中文：传统社会相信违抗苏丹会招致Tulah，即不忠带来的灾祸，因此人民愿意服从命令。题目问这种观念的作用，所以选A。（答案纸参考：F4，第12-15页。）
Bahasa Melayu: Rakyat percaya bahawa penderhakaan kepada sultan boleh mendatangkan tulah. Kepercayaan ini mendorong ketaatan terhadap pemerintah, maka A tepat. Rujukan skema: Tingkatan 4, m.s. 12-15."
F4 Chp 1,radio,Kedah_Q02,A,B,C,D,C,Kedah/Picture2.png,"中文：系统化的行政制度和四级大臣分工，使马六甲管理有序并维持强盛，选C。答案纸参考：F4第8页。
Bahasa Melayu: Pentadbiran tersusun dan pembahagian tugas Pembesar Empat Lipatan menjamin pengurusan serta keunggulan Melaka, C. Rujukan skema: T4 ms.8."
F4 Chp 1,radio,Kelantan_Q02,A,B,C,D,D,Kelantan/Picture2.png,"中文：Nakhoda Jenal与Nakhoda Sahak参与制定Undang-Undang Laut Melaka，规范航行、船上权力与贸易。 答案纸参考：F4第11页。
Bahasa Melayu: Nakhoda Jenal dan Nakhoda Sahak mengusahakan Undang-Undang Laut Melaka bagi mengatur pelayaran, kuasa di kapal dan perdagangan. Rujukan skema: T4 ms.11."
F4 Chp 1,radio,KualaLumpur_Q02,A,B,C,D,A,Kuala Lumpur/Picture2.png,"中文：王室颜色、nobat及御用器物彰显君主主权与特殊地位，而不只是财富。 答案纸参考：F4第7页。
Bahasa Melayu: Warna diraja, nobat dan regalia menggambarkan kedaulatan serta kedudukan istimewa raja, bukan sekadar kekayaan. Rujukan skema: T4 ms.7."
F4 Chp 1,radio,Melaka_Q02,A,B,C,D,A,Melaka/Picture2.png,"中文：人民向君主效忠、遵守法律并履行义务，是维持马六甲统治的重要基础。 答案纸参考：F4第6页。
Bahasa Melayu: Rakyat memberi taat setia, mematuhi undang-undang dan melaksanakan kewajipan untuk menyokong pemerintahan Melaka. Rujukan skema: T4 ms.6."
F4 Chp 1,radio,Mrsm_Q02,A,B,C,D,D,MRSM/Picture2.png,"中文：明朝承认马六甲及外国使节来访，证明其自主地位获其他国家承认，III、IV正确。 答案纸参考：F4第6页。
Bahasa Melayu: Pengiktirafan Dinasti Ming dan penerimaan utusan luar membuktikan kedaulatan Melaka diiktiraf kerajaan lain; III dan IV betul. Rujukan skema: T4 ms.6."
F4 Chp 1,radio,N_Q02,A,B,C,D,D,N9/Picture2.png,"中文：X为Penghulu Bendahari，负责国库财务与政府收支，因此选D。 答案纸参考：F4第9页。
Bahasa Melayu: X ialah Penghulu Bendahari yang mengurus perbendaharaan dan kewangan kerajaan, D. Rujukan skema: T4 ms.9."
F4 Chp 1,radio,Pahang_Q02,A,B,C,D,A,Pahang/Picture2.png,"中文：A：Bendahara是苏丹的主要顾问，协助统筹行政。财务由Penghulu Bendahari负责，城防由Temenggung负责，港口税务由Syahbandar负责。答案纸参考：F4第9页。
Bahasa Melayu: A: Bendahara menjadi penasihat utama sultan dan membantu pentadbiran. Penghulu Bendahari mengurus kewangan, Temenggung menjaga keselamatan dan Syahbandar mengurus urusan pelabuhan. Rujukan skema: T4 ms. 9."
F4 Chp 1,radio,Perak_Q02,A,B,C,D,A,Perak/Picture2.png,"中文：马六甲通过征服扩大在马来半岛及苏门答腊东部的势力范围，因此答案是战争；文化交流与使节往来不是这里所问的扩张方式。答案纸参考：F4，第7页。
Bahasa Melayu: Melaka meluaskan wilayah pengaruh di Semenanjung Tanah Melayu dan timur Sumatera melalui penaklukan atau peperangan. Pertukaran budaya dan utusan bukan cara peluasan yang ditanya. Rujukan skema: F4, halaman 7."
F4 Chp 1,radio,Perlis_Q02,A,B,C,D,C,Perlis/Picture2.png,"中文：马六甲人民参与集体劳动及公共建设，以履行对统治者的责任；制定法律和领导行政属于统治阶层的职务。答案纸参考：F4，第13页。
Bahasa Melayu: Rakyat Melaka menunaikan tanggungjawab melalui gotong-royong dan kerja untuk kepentingan kerajaan. Menggubal undang-undang dan mengetuai pentadbiran ialah tugas pemerintah. Rujukan skema: F4, halaman 13."
F4 Chp 1,radio,PulauPinang_Q02,A,B,C,D,A,Pulau Pinang/Picture2.png,"中文：马六甲从贸易及属地缴纳的贡品取得收入，所以I和II正确；应分清中央收入来源与其他社会经济活动。答案纸参考：F4，第9页。
Bahasa Melayu: Melaka memperoleh pendapatan melalui perdagangan dan pembayaran ufti wilayah taklukan. Maka I dan II tepat sebagai sumber kewangan kerajaan. Rujukan skema: F4, halaman 9."
F4 Chp 1,radio,PutrajayaSet_Q02,A,B,C,D,C,Putrajaya set 1/Picture2.png,"中文：《马六甲法典》第4条将伪造王令及违抗王令列为严重罪行，可判死刑，故II和III正确。答案纸参考：F4，第10页。
Bahasa Melayu: Fasal 4 Hukum Kanun Melaka memperuntukkan hukuman bunuh bagi memalsukan titah dan mengingkari arahan raja. Maka II dan III tepat. Rujukan skema: F4, halaman 10."
F4 Chp 1,radio,PutrajayaSet_Q02,A,B,C,D,A,Putrajaya set 2/Picture2.png,"中文：传统社会相信背叛统治者会遭受tulah，即与王权相关的灾祸；这种信仰强化人民效忠。答案纸参考：F4，第13页。
Bahasa Melayu: Kepercayaan bahawa penderhaka akan ditimpa tulah, iaitu kecelakaan berkaitan daulat raja, mengukuhkan kesetiaan rakyat kepada pemerintah. Rujukan skema: F4, halaman 13."
F4 Chp 1,radio,Sabah_Q02,A,B,C,D,A,Sabah/Picture2.png,"中文：A：Bendahara是首席大臣，领导行政并协助及劝告苏丹；管理财政属于Penghulu Bendahari。
Bahasa Melayu: A: Bendahara mengetuai pentadbiran dan menjadi penasihat sultan, manakala kewangan diurus oleh Penghulu Bendahari."
F4 Chp 1,radio,Sabk_Q02,A,B,C,D,C,SABK/Picture2.png,"中文：《马六甲海事法》及《马六甲法典》分别规范航海与陆上事务，使王国具有有序法律制度，故II和III正确。答案纸参考：F4，第10至11页。
Bahasa Melayu: Undang-undang Laut Melaka dan Hukum Kanun Melaka mengatur urusan pelayaran serta kehidupan di darat, menjadikan pentadbiran tersusun. Maka II dan III tepat. Rujukan skema: F4, halaman 10–11."
F4 Chp 1,radio,SarawakSibu_Q02,A,B,C,D,A,Sarawak Sibu/Picture2.png,"中文：A：Bendahara领导行政并担任苏丹顾问；财务是Penghulu Bendahari的职责。【答案纸参考：9；书页内容待逐页确认。】
Bahasa Melayu: A: Bendahara mengetuai pentadbiran dan menjadi penasihat sultan, manakala kewangan diurus oleh Penghulu Bendahari. [Rujukan skema: 9; kandungan halaman buku belum disahkan satu demi satu.]"
F4 Chp 1,radio,Sbp_Q02,A,B,C,D,B,SBP/Picture2.png,"中文：B：传统君民关系要求人民忠于国王并服从统治者命令；违抗国王被认为会招致tulah。【答案纸参考：13；书页内容待逐页确认。】
Bahasa Melayu: B: Dalam hubungan pemerintah dengan rakyat, rakyat perlu setia dan mematuhi arahan raja. Penderhakaan dipercayai membawa tulah. [Rujukan skema: 13; kandungan halaman buku belum disahkan satu demi satu.]"
F4 Chp 1,radio,Selangor_Q02,A,B,C,D,A,Selangor/Picture2.png,"中文：A：Hukum Kanun Melaka第30条规范交易，包括禁止riba，反映伊斯兰对经济法律的影响。【答案纸参考：B1T4 M10；书页内容待逐页确认。】
Bahasa Melayu: A: Fasal 30 Hukum Kanun Melaka mengatur urus niaga, termasuk pengharaman riba, yang menunjukkan pengaruh Islam dalam perundangan ekonomi. [Rujukan skema: B1T4 M10; kandungan halaman buku belum disahkan satu demi satu.]"
F4 Chp 1,radio,Smka_Q02,A,B,C,D,D,SMKA/Picture2.png,"中文：D：课本把Lingga、Patani及Kedah列为通过王室婚姻取得的影响地区，区别于征服所得地区。【答案纸参考：T4 Hal.7；书页内容待逐页确认。】
Bahasa Melayu: D: Lingga, Patani dan Kedah termasuk wilayah pengaruh yang diperoleh melalui perkahwinan diraja, bukan penaklukan. [Rujukan skema: T4 Hal.7; kandungan halaman buku belum disahkan satu demi satu.]"
F4 Chp 1,radio,Terengganu_Q02,A,B,C,D,B,Terengganu/Picture2.png,"中文：B：Temenggung负责城内安全及治安；Bendahara则领导行政。【答案纸参考：BAB 1- MS 9；书页内容待逐页确认。】
Bahasa Melayu: B: Temenggung menjaga keselamatan kota dan ketenteraman, manakala Bendahara mengetuai pentadbiran. [Rujukan skema: BAB 1- MS 9; kandungan halaman buku belum disahkan satu demi satu.]"
F4 Chp 1,radio,Melaka_Q03,A,B,C,D,C,Melaka/Picture3.png,"中文：Temenggung负责国内治安和安全，维护秩序；港口税务由其他官员负责。 答案纸参考：F4第9页。
Bahasa Melayu: Temenggung menjaga keamanan serta keselamatan dalam negeri; urusan cukai pelabuhan bukan tugas utamanya. Rujukan skema: T4 ms.9."
F4 Chp 10,radio,JohorBahru_Q19,A,B,C,D,D,Johor Bahru/Picture19.png,"中文：课本引用 Mandela 对独立的理解，强调摆脱奴役与压迫；四个选项中对应D。（答案纸参考：F4，第234页。）
Bahasa Melayu: Takrif kemerdekaan menurut Nelson Mandela menekankan kebebasan daripada perhambaan dan penindasan, maka D tepat. Rujukan skema: Tingkatan 4, m.s. 234."
F4 Chp 10,radio,JohorKulaiSet_Q19,A,B,C,D,B,Johor Kulai Set 1/Picture19.png,"中文：al-Afghani 主张团结及共同反抗外来支配，因此题中独立观对应团结精神，选B。（答案纸参考：F4，第234页。）
Bahasa Melayu: Pandangan al-Afghani menekankan semangat bersatu padu dalam menentang penguasaan asing, maka B tepat. Rujukan skema: Tingkatan 4, m.s. 234."
F4 Chp 10,radio,JohorKulaiSet_Q19,A,B,C,D,D,Johor Kulai Set 2/Picture19.png,"中文：Kamus Dewan 的独立定义是摆脱殖民、外来约束与支配，因此最直接对应D。（答案纸参考：F4，第234页。）
Bahasa Melayu: Kamus Dewan mentakrifkan kemerdekaan sebagai bebas daripada penjajahan, kurungan atau naungan, maka D tepat. Rujukan skema: Tingkatan 4, m.s. 234."
F4 Chp 10,radio,JohorMuar_Q19,A,B,C,D,C,Johor Muar/Picture19.png,"中文：马哈迪认为独立不仅是脱离殖民统治与殖民思想，也包括全心爱国、愿意为国家牺牲。因此“全心爱国”符合他的定义，选C。（答案纸参考：F4，第235页。）
Bahasa Melayu: Tun Dr. Mahathir mentakrifkan merdeka bukan sekadar bebas daripada kuasa dan pemikiran penjajah, tetapi juga menyayangi negara sepenuh hati serta sanggup berkorban. Oleh itu, C tepat. Rujukan skema: Tingkatan 4, m.s. 235."
F4 Chp 10,radio,JohorPasirGudang_Q19,A,B,C,D,B,Johor Pasir Gudang/Picture19.png,"中文：1957年8月31日正式独立庆典在Stadium Merdeka举行，东姑宣读独立宣言并高喊Merdeka。因此选B。（答案纸参考：F4，第240页。）
Bahasa Melayu: Upacara rasmi kemerdekaan pada 31 Ogos 1957 berlangsung di Stadium Merdeka. Tunku membaca pemasyhuran kemerdekaan dan melaungkan Merdeka, maka B tepat. Rujukan skema: Tingkatan 4, m.s. 240."
F4 Chp 10,radio,JohorSegamatSet_Q19,A,B,C,D,B,Johor Segamat Set 1/Picture19.png,"中文：课本把甘地的独立观念与摆脱贫困、种姓压迫及束缚人的观念联系起来。因此题目中的种姓压迫最符合，选B。（答案纸参考：F4，第234页。）
Bahasa Melayu: Menurut huraian buku teks, kemerdekaan bagi Mahatma Gandhi berkaitan pembebasan daripada kemiskinan, penindasan kasta dan belenggu pemikiran. Oleh itu, B tepat. Rujukan skema: Tingkatan 4, m.s. 234."
F4 Chp 10,radio,JohorSegamatSet_Q19,A,B,C,D,A,Johor Segamat Set 2/Picture19.png,"中文：甘地认为每个国家都有权自行治理，独立也应涵盖政治、经济及道德方面。因此“自由管理国家”符合他的独立观念，选A。（答案纸参考：F4，第234页。）
Bahasa Melayu: Mahatma Gandhi berpendapat setiap negara berhak mengurus negaranya sendiri dan kemerdekaan merangkumi politik, ekonomi serta moral. Oleh itu, A tepat. Rujukan skema: Tingkatan 4, m.s. 234."
F4 Chp 10,radio,Kedah_Q19,A,B,C,D,B,Kedah/Picture19.png,"中文：国会制定联邦法律，州议会制定州法律，两者同属立法机关而非司法或行政机关。答案纸参考：F4第242页。
Bahasa Melayu: Parlimen menggubal undang-undang persekutuan dan DUN menggubal undang-undang negeri; kedua-duanya badan perundangan. Rujukan skema: T4 ms.242."
F4 Chp 10,radio,Kelantan_Q19,A,B,C,D,B,Kelantan/Picture19.png,"中文：庆典委员会举办礼仪课程，确保独立庆典的程序、座位及正式礼节顺利执行。 答案纸参考：F4第237页。
Bahasa Melayu: Jawatankuasa sambutan menganjurkan kursus protokol untuk memastikan tatacara dan istiadat sambutan kemerdekaan berjalan teratur. Rujukan skema: T4 ms.237."
F4 Chp 10,radio,KualaLumpur_Q19,A,B,C,D,B,Kuala Lumpur/Picture19.png,"中文：马来君主批准使用国家徽章，体现君主在国家象征及主权中的作用。 答案纸参考：F4第236页。
Bahasa Melayu: Raja-raja Melayu memperkenankan penggunaan jata negara, menunjukkan peranan raja dalam lambang dan kedaulatan negara. Rujukan skema: T4 ms.236."
F4 Chp 10,radio,Melaka_Q19,A,B,C,D,D,Melaka/Picture19.png,"中文：Gandhi强调每个国家有权自主管理自身事务，独立意味着摆脱外国控制。 答案纸参考：F4第234页。
Bahasa Melayu: Gandhi menegaskan setiap negara berhak mengurus negaranya sendiri; kemerdekaan bermakna bebas daripada kawalan asing. Rujukan skema: T4 ms.234."
F4 Chp 10,radio,Mrsm_Q19,A,B,C,D,A,MRSM/Picture19.png,"中文：庆典委员会举办礼仪课程，确保独立宣告庆典按正式程序顺利进行。 答案纸参考：F4第237页。
Bahasa Melayu: Jawatankuasa Sambutan menganjurkan kursus protokol agar upacara pemasyhuran kemerdekaan berjalan mengikut tatacara rasmi. Rujukan skema: T4 ms.237."
F4 Chp 10,radio,N_Q19,A,B,C,D,B,N9/Picture19.png,"中文：政府逐步任命本地人民接替欧洲官员，在国防、专业与高等教育领域实现本地化。 答案纸参考：F4第242页。
Bahasa Melayu: Kerajaan melantik rakyat tempatan secara berperingkat menggantikan pegawai Eropah dalam pertahanan, bidang profesional dan pendidikan tinggi. Rujukan skema: T4 ms.242."
F4 Chp 10,radio,Perak_Q19,A,B,C,D,C,Perak/Picture19.png,"中文：FELDA通过大规模开发土地及安置居民，扩大农业活动并改善乡区居民的经济生活。答案纸参考：F4，第244页。
Bahasa Melayu: FELDA membuka tanah secara besar-besaran dan menempatkan peneroka bagi memperluas pertanian serta meningkatkan kehidupan ekonomi penduduk luar bandar. Rujukan skema: F4, halaman 244."
F4 Chp 10,radio,Perlis_Q19,A,B,C,D,D,Perlis/Picture19.png,"中文：物质准备委员会负责场地及设施，庆典委员会负责庆祝活动，两者都为独立庆典作准备。答案纸参考：F4，第236至237页。
Bahasa Melayu: Jawatankuasa Persediaan Fizikal menyediakan kemudahan, manakala Jawatankuasa Sambutan menguruskan acara sambutan; kedua-duanya membuat persediaan kemerdekaan. Rujukan skema: F4, halaman 236–237."
F4 Chp 10,radio,PulauPinang_Q19,A,B,C,D,A,Pulau Pinang/Picture19.png,"中文：国家象征展示独立国家的身份与主权，让人民认识共同国家标志，并不只是表现某位领袖个人权威。答案纸参考：F4，第236页。
Bahasa Melayu: Lambang negara menonjolkan identiti dan kedaulatan negara serta menjadi simbol bersama rakyat, bukan semata-mata kewibawaan seseorang pemimpin. Rujukan skema: F4, halaman 236."
F4 Chp 10,radio,PutrajayaSet_Q19,A,B,C,D,C,Putrajaya set 1/Picture19.png,"中文：独立后须由本地人员逐步接替欧洲官员，建立由本国人民治理的行政体系，这是政治与行政挑战。答案纸参考：F4，第242页。
Bahasa Melayu: Selepas merdeka, jawatan pegawai Eropah perlu digantikan secara berperingkat oleh pegawai tempatan untuk membina pentadbiran negara sendiri. Rujukan skema: F4, halaman 242."
F4 Chp 10,radio,PutrajayaSet_Q19,A,B,C,D,A,Putrajaya set 2/Picture19.png,"中文：独立庆典的设施、仪式及国家标志展示新国家身份，因此准备工作的重要意义是突出国家认同。答案纸参考：F4，第236页。
Bahasa Melayu: Persediaan kemudahan, upacara dan lambang kemerdekaan menonjolkan identiti negara baharu. Rujukan skema: F4, halaman 236."
F4 Chp 10,radio,Sabah_Q19,A,B,C,D,A,Sabah/Picture19.png,"中文：A（I、II）：1957年协议规定伊斯兰为联邦宗教，并维持马来人的特殊地位。
Bahasa Melayu: A (I dan II): Perjanjian 1957 menetapkan Islam sebagai agama Persekutuan dan mengekalkan kedudukan istimewa orang Melayu."
F4 Chp 10,radio,Sabk_Q19,A,B,C,D,B,SABK/Picture19.png,"中文：独立庆典为部长与高级官员准备的特别礼服是baju muskat，体现正式国家仪式身份。答案纸参考：F4，第237页。
Bahasa Melayu: Baju muskat disediakan sebagai pakaian khas menteri dan pegawai kerajaan bagi upacara sambutan kemerdekaan. Rujukan skema: F4, halaman 237."
F4 Chp 10,radio,Sbp_Q19,A,B,C,D,A,SBP/Picture19.png,"中文：A：加入Sterling Bloc有利于贸易和金融往来，从而加强独立后的国家经济。【答案纸参考：243；书页内容待逐页确认。】
Bahasa Melayu: A: Penyertaan dalam Blok Sterling memudahkan hubungan perdagangan dan kewangan, sekali gus mengukuhkan ekonomi negara selepas merdeka. [Rujukan skema: 243; kandungan halaman buku belum disahkan satu demi satu.]"
F4 Chp 10,radio,Selangor_Q19,A,B,C,D,B,Selangor/Picture19.png,"中文：B：礼宾课程训练官员接待及陪同受邀嘉宾，确保独立庆典符合正式礼仪。【答案纸参考：B10T4M237；书页内容待逐页确认。】
Bahasa Melayu: B: Kursus protokol menyediakan pegawai untuk mengiringi dan mengurus tetamu jemputan semasa sambutan kemerdekaan mengikut tatacara rasmi. [Rujukan skema: B10T4M237; kandungan halaman buku belum disahkan satu demi satu.]"
F4 Chp 10,radio,Smka_Q19,A,B,C,D,B,SMKA/Picture19.png,"中文：B：Mahatma Gandhi强调独立涵盖政治、经济和道德，每个国家有权自行管理国家。【答案纸参考：T4 Hal.234；书页内容待逐页确认。】
Bahasa Melayu: B: Mahatma Gandhi menegaskan kemerdekaan merangkumi politik, ekonomi dan moral serta hak setiap negara mengurus negaranya sendiri. [Rujukan skema: T4 Hal.234; kandungan halaman buku belum disahkan satu demi satu.]"
F4 Chp 10,radio,Terengganu_Q19,A,B,C,D,C,Terengganu/Picture19.png,"中文：C（II、III）：拒绝负面外来影响，并为民族和国家需要贡献思想，有助维护独立。
Bahasa Melayu: C (II dan III): Mengelakkan pengaruh luar yang negatif dan menyumbangkan idea untuk keperluan bangsa membantu mengekalkan kemerdekaan."
F4 Chp 10,radio,JohorBahru_Q20,A,B,C,D,A,Johor Bahru/Picture20.png,"中文：公民获法律承认，才享有受保障的基本权利；题干描述的是对人民公民身份的承认，所以选A。（答案纸参考：F4，第247页。）
Bahasa Melayu: Pengiktirafan sebagai rakyat memberikan kedudukan warganegara serta hak asasi yang dilindungi undang-undang, maka A tepat. Rujukan skema: Tingkatan 4, m.s. 247."
F4 Chp 10,radio,JohorKulaiSet_Q20,A,B,C,D,A,Johor Kulai Set 1/Picture20.png,"中文：第一马来亚计划重视乡村与经济发展，透过提高收入和创造工作减少贫穷，I、II对应A。（答案纸参考：F4，第244页。）
Bahasa Melayu: Rancangan Malaya Pertama menumpukan pembangunan ekonomi dan luar bandar untuk mengurangkan kemiskinan serta menyediakan pekerjaan; I dan II memberikan A. Rujukan skema: Tingkatan 4, m.s. 244."
F4 Chp 10,radio,JohorKulaiSet_Q20,A,B,C,D,C,Johor Kulai Set 2/Picture20.png,"中文：开发新地区及实行马来亚发展计划能扩展生产、改善基础设施及收入；II、III对应C。（答案纸参考：F4，第244页。）
Bahasa Melayu: Pembukaan kawasan baharu dan pelaksanaan Rancangan Malaya memperluas kegiatan ekonomi serta pembangunan, maka II dan III memberikan C. Rujukan skema: Tingkatan 4, m.s. 244."
F4 Chp 10,radio,JohorMuar_Q20,A,B,C,D,B,Johor Muar/Picture20.png,"中文：独立后马来亚签订AMDA防卫协定，并维持与英联邦的良好关系，以获得防务合作与安全支持。Letter Box和Goodsir则是紧急状态措施，所以选I和IV，即B。（答案纸参考：F4，第243页。）
Bahasa Melayu: Selepas merdeka, AMDA dan hubungan baik dengan Komanwel membantu memperkukuh pertahanan negara. Operasi Letter Box serta Rancangan Goodsir ialah langkah semasa darurat, maka I dan IV betul, iaitu B. Rujukan skema: Tingkatan 4, m.s. 243."
F4 Chp 10,radio,JohorPasirGudang_Q20,A,B,C,D,A,Johor Pasir Gudang/Picture20.png,"中文：各族领袖合作与协商，再通过与英国谈判争取独立，使马来亚能够和平取得主权。因此关键是谈判及各族共识，选A。（答案纸参考：F4，第241页。）
Bahasa Melayu: Kerjasama dan muafakat antara kaum mengukuhkan tuntutan kemerdekaan, manakala rundingan dengan British membuka jalan secara aman. Oleh itu, A tepat. Rujukan skema: Tingkatan 4, m.s. 241."
F4 Chp 10,radio,JohorSegamatSet_Q20,A,B,C,D,C,Johor Segamat Set 1/Picture20.png,"中文：红皮书计划记录各地区的发展项目，方便监督与评估执行进度，确保乡村发展落实。因此目的对应C。（答案纸参考：F4，第244页。）
Bahasa Melayu: Rancangan Buku Merah merekodkan projek pembangunan untuk memantau dan menilai pelaksanaannya. Pemantauan membantu menjayakan pembangunan terutama di luar bandar, maka C tepat. Rujukan skema: Tingkatan 4, m.s. 244."
F4 Chp 10,radio,JohorSegamatSet_Q20,A,B,C,D,D,Johor Segamat Set 2/Picture20.png,"中文：共同教学语言有助各族学生沟通并建立共同国家认同。Rahman Talib报告强调马来语作为教学媒介，因此选D。（答案纸参考：F4，第245页。）
Bahasa Melayu: Bahasa pengantar bersama membantu komunikasi serta pembentukan identiti kebangsaan. Penyata Rahman Talib menekankan bahasa Melayu sebagai bahasa pengantar, maka D tepat. Rujukan skema: Tingkatan 4, m.s. 245."
F4 Chp 10,radio,Kedah_Q20,A,B,C,D,C,Kedah/Picture20.png,"中文：独立后的国防能力仍需支持，AMDA安排英国及盟友军事援助，以保障马来亚安全。答案纸参考：F4第243页。
Bahasa Melayu: Pertahanan negara selepas merdeka masih memerlukan sokongan; AMDA menyediakan bantuan ketenteraan British dan sekutunya untuk keselamatan Tanah Melayu. Rujukan skema: T4 ms.243."
F4 Chp 10,radio,Kelantan_Q20,A,B,C,D,A,Kelantan/Picture20.png,"中文：降下Union Jack象征英国殖民统治终结，国家开始独立自主。 答案纸参考：F4第238页。
Bahasa Melayu: Penurunan Union Jack melambangkan berakhirnya penjajahan British dan bermulanya kemerdekaan negara. Rujukan skema: T4 ms.238."
F4 Chp 10,radio,KualaLumpur_Q20,A,B,C,D,A,Kuala Lumpur/Picture20.png,"中文：公民拥有表达意见的基本自由，但须遵守法律，不等于无限制批评。 答案纸参考：F4第247页。
Bahasa Melayu: Warganegara mempunyai kebebasan menyuarakan pendapat tertakluk pada undang-undang, bukan kebebasan mengkritik tanpa batas. Rujukan skema: T4 ms.247."
F4 Chp 10,radio,Melaka_Q20,A,B,C,D,C,Melaka/Picture20.png,"中文：体育馆、宫殿和国歌等准备，是为独立庆典及独立国家象征提供条件。 答案纸参考：F4第236页。
Bahasa Melayu: Persediaan stadium, istana dan lagu kebangsaan dibuat untuk meraikan kemerdekaan serta menyediakan lambang negara merdeka. Rujukan skema: T4 ms.236."
F4 Chp 10,radio,Mrsm_Q20,A,B,C,D,B,MRSM/Picture20.png,"中文：国旗和国花是共同国家象征，培养国家身份、忠诚及民族自我认同。 答案纸参考：F4第247页。
Bahasa Melayu: Bendera dan bunga kebangsaan ialah lambang bersama yang membentuk jati diri, identiti dan kesetiaan bangsa. Rujukan skema: T4 ms.247."
F4 Chp 10,radio,N_Q20,A,B,C,D,D,N9/Picture20.png,"中文：独立国家的主权原则包括政府、国家象征和势力或领土范围，因此X为wilayah pengaruh。 答案纸参考：F4第246页。
Bahasa Melayu: Prinsip kedaulatan negara merdeka merangkumi kerajaan, lambang kebangsaan dan wilayah pengaruh, maka X ialah wilayah pengaruh. Rujukan skema: T4 ms.246."
F4 Chp 10,radio,Pahang_Q20,A,B,C,D,C,Pahang/Picture20.png,"中文：C：独立宣告象征外国殖民统治结束，国家与人民取得自主治理的权力。答案纸参考：F4第238页。
Bahasa Melayu: C: Pemasyhuran kemerdekaan menandakan berakhirnya penjajahan asing dan bermulanya pemerintahan negara oleh rakyatnya sendiri. Rujukan skema: T4 ms. 238."
F4 Chp 10,radio,Perak_Q20,A,B,C,D,B,Perak/Picture20.png,"中文：主权让国家自行保障人民权益，包括依法表达意见的权利；表达自由仍须遵守宪法及法律，并非不受限制。答案纸参考：F4，第247页。
Bahasa Melayu: Kedaulatan membolehkan negara menjamin hak rakyat, termasuk kebebasan bersuara mengikut Perlembagaan dan undang-undang, bukannya kebebasan tanpa batas. Rujukan skema: F4, halaman 247."
F4 Chp 10,radio,Perlis_Q20,A,B,C,D,B,Perlis/Picture20.png,"中文：乡村发展部提升偏远地区的道路及公共设施，改善乡区生活并缩小城乡差距。答案纸参考：F4，第244页。
Bahasa Melayu: Kementerian Luar Bandar membangunkan jalan dan kemudahan di pedalaman untuk meningkatkan taraf hidup serta mengurangkan jurang bandar dengan luar bandar. Rujukan skema: F4, halaman 244."
F4 Chp 10,radio,PulauPinang_Q20,A,B,C,D,D,Pulau Pinang/Picture20.png,"中文：红皮书计划记录及检查发展项目的进度，帮助政府评估计划实施情况及采取跟进措施。答案纸参考：F4，第244页。
Bahasa Melayu: Rancangan Buku Merah merekod dan menilai kemajuan rancangan pembangunan supaya kerajaan dapat memantau pelaksanaan serta membuat tindakan susulan. Rujukan skema: F4, halaman 244."
F4 Chp 10,radio,PutrajayaSet_Q20,A,B,C,D,A,Putrajaya set 1/Picture20.png,"中文：物质准备委员会筹备独立场地及国家象征，突出独立国家的身份；这项职务不是直接建立整个民主社会。答案纸参考：F4，第236页。
Bahasa Melayu: Jawatankuasa Persediaan Fizikal menyediakan tempat sambutan dan lambang negara untuk menonjolkan identiti negara merdeka. Rujukan skema: F4, halaman 236."
F4 Chp 10,radio,PutrajayaSet_Q20,A,B,C,D,C,Putrajaya set 2/Picture20.png,"中文：红皮书记录发展项目及进展，使政府能监控落实情况并检查哪些地方需要进一步支援。答案纸参考：F4，第244页。
Bahasa Melayu: Buku Merah merekod projek dan kemajuan pembangunan untuk memantau pelaksanaan serta menentukan tindakan susulan. Rujukan skema: F4, halaman 244."
F4 Chp 10,radio,Sabah_Q20,A,B,C,D,A,Sabah/Picture20.png,"中文：A：独立庆典及场地准备展示旗帜、国歌等国家象征，让新国家的身份被看见。
Bahasa Melayu: A: Persediaan fizikal dan sambutan kemerdekaan menonjolkan lambang serta identiti negara baharu seperti bendera dan lagu kebangsaan."
F4 Chp 10,radio,Sabk_Q20,A,B,C,D,D,SABK/Picture20.png,"中文：现代联邦的领土由明确边界界定，政府在该地域行使权力；与古代较松动的属地势力范围不同。答案纸参考：F4，第246页。
Bahasa Melayu: Wilayah negara moden merujuk kawasan bersempadan yang berada di bawah kuasa kerajaan, berbeza daripada jajahan pengaruh kerajaan tradisional. Rujukan skema: F4, halaman 246."
F4 Chp 10,radio,Sbp_Q20,A,B,C,D,B,SBP/Picture20.png,"中文：B：国徽呈现国家的历史、主权及特征，是代表国家身份的象征。【答案纸参考：247；书页内容待逐页确认。】
Bahasa Melayu: B: Jata Negara menggambarkan sejarah, kedaulatan dan ciri negara, lalu mencerminkan identiti kebangsaan. [Rujukan skema: 247; kandungan halaman buku belum disahkan satu demi satu.]"
F4 Chp 10,radio,Selangor_Q20,A,B,C,D,B,Selangor/Picture20.png,"中文：B：Buku Merah监督各项发展项目，包括道路和基本设施，使计划进度可被检查。【答案纸参考：B10T4M244；书页内容待逐页确认。】
Bahasa Melayu: B: Rancangan Buku Merah memantau kemajuan projek pembangunan, termasuk kemudahan asas, supaya pelaksanaannya berjalan dengan baik. [Rujukan skema: B10T4M244; kandungan halaman buku belum disahkan satu demi satu.]"
F4 Chp 10,radio,Smka_Q20,A,B,C,D,D,SMKA/Picture20.png,"中文：D：Buku Merah记录及监督乡村发展项目的进度，帮助政府确保计划落实。【答案纸参考：T4 Hal.244；书页内容待逐页确认。】
Bahasa Melayu: D: Rancangan Buku Merah merekod dan memantau kemajuan projek pembangunan luar bandar supaya pelaksanaannya dapat diselaraskan. [Rujukan skema: T4 Hal.244; kandungan halaman buku belum disahkan satu demi satu.]"
F4 Chp 10,radio,Terengganu_Q20,A,B,C,D,C,Terengganu/Picture20.png,"中文：C：庆典及场地委员会准备国旗、国歌、场所与仪式，以展示独立国家身份。【答案纸参考：BAB 10- MS 236；书页内容待逐页确认。】
Bahasa Melayu: C: Jawatankuasa fizikal dan sambutan menyediakan tempat, lambang serta upacara untuk menonjolkan identiti negara merdeka. [Rujukan skema: BAB 10- MS 236; kandungan halaman buku belum disahkan satu demi satu.]"
F4 Chp 2,radio,JohorBahru_Q03,A,B,C,D,B,Johor Bahru/Picture3.png,"中文：Gandhi 的 Satyagraha 强调坚持真理，以非暴力方式反抗不公，因此核心原则是 kebenaran，选B。（答案纸参考：F4，第26页。）
Bahasa Melayu: Satyagraha menekankan pegangan pada kebenaran dan penentangan tanpa kekerasan terhadap ketidakadilan, maka B tepat. Rujukan skema: Tingkatan 4, m.s. 26."
F4 Chp 2,radio,JohorKulaiSet_Q03,A,B,C,D,A,Johor Kulai Set 1/Picture3.png,"中文：课本指出中国民族主义旨在巩固中华文明，并反对满清统治的软弱，I、II符合答案A。课本也提到西方干涉，所以III并非完全错误，这题选项有重叠。（答案纸参考：F4，第26页。）
Bahasa Melayu: Buku teks menyatakan nasionalisme China bertujuan mengukuhkan peradaban dan menentang kelemahan Dinasti Manchu, menyokong I dan II dalam A. Campur tangan Barat dalam III turut disebut, jadi pilihan tidak sepenuhnya berasingan. Rujukan skema: Tingkatan 4, m.s. 26."
F4 Chp 2,radio,JohorKulaiSet_Q03,A,B,C,D,A,Johor Kulai Set 2/Picture3.png,"中文：满清无法阻止西方势力渗入，人民失去对其统治的信任，并认为其已失去统治资格；I、II对应A。（答案纸参考：F4，第26页。）
Bahasa Melayu: Kegagalan Dinasti Manchu menghalang pengaruh Barat menyebabkan rakyat hilang kepercayaan serta menganggapnya kehilangan mandat memerintah; I dan II memberikan A. Rujukan skema: Tingkatan 4, m.s. 26."
F4 Chp 2,radio,JohorMuar_Q03,A,B,C,D,C,Johor Muar/Picture3.png,"中文：明治维新推动现代化，学习西方技术并改革军事，使日本成为强大的军事国家。题目问明治天皇的改革成果，所以选C。（答案纸参考：F4，第27页。）
Bahasa Melayu: Pemulihan Meiji memodenkan Jepun melalui pembaharuan pentadbiran, pendidikan dan ketenteraan serta penggunaan teknologi Barat. Jepun kemudian muncul sebagai kuasa ketenteraan yang kuat, maka C tepat. Rujukan skema: Tingkatan 4, m.s. 27."
F4 Chp 2,radio,JohorPasirGudang_Q03,A,B,C,D,C,Johor Pasir Gudang/Picture3.png,"中文：现有答案C概括反对外来控制。但日本主要通过现代化避免西方殖民威胁，不是从已经被殖民的处境争取独立；中国和印度的具体斗争也不同，应理解共同点是维护国家自主。（答案纸参考：F4，第27页。）
Bahasa Melayu: Jawapan semasa C merujuk penentangan terhadap penguasaan asing. Namun, Jepun memodenkan negara untuk mengelakkan ancaman imperialisme Barat, bukan membebaskan negara yang telah dijajah. Persamaan yang lebih tepat ialah mempertahankan kebebasan dan kepentingan negara. Rujukan skema: Tingkatan 4, m.s. 27."
F4 Chp 2,radio,JohorSegamatSet_Q03,A,B,C,D,D,Johor Segamat Set 1/Picture3.png,"中文：越南民族主义者通过Tribune Indigène和Cloche Fêlée传播反法思想。Kalayaan属于菲律宾运动，而El Filibusterismo是黎刹小说，所以选III和IV，即D。（答案纸参考：F4，第29页。）
Bahasa Melayu: Tribune Indigène dan Cloche Fêlée digunakan dalam gerakan nasionalisme Vietnam. Kalayaan berkaitan Filipina dan El Filibusterismo ialah novel Jose Rizal, maka III dan IV, iaitu D. Rujukan skema: Tingkatan 4, m.s. 29."
F4 Chp 2,radio,JohorSegamatSet_Q03,A,B,C,D,B,Johor Segamat Set 2/Picture3.png,"中文：满清无法阻止西方势力干预中国政治与经济，令人民失去信任，推动民族主义反清运动。因此选B。（答案纸参考：F4，第26页。）
Bahasa Melayu: Dinasti Manchu gagal menghalang kemasukan dan pengaruh kuasa Barat. Kelemahan ini menyebabkan rakyat hilang kepercayaan dan menentang pemerintahannya, maka B tepat. Rujukan skema: Tingkatan 4, m.s. 26."
F4 Chp 2,radio,Kedah_Q03,A,B,C,D,A,Kedah/Picture3.png,"中文：法国平民承担沉重税负，贵族和教士却享有特权，促使民族主义者反抗君主制度。答案纸参考：F4第25页。
Bahasa Melayu: Rakyat Perancis menanggung cukai berat sedangkan bangsawan dan paderi menikmati keistimewaan, lalu menentang pemerintahan beraja. Rujukan skema: T4 ms.25."
F4 Chp 2,radio,Kelantan_Q03,A,B,C,D,B,Kelantan/Picture3.png,"中文：光荣革命限制君主专断并确立国会主权，为君主立宪制度奠定基础。 答案纸参考：F4第24页。
Bahasa Melayu: Revolusi Keagungan mengehadkan kuasa mutlak raja dan menegakkan kedaulatan parlimen, menjadi asas Raja Berperlembagaan. Rujukan skema: T4 ms.24."
F4 Chp 2,radio,KualaLumpur_Q03,A,B,C,D,D,Kuala Lumpur/Picture3.png,"中文：两场革命都反对君主专断，要求限制王权与保障人民或国会权利，并非争取领土独立。 答案纸参考：F4第24页。
Bahasa Melayu: Kedua-dua revolusi menentang pemerintahan beraja mutlak dan menuntut batas kuasa raja serta hak rakyat atau parlimen, bukan kemerdekaan wilayah. Rujukan skema: T4 ms.24."
F4 Chp 2,radio,Mrsm_Q03,A,B,C,D,C,MRSM/Picture3.png,"中文：越南报刊批判殖民压迫并要求本地人民权利，以传播民族主义，所以II、III正确。 答案纸参考：F4第29页。
Bahasa Melayu: Akhbar Vietnam mengkritik penindasan penjajah dan menuntut hak rakyat tempatan untuk menyebarkan nasionalisme; II dan III betul. Rujukan skema: T4 ms.29."
F4 Chp 2,radio,N_Q03,A,B,C,D,A,N9/Picture3.png,"中文：Bushido强调勇敢、忠诚、牺牲及奋力达成目标，推动日本民族主义。 答案纸参考：F4第27页。
Bahasa Melayu: Bushido menekankan keberanian, kesetiaan, pengorbanan dan kesungguhan mencapai cita-cita, menyokong nasionalisme Jepun. Rujukan skema: T4 ms.27."
F4 Chp 2,radio,Pahang_Q03,A,B,C,D,A,Pahang/Picture3.png,"中文：A：美国革命反对英国殖民统治；光荣革命反对君主专制并确立议会优势。选项A的“反对王政”须理解为限制专制王权，并非废除君主制度。答案纸参考：F4第24–25页。
Bahasa Melayu: A: Revolusi Amerika menentang penjajahan British, manakala Revolusi Keagungan menentang kuasa mutlak raja dan mengutamakan Parlimen. “Menentang pemerintahan beraja” dalam pilihan A merujuk pemerintahan mutlak, bukan menghapuskan monarki. Rujukan skema: T4 ms. 24–25."
F4 Chp 2,radio,Perak_Q03,A,B,C,D,A,Perak/Picture3.png,"中文：蒙固王和朱拉隆功王通过外交关系及行政现代化减少西方干预，使泰国得以维护主权。答案纸参考：F4，第31页。
Bahasa Melayu: Raja Mongkut dan Raja Chulalongkorn menggunakan diplomasi serta pemodenan pentadbiran untuk mengurangkan campur tangan Barat dan mempertahankan kedaulatan Thailand. Rujukan skema: F4, halaman 31."
F4 Chp 2,radio,Perlis_Q03,A,B,C,D,A,Perlis/Picture3.png,"中文：法国大革命反对专制王权，随后建立共和制度，体现人民主权的政治理念。答案纸参考：F4，第25页。
Bahasa Melayu: Revolusi Perancis menentang pemerintahan beraja mutlak dan membawa kemunculan sistem republik yang menekankan kedaulatan rakyat. Rujukan skema: F4, halaman 25."
F4 Chp 2,radio,PulauPinang_Q03,A,B,C,D,D,Pulau Pinang/Picture3.png,"中文：两场革命都反对专制王权。光荣革命限制王权并保留君主制度；法国大革命后来建立共和国，不能理解成两者都废除君主。答案纸参考：F4，第24页。
Bahasa Melayu: Kedua-dua revolusi menentang pemerintahan beraja mutlak. Revolusi Keagungan menghadkan kuasa raja tetapi mengekalkan monarki, manakala Revolusi Perancis membawa republik. Rujukan skema: F4, halaman 24."
F4 Chp 2,radio,PutrajayaSet_Q03,A,B,C,D,B,Putrajaya set 1/Picture3.png,"中文：Jose Rizal成立Liga Filipina，争取改革及菲律宾人的权益；Katipunan由Andres Bonifacio领导。答案纸参考：F4，第28页。
Bahasa Melayu: Jose Rizal menubuhkan Liga Filipina untuk memperjuangkan pembaharuan dan hak rakyat Filipina. Katipunan pula dipimpin Andres Bonifacio. Rujukan skema: F4, halaman 28."
F4 Chp 2,radio,PutrajayaSet_Q03,A,B,C,D,C,Putrajaya set 2/Picture3.png,"中文：武士道精神强调忠诚、责任与牺牲，推动日本人愿意为国家及职责付出，不是只顾个人家庭利益。答案纸参考：F4，第27页。
Bahasa Melayu: Semangat Bushido menekankan kesetiaan, tanggungjawab dan kesediaan berkorban, bukan mengutamakan kepentingan diri semata-mata. Rujukan skema: F4, halaman 27."
F4 Chp 2,radio,Sabah_Q03,A,B,C,D,B,Sabah/Picture3.png,"中文：B：法国革命反对绝对君主制，随后以共和制度取代王朝统治。
Bahasa Melayu: B: Revolusi Perancis menentang pemerintahan raja mutlak dan membawa kepada pelaksanaan sistem republik."
F4 Chp 2,radio,Sabk_Q03,A,B,C,D,B,SABK/Picture3.png,"中文：甘地以satyagraha坚持真理，主张非暴力方式反对殖民统治，不是以武装革命为主要策略。答案纸参考：F4，第26页。
Bahasa Melayu: Mahatma Gandhi menggunakan satyagraha, berpegang teguh pada kebenaran, sebagai asas perjuangan tanpa keganasan menentang penjajahan. Rujukan skema: F4, halaman 26."
F4 Chp 2,radio,SarawakSibu_Q03,A,B,C,D,A,Sarawak Sibu/Picture3.png,"中文：A：满清未能阻止西方势力介入，民族主义者认为王朝无法维护国家主权。【答案纸参考：26；书页内容待逐页确认。】
Bahasa Melayu: A: Dinasti Manchu gagal menghalang kemasukan kuasa Barat, lalu dianggap tidak mampu mempertahankan kedaulatan China. [Rujukan skema: 26; kandungan halaman buku belum disahkan satu demi satu.]"
F4 Chp 2,radio,Sbp_Q03,A,B,C,D,A,SBP/Picture3.png,"中文：A：缅甸早期民族主义着重保存佛教传统；越南早期运动则主张恢复君主统治，并非一开始就要求立即独立。【答案纸参考：29；书页内容待逐页确认。】
Bahasa Melayu: A: Nasionalisme awal di Burma mempertahankan tradisi Buddha, manakala gerakan awal di Vietnam mahu memulihkan pemerintahan beraja. [Rujukan skema: 29; kandungan halaman buku belum disahkan satu demi satu.]"
F4 Chp 2,radio,Selangor_Q03,A,B,C,D,A,Selangor/Picture3.png,"中文：A：Pan-Islamisme号召穆斯林跨地区团结，以共同应对西方势力。【答案纸参考：B2T4 M27；书页内容待逐页确认。】
Bahasa Melayu: A: Pan-Islamisme menyeru penyatuan persaudaraan umat Islam untuk menghadapi tekanan dan penguasaan Barat. [Rujukan skema: B2T4 M27; kandungan halaman buku belum disahkan satu demi satu.]"
F4 Chp 2,radio,Smka_Q03,A,B,C,D,A,SMKA/Picture3.png,"中文：A：John Locke反对君主拥有绝对权力，主张政府权力受到限制，支持君主立宪原则。【答案纸参考：T4 Hal.24；书页内容待逐页确认。】
Bahasa Melayu: A: John Locke menolak kuasa mutlak raja dan menyokong pemerintahan yang kuasanya dibatasi, selaras dengan Raja Berperlembagaan. [Rujukan skema: T4 Hal.24; kandungan halaman buku belum disahkan satu demi satu.]"
F4 Chp 2,radio,Terengganu_Q03,A,B,C,D,B,Terengganu/Picture3.png,"中文：B：Kartini的作品反映殖民统治下人民受到的压迫，促使读者关注民族处境。【答案纸参考：BAB 2- MS 30；书页内容待逐页确认。】
Bahasa Melayu: B: Karya Kartini membincangkan penindasan rakyat di bawah penjajahan dan membangkitkan kesedaran tentang nasib bangsa. [Rujukan skema: BAB 2- MS 30; kandungan halaman buku belum disahkan satu demi satu.]"
F4 Chp 2,radio,JohorKulaiSet_Q04,A,B,C,D,D,Johor Kulai Set 1/Picture4.png,"中文：分权政策把部分权力从中央交回州及苏丹，使马来统治者的地位和权力获得恢复，选D。（答案纸参考：F4，第42页。）
Bahasa Melayu: Dasar desentralisasi mengembalikan sebahagian kuasa pentadbiran kepada negeri dan sultan, maka D tepat. Rujukan skema: Tingkatan 4, m.s. 42."
F4 Chp 2,radio,JohorKulaiSet_Q04,A,B,C,D,C,Johor Kulai Set 2/Picture4.png,"中文：Ibu Zain 强调女性教育及知识，认为受教育的女性能为社会与国家进步作贡献，选C。（答案纸参考：F4，第43页。）
Bahasa Melayu: Ibu Zain memperjuangkan kepentingan ilmu pengetahuan dan pendidikan wanita untuk kemajuan masyarakat serta negara, maka C tepat. Rujukan skema: Tingkatan 4, m.s. 43."
F4 Chp 2,radio,JohorMuar_Q04,A,B,C,D,D,Johor Muar/Picture4.png,"中文：《Putera Gunung Tahan》等民族主义文学让读者认识社会现实与殖民处境，激发爱国意识。作品的意义在于唤醒思想，所以选D。（答案纸参考：F4，第34页。）
Bahasa Melayu: Karya seperti Putera Gunung Tahan menyedarkan pembaca tentang realiti kehidupan masyarakat dan penjajahan. Kesedaran ini membangkitkan semangat kebangsaan, maka D paling sesuai. Rujukan skema: Tingkatan 4, m.s. 34."
F4 Chp 2,radio,JohorPasirGudang_Q04,A,B,C,D,A,Johor Pasir Gudang/Picture4.png,"中文：早期地方领袖的抗争通常局限在各自地区，反对英国干预并争取恢复地方自由。题目组合I和II强调地方性与自由诉求，因此选A。（答案纸参考：F4，第33页。）
Bahasa Melayu: Penentangan Dol Said, Maharaja Lela dan Bahaman bersifat setempat serta menuntut kebebasan daripada campur tangan British. Oleh itu, I dan II paling sesuai, iaitu A. Rujukan skema: Tingkatan 4, m.s. 33."
F4 Chp 2,radio,JohorSegamatSet_Q04,A,B,C,D,C,Johor Segamat Set 1/Picture4.png,"中文：Abdul Rahim Kajai和Harun Aminurrashid通过小说及短篇故事描写社会问题，唤醒民族意识。题目指文学创作渠道，因此II和III，即C。（答案纸参考：F4，第34-35页。）
Bahasa Melayu: Tokoh tersebut menyampaikan kesedaran nasionalisme melalui karya sastera seperti novel dan cerpen. Karya mereka menyedarkan masyarakat tentang kehidupan serta penjajahan, maka II dan III, iaitu C. Rujukan skema: Tingkatan 4, m.s. 34-35."
F4 Chp 2,radio,JohorSegamatSet_Q04,A,B,C,D,B,Johor Segamat Set 2/Picture4.png,"中文：The Malay Mail和The Malayan Tribune筹集基金，帮助马来人到海外继续求学，推动教育机会及知识发展。因此选B。本题图片已按原卷恢复，原图片误重复第3题。（答案纸参考：F4，第42-43页。）
Bahasa Melayu: The Malay Mail dan The Malayan Tribune mengumpulkan dana untuk membantu orang Melayu melanjutkan pelajaran ke luar negara. Oleh itu, B tepat. Imej soalan telah dipulihkan daripada kertas asal kerana imej sebelumnya tersalah mengulang soalan 3. Rujukan skema: Tingkatan 4, m.s. 42-43."
F4 Chp 2,radio,Kedah_Q04,A,B,C,D,C,Kedah/Picture4.png,"中文：Kartini的作品强调女性教育，反对限制妇女进步的传统，为印尼民族意识作出贡献。答案纸参考：F4第30页。
Bahasa Melayu: Karya Kartini menekankan pendidikan wanita dan menentang adat yang menyekat kemajuan mereka, sekali gus menyumbang kesedaran nasionalisme. Rujukan skema: T4 ms.30."
F4 Chp 2,radio,Kelantan_Q04,A,B,C,D,B,Kelantan/Picture4.png,"中文：Kajai和Za'ba通过文学创作批评社会问题、唤醒马来人的进步意识，传播民族主义。 答案纸参考：F4第33页。
Bahasa Melayu: Kajai dan Za'ba menggunakan karya kreatif untuk mengkritik masalah masyarakat dan menyedarkan orang Melayu tentang kemajuan serta nasionalisme. Rujukan skema: T4 ms.33."
F4 Chp 2,radio,KualaLumpur_Q04,A,B,C,D,B,Kuala Lumpur/Picture4.png,"中文：两位作家通过小说、短篇等创作批评殖民和社会问题，唤醒民族意识。 答案纸参考：F4第34页。
Bahasa Melayu: Kedua-dua penulis menghasilkan novel dan cerpen yang mengkritik penjajahan serta masalah masyarakat untuk membangkitkan nasionalisme. Rujukan skema: T4 ms.34."
F4 Chp 2,radio,Melaka_Q04,A,B,C,D,C,Melaka/Picture4.png,"中文：法国革命推翻绝对君主统治，推动人民主权与共和国理念，因此选C。 答案纸参考：F4第24–25页。
Bahasa Melayu: Revolusi Perancis menamatkan pemerintahan beraja mutlak dan mengembangkan kedaulatan rakyat serta idea republik, C. Rujukan skema: T4 ms.24–25."
F4 Chp 2,radio,Mrsm_Q04,A,B,C,D,C,MRSM/Picture4.png,"中文：Ibrahim Haji Yaakob参与成立Kesatuan Melayu Muda，通过组织推动马来民族意识。 答案纸参考：F4第40页。
Bahasa Melayu: Ibrahim Haji Yaakob menubuhkan Kesatuan Melayu Muda untuk menggerakkan kesedaran nasionalisme melalui persatuan. Rujukan skema: T4 ms.40."
F4 Chp 2,radio,N_Q04,A,B,C,D,A,N9/Picture4.png,"中文：这些领袖的反抗集中在各自地区，针对殖民侵犯本地权利，属于地方性斗争。 答案纸参考：F4第33页。
Bahasa Melayu: Perjuangan tokoh ini tertumpu di kawasan masing-masing untuk menentang pencabulan hak tempatan, maka bersifat setempat. Rujukan skema: T4 ms.33."
F4 Chp 2,radio,Pahang_Q04,A,B,C,D,C,Pahang/Picture4.png,"中文：C：Dol Said与Dato’ Bahaman在各自地区反抗英国侵占权力，属于地方性斗争；当时尚未形成全国统一的民族运动。答案纸参考：F4第33页。
Bahasa Melayu: C: Dol Said dan Dato’ Bahaman mempertahankan kuasa serta kawasan masing-masing daripada British. Perjuangan mereka bersifat setempat, belum berbentuk gerakan kebangsaan yang menyeluruh. Rujukan skema: T4 ms. 33."
F4 Chp 2,radio,Perak_Q04,A,B,C,D,A,Perak/Picture4.png,"中文：《Anak Mat Lela Gila》与《Putera Gunung Tahan》借故事传达反殖民意识，唤醒读者争取自由的精神。答案纸参考：F4，第34页。
Bahasa Melayu: Novel Anak Mat Lela Gila dan Putera Gunung Tahan menyampaikan kesedaran menentang penjajahan serta membangkitkan semangat memperjuangkan kebebasan. Rujukan skema: F4, halaman 34."
F4 Chp 2,radio,Perlis_Q04,A,B,C,D,D,Perlis/Picture4.png,"中文：Pak Sako的小说强调自由的可贵，并讽刺殖民者的行为，用文学唤醒民族意识，所以III和IV正确。答案纸参考：F4，第34页。
Bahasa Melayu: Novel Pak Sako menekankan nikmat kebebasan dan menyindir tindakan penjajah untuk membangkitkan kesedaran nasionalisme. Maka III dan IV tepat. Rujukan skema: F4, halaman 34."
F4 Chp 2,radio,PulauPinang_Q04,A,B,C,D,B,Pulau Pinang/Picture4.png,"中文：Kartini的著作批评殖民统治及社会压迫，也关注妇女教育与地位；这些内容符合“人民受到压迫”的选项。答案纸参考：F4，第30页。
Bahasa Melayu: Karya Kartini membincangkan penindasan penjajah dan masyarakat serta kedudukan dan pendidikan wanita. Oleh itu, penindasan terhadap rakyat menepati kandungannya. Rujukan skema: F4, halaman 30."
F4 Chp 2,radio,PutrajayaSet_Q04,A,B,C,D,A,Putrajaya set 1/Picture4.png,"中文：教育培养知识分子，使他们接触自由与民族意识等思想，并批判殖民统治，推动民族主义发展。答案纸参考：F4，第35页。
Bahasa Melayu: Pendidikan melahirkan golongan intelek yang memahami idea kebebasan dan kesedaran bangsa serta mengkritik penjajahan, lalu menggerakkan nasionalisme. Rujukan skema: F4, halaman 35."
F4 Chp 2,radio,PutrajayaSet_Q04,A,B,C,D,B,Putrajaya set 2/Picture4.png,"中文：原答案为B。课本说明KMS争取改善马来人的教育与政治地位，其行政就业诉求使马来人在公务体系的人数增加，因此问英国回应时D更直接；B是组织发展的相关现象。答案纸参考：F4，第40页。
Bahasa Melayu: Jawapan asal ialah B. Buku teks menyatakan desakan KMS meningkatkan bilangan orang Melayu dalam perkhidmatan awam, maka D lebih langsung bagi tindakan British; B berkaitan perkembangan persatuan. Rujukan skema: F4, halaman 40."
F4 Chp 2,radio,Sabah_Q04,A,B,C,D,A,Sabah/Picture4.png,"中文：A：满清未能阻止西方势力介入，民族主义者因此认为王朝不能维护中国主权。
Bahasa Melayu: A: Dinasti Manchu gagal menghalang kemasukan kuasa Barat, lalu ditentang kerana tidak mempertahankan kedaulatan China."
F4 Chp 2,radio,Sabk_Q04,A,B,C,D,B,SABK/Picture4.png,"中文：泰国民族主义曾推动反对专制王权及转向君主立宪，因此B配对正确；Thakin与Pongyi属于缅甸，胡志明属于越南。答案纸参考：F4，第31页。
Bahasa Melayu: Nasionalisme Thailand menentang raja berkuasa mutlak dan membawa perubahan kepada Raja Berperlembagaan. Thakin dan Pongyi berkaitan Burma, manakala Ho Chi Minh berkaitan Vietnam. Rujukan skema: F4, halaman 31."
F4 Chp 2,radio,SarawakSibu_Q04,A,B,C,D,B,Sarawak Sibu/Picture4.png,"中文：B：泰国没有受到西方殖民统治，早期运动针对绝对君主制；其他东南亚国家主要反抗外国殖民者。【答案纸参考：31；书页内容待逐页确认。】
Bahasa Melayu: B: Thailand tidak dijajah oleh Barat, maka gerakannya menentang raja berkuasa mutlak. Gerakan negara lain di Asia Tenggara menentang penjajahan kuasa asing. [Rujukan skema: 31; kandungan halaman buku belum disahkan satu demi satu.]"
F4 Chp 2,radio,Sbp_Q04,A,B,C,D,C,SBP/Picture4.png,"中文：C：SITC培养了关心民族处境的教师和知识分子，其中出现民族主义领袖，推动马来人的民族觉醒。【答案纸参考：37；书页内容待逐页确认。】
Bahasa Melayu: C: SITC melahirkan guru dan intelektual yang sedar tentang nasib bangsa serta tokoh nasionalis yang menyebarkan kesedaran kebangsaan. [Rujukan skema: 37; kandungan halaman buku belum disahkan satu demi satu.]"
F4 Chp 2,radio,Selangor_Q04,A,B,C,D,A,Selangor/Picture4.png,"中文：A：MCKK及SITC培养受教育的本地领袖，他们推动民族意识与政治组织。【答案纸参考：B2T4 M35；书页内容待逐页确认。】
Bahasa Melayu: A: MCKK dan SITC melahirkan golongan pemimpin berpendidikan yang menyebarkan kesedaran kebangsaan dan menggerakkan nasionalisme. [Rujukan skema: B2T4 M35; kandungan halaman buku belum disahkan satu demi satu.]"
F4 Chp 2,radio,Smka_Q04,A,B,C,D,A,SMKA/Picture4.png,"中文：A：Pak Sako以小说讽刺殖民者，提醒读者自由的重要性，从而激发反殖民意识。【答案纸参考：T4 Hal.34；书页内容待逐页确认。】
Bahasa Melayu: A: Pak Sako menggunakan sindiran terhadap penjajah dalam novelnya dan mengingatkan pembaca tentang kepentingan kebebasan. [Rujukan skema: T4 Hal.34; kandungan halaman buku belum disahkan satu demi satu.]"
F4 Chp 2,radio,Terengganu_Q04,A,B,C,D,A,Terengganu/Picture4.png,"中文：A：知识分子通过教育、文章及组织传播改革和民族意识，推动本地民族主义。【答案纸参考：BAB 2- MS 35；书页内容待逐页确认。】
Bahasa Melayu: A: Golongan intelektual menyebarkan idea pembaharuan dan kesedaran kebangsaan melalui pendidikan, penulisan serta pertubuhan. [Rujukan skema: BAB 2- MS 35; kandungan halaman buku belum disahkan satu demi satu.]"
F4 Chp 2,radio,Melaka_Q05,A,B,C,D,B,Melaka/Picture5.png,"中文：受西方教育的缅甸中产阶级成立佛教青年协会，维护佛教文化并发展反殖民意识。 答案纸参考：F4第29页。
Bahasa Melayu: Kelas pertengahan Burma berpendidikan Barat menubuhkan Persatuan Belia Buddha untuk mempertahankan budaya Buddha serta kesedaran antipenjajah. Rujukan skema: T4 ms.29."
F4 Chp 2,radio,Pahang_Q05,A,B,C,D,C,Pahang/Picture5.png,"中文：C：报刊等印刷媒体传播改革思想、揭露殖民问题，唤醒大众的民族意识，与宗教及文学创作一起推动民族主义。答案纸参考：F4第34–35页。
Bahasa Melayu: C: Media cetak seperti akhbar dan majalah menyebarkan idea pembaharuan serta membangkitkan kesedaran terhadap penjajahan. Peranannya melengkapi agama dan penulisan kreatif. Rujukan skema: T4 ms. 34–35."
F4 Chp 2,radio,Sabk_Q05,A,B,C,D,D,SABK/Picture5.png,"中文：KMM公开批判英国并唤醒反殖民情绪，因此被英国视为激进组织。答案纸参考：F4，第40页。
Bahasa Melayu: KMM dianggap radikal kerana berani menentang British dan membangkitkan perasaan anti-British melalui perjuangannya. Rujukan skema: F4, halaman 40."
F4 Chp 2,radio,SarawakSibu_Q05,A,B,C,D,A,Sarawak Sibu/Picture5.png,"中文：A：知识分子通过教育、写作及组织活动唤醒人民，是本地民族主义兴起的重要因素。【答案纸参考：34-35；书页内容待逐页确认。】
Bahasa Melayu: A: Golongan intelektual menyebarkan kesedaran melalui pendidikan, penulisan dan pertubuhan, lalu mendorong kemunculan nasionalisme. [Rujukan skema: 34-35; kandungan halaman buku belum disahkan satu demi satu.]"
F4 Chp 2,radio,SarawakSibu_Q06,A,B,C,D,B,Sarawak Sibu/Picture6.png,"中文：B：法国革命推翻绝对君主制，随后建立共和制度。【答案纸参考：25；书页内容待逐页确认。】
Bahasa Melayu: B: Revolusi Perancis menentang pemerintahan raja mutlak dan membawa kepada pelaksanaan sistem republik. [Rujukan skema: 25; kandungan halaman buku belum disahkan satu demi satu.]"
F4 Chp 3,radio,JohorBahru_Q04,A,B,C,D,A,Johor Bahru/Picture4.png,"中文：经济制裁限制日本取得原料，日本因此计划控制资源丰富的东南亚，以满足工业和战争需要，选A。（答案纸参考：F4，第65页。）
Bahasa Melayu: Sekatan ekonomi menyukarkan bekalan bahan mentah Jepun; Jepun merancang menguasai Asia Tenggara yang kaya dengan sumber untuk keperluan industri dan perang, maka A tepat. Rujukan skema: Tingkatan 4, m.s. 65."
F4 Chp 3,radio,JohorBahru_Q05,A,B,C,D,A,Johor Bahru/Picture5.png,"中文：Barbarossa 是德国进攻苏联的军事行动，属于 Hitler 扩张并企图控制欧洲的计划，所以本题选A。（答案纸参考：F4，第60页。）
Bahasa Melayu: Operasi Barbarossa ialah serangan Jerman terhadap Soviet Union dalam rancangan peluasan kuasa Hitler untuk menguasai Eropah, maka A tepat. Rujukan skema: Tingkatan 4, m.s. 60."
F4 Chp 3,radio,JohorKulaiSet_Q05,A,B,C,D,C,Johor Kulai Set 1/Picture5.png,"中文：1938年邮票以 Hitler、Mussolini 展示德意合作，课本配图口号为“两个人，一个斗争”，对应C。（答案纸参考：F4，第59页。）
Bahasa Melayu: Setem dengan Hitler dan Mussolini menggambarkan kerjasama Jerman–Itali melalui slogan dua orang dan satu perjuangan, maka C tepat. Rujukan skema: Tingkatan 4, m.s. 59."
F4 Chp 3,radio,JohorKulaiSet_Q05,A,B,C,D,A,Johor Kulai Set 2/Picture5.png,"中文：Versailles 要求德国承担沉重战争赔偿，并施加其他限制，激起不满，题中对应A。（答案纸参考：F4，第58页。）
Bahasa Melayu: Perjanjian Versailles mengenakan pampasan perang yang berat kepada Jerman sehingga menimbulkan rasa tidak puas hati, maka A tepat. Rujukan skema: Tingkatan 4, m.s. 58."
F4 Chp 3,radio,JohorMuar_Q05,A,B,C,D,B,Johor Muar/Picture5.png,"中文：罗斯福与丘吉尔协调政治和军事决策，使盟军能够合作、制定共同战略并有效调动资源。这是盟军领导合作的作用，选B。（答案纸参考：F4，第62页。）
Bahasa Melayu: Roosevelt dan Churchill bekerjasama dalam membuat keputusan politik dan ketenteraan. Penyelarasan strategi serta sumber memperkukuh tindakan pihak Bersekutu, maka B tepat. Rujukan skema: Tingkatan 4, m.s. 62."
F4 Chp 3,radio,JohorPasirGudang_Q05,A,B,C,D,D,Johor Pasir Gudang/Picture5.png,"中文：国际联盟无法有效阻止德国违反《凡尔赛条约》，例如扩军，导致侵略不断升级。意大利侵略的是埃塞俄比亚而非波兰，所以选D。（答案纸参考：F4，第59页。）
Bahasa Melayu: Liga Bangsa-Bangsa gagal menghalang Jerman melanggar Perjanjian Versailles, termasuk tindakan memperkukuh ketenteraan. Itali menceroboh Habsyah, bukan Poland, maka D tepat. Rujukan skema: Tingkatan 4, m.s. 59."
F4 Chp 3,radio,JohorSegamatSet_Q05,A,B,C,D,A,Johor Segamat Set 1/Picture5.png,"中文：Blitzkrieg是德国以快速、集中攻击突破敌军防线的闪电战。Barbarossa指进攻苏联，D-Day是盟军登陆行动，所以选A。（答案纸参考：F4，第60页。）
Bahasa Melayu: Blitzkrieg ialah serangan kilat Jerman menggunakan tindakan pantas dan kekuatan tentera untuk menakluki Eropah Barat. Barbarossa ialah serangan terhadap Soviet Union, maka A tepat. Rujukan skema: Tingkatan 4, m.s. 60."
F4 Chp 3,radio,JohorSegamatSet_Q05,A,B,C,D,B,Johor Segamat Set 2/Picture5.png,"中文：德国轰炸英国港口、工业及军事设施，试图削弱英国作战和经济能力，因此现有答案B符合题意。答案纸写A“要求殖民地”，与此问题及课本叙述不符。（答案纸参考：F4，第58页。）
Bahasa Melayu: Pengeboman Jerman terhadap Britain menyasarkan kemudahan penting untuk melemahkan keupayaan ekonomi dan perang Britain. Jawapan semasa B sesuai; A dalam skema, iaitu menuntut tanah jajahan, tidak sepadan dengan konteks soalan. Rujukan skema: Tingkatan 4, m.s. 58."
F4 Chp 3,radio,Kedah_Q05,A,B,C,D,A,Kedah/Picture5.png,"中文：德国轰炸英国城市、港口和工业设施，破坏生产与贸易，使英国经济受损；二战早已于1939年开始。答案纸参考：F4第60页。
Bahasa Melayu: Serangan Jerman merosakkan bandar, pelabuhan dan kemudahan industri Britain sehingga menjejaskan ekonomi; perang telah bermula pada 1939. Rujukan skema: T4 ms.60."
F4 Chp 3,radio,Kelantan_Q05,A,B,C,D,C,Kelantan/Picture5.png,"中文：Hitler派军队进驻原本非军事化的Rhineland，违反Versailles条约以恢复德国实力。 答案纸参考：F4第58页。
Bahasa Melayu: Hitler menduduki Rhineland yang dinyahketenteraan, melanggar Perjanjian Versailles untuk memulihkan kekuatan Jerman. Rujukan skema: T4 ms.58."
F4 Chp 3,radio,KualaLumpur_Q05,A,B,C,D,C,Kuala Lumpur/Picture5.png,"中文：在马来亚出生的印度群体逐渐建立本地身份认同，重视马来亚的社会与政治权益。 答案纸参考：F4第42页。
Bahasa Melayu: Golongan India kelahiran Tanah Melayu membentuk identiti tersendiri dengan menumpukan kepentingan sosial dan politik tempatan. Rujukan skema: T4 ms.42."
F4 Chp 3,radio,Mrsm_Q05,A,B,C,D,B,MRSM/Picture5.png,"中文：英国以法律限制政治活动及反殖民宣传，导致政治意识不能公开传播。 答案纸参考：F4第53页。
Bahasa Melayu: British memperkenalkan undang-undang yang menyekat kegiatan politik dan propaganda antipenjajah, menyebabkan kesedaran politik tidak dapat disebarkan terbuka. Rujukan skema: T4 ms.53."
F4 Chp 3,radio,N_Q05,A,B,C,D,C,N9/Picture5.png,"中文：法西斯主义把国家利益置于个人利益之上，并以强大领导者与国家权力为核心。 答案纸参考：F4第58页。
Bahasa Melayu: Fasisme mengutamakan kepentingan negara berbanding individu melalui pemimpin kuat dan kuasa negara. Rujukan skema: T4 ms.58."
F4 Chp 3,radio,Perak_Q05,A,B,C,D,C,Perak/Picture5.png,"中文：欧洲列强为了扩大势力范围并取得工业原料而竞争；这些利益冲突推动结盟并加剧第一次世界大战前的紧张局势。答案为II和III。答案纸参考：F4，第54页。
Bahasa Melayu: Kuasa Eropah bersaing untuk meluaskan pengaruh dan mendapatkan bahan mentah industri. Persaingan ini mendorong pakatan serta ketegangan sebelum Perang Dunia Pertama, maka II dan III tepat. Rujukan skema: F4, halaman 54."
F4 Chp 3,radio,Perlis_Q05,A,B,C,D,B,Perlis/Picture5.png,"中文：我国地处重要海上通道，对日本进攻东南亚及军事运输有战略价值，因此日本重视这一军事位置。答案纸参考：F4，第68页。
Bahasa Melayu: Kedudukan negara kita pada laluan penting mempunyai nilai strategik bagi kemaraan tentera Jepun dan perhubungan ketenteraannya di Asia Tenggara. Rujukan skema: F4, halaman 68."
F4 Chp 3,radio,PulauPinang_Q05,A,B,C,D,A,Pulau Pinang/Picture5.png,"中文：经济封锁使日本难以取得原料，因此日本扩张至资源丰富的东南亚，以获取石油、橡胶等战争资源。答案纸参考：F4，第65页。
Bahasa Melayu: Sekatan ekonomi mendorong Jepun menguasai Asia Tenggara yang kaya dengan minyak, getah dan bahan mentah untuk operasi perang. Rujukan skema: F4, halaman 65."
F4 Chp 3,radio,PutrajayaSet_Q05,A,B,C,D,C,Putrajaya set 1/Picture5.png,"中文：第一次世界大战造成巨大生命及物质损失，说明国家应重视协商合作并维护世界和平。答案纸参考：F4，第57页。
Bahasa Melayu: Perang Dunia Pertama menyebabkan kehilangan nyawa dan kemusnahan besar, lalu menunjukkan kepentingan memelihara keamanan dunia melalui kerjasama. Rujukan skema: F4, halaman 57."
F4 Chp 3,radio,PutrajayaSet_Q05,A,B,C,D,D,Putrajaya set 2/Picture5.png,"中文：原答案D描述日本扩大亚太侵略；具体应对原料封锁，日本征服资源丰富的东南亚，因此A也是更直接的表述。不要误记成日本与英国结盟。答案纸参考：F4，第65页。
Bahasa Melayu: Skema memberi D tentang imperialisme Asia Pasifik. Secara khusus, Jepun menguasai Asia Tenggara untuk mendapatkan bahan mentah, jadi A juga lebih langsung. Jepun tidak berpakat dengan Britain. Rujukan skema: F4, halaman 65."
F4 Chp 3,radio,Sabah_Q05,A,B,C,D,B,Sabah/Picture5.png,"中文：B：作品揭露人民受殖民者压迫，激发民族意识。课本说明Kartini书信集译名为Letters of a Javanese Princess；题干Putera（王子）应是Puteri（公主）的笔误。
Bahasa Melayu: B: Karya tersebut mendedahkan penindasan penjajah dan membangkitkan kesedaran. Buku teks menjelaskan terjemahan surat Kartini berjudul Letters of a Javanese Princess; perkataan Putera dalam soalan sepatutnya Puteri."
F4 Chp 3,radio,Sbp_Q05,A,B,C,D,C,SBP/Picture5.png,"中文：C：Nippon Seishin和日语教学用于灌输日本精神，使学生服从并效忠日本统治。【答案纸参考：72；书页内容待逐页确认。】
Bahasa Melayu: C: Semangat Nippon Seishin dan pengajaran Nippon Go digunakan untuk menanamkan kesetiaan kepada pemerintahan Jepun. [Rujukan skema: 72; kandungan halaman buku belum disahkan satu demi satu.]"
F4 Chp 3,radio,Selangor_Q05,A,B,C,D,B,Selangor/Picture5.png,"中文：B：十四点原则强调民族自决，以民族作为划定国家边界的基础。【答案纸参考：B3T4 M56；书页内容待逐页确认。】
Bahasa Melayu: B: Deklarasi tersebut menekankan penentuan nasib sendiri dan sempadan negara berasaskan bangsa. [Rujukan skema: B3T4 M56; kandungan halaman buku belum disahkan satu demi satu.]"
F4 Chp 3,radio,Smka_Q05,A,B,C,D,C,SMKA/Picture5.png,"中文：C：第一次世界大战的因素包括帝国主义列强争夺殖民地与经济利益。答案纸写A及T4第54页，但“新意识形态”属于第二次世界大战因素；题库C符合题干。【答案纸参考：T4 Hal. 54；书页内容待逐页确认。】
Bahasa Melayu: C: Persaingan kuasa imperialis untuk tanah jajahan dan kepentingan ekonomi mencetuskan Perang Dunia Pertama. Skema mencatat A dan T4 halaman 54, tetapi ideologi baharu ialah faktor Perang Dunia Kedua; C sesuai dengan soalan ini. [Rujukan skema: T4 Hal. 54; kandungan halaman buku belum disahkan satu demi satu.]"
F4 Chp 3,radio,Terengganu_Q05,A,B,C,D,C,Terengganu/Picture5.png,"中文：C：奥匈帝国王位继承人Franz Ferdinand遇刺，触发外交危机及军事联盟连锁参战。【答案纸参考：BAB 3- MS 54；书页内容待逐页确认。】
Bahasa Melayu: C: Pembunuhan Archduke Franz Ferdinand, pewaris takhta Austria-Hungary, mencetuskan krisis yang membawa kepada penglibatan pakatan ketenteraan. [Rujukan skema: BAB 3- MS 54; kandungan halaman buku belum disahkan satu demi satu.]"
F4 Chp 3,radio,JohorBahru_Q06,A,B,C,D,B,Johor Bahru/Picture6.png,"中文：日本与中国已有中日战争的敌对关系，部分华人又支援中国抗日，因此日军对华人采取残酷政策，选B。（答案纸参考：F4，第73页。）
Bahasa Melayu: Permusuhan dalam Perang China–Jepun serta bantuan masyarakat Cina kepada perjuangan China menyebabkan Jepun melayan mereka dengan kejam, maka B tepat. Rujukan skema: Tingkatan 4, m.s. 73."
F4 Chp 3,radio,JohorKulaiSet_Q06,A,B,C,D,B,Johor Kulai Set 1/Picture6.png,"中文：日本在该会议承认马来统治者的地位，以取得支持，但不代表恢复君主全部权力，选B。（答案纸参考：F4，第71页。）
Bahasa Melayu: Persidangan tersebut mengiktiraf kedudukan Raja-raja Melayu untuk mendapatkan sokongan, bukannya memberikan kuasa mutlak, maka B tepat. Rujukan skema: Tingkatan 4, m.s. 71."
F4 Chp 3,radio,JohorKulaiSet_Q06,A,B,C,D,B,Johor Kulai Set 2/Picture6.png,"中文：Di-Hujung Lidah 的描写反映日本占领期间的残暴和人民苦难，传达对日军暴行的批判，选B。（答案纸参考：F4，第73页。）
Bahasa Melayu: Novel Di-Hujung Lidah menggambarkan kekejaman tentera Jepun dan penderitaan penduduk semasa pendudukan, maka B tepat. Rujukan skema: Tingkatan 4, m.s. 73."
F4 Chp 3,radio,JohorMuar_Q06,A,B,C,D,D,Johor Muar/Picture6.png,"中文：日本通过灌输Nippon Seishin精神以及要求尊崇天皇Tenno Heika来塑造社会思想，使当地人民服从日本统治。因此选III和IV，即D。（答案纸参考：F4，第72页。）
Bahasa Melayu: Dasar sosial Jepun menekankan semangat Nippon Seishin dan penghormatan kepada Maharaja Tenno Heika untuk membentuk kesetiaan kepada Jepun. Oleh itu, III dan IV betul, iaitu D. Rujukan skema: Tingkatan 4, m.s. 72."
F4 Chp 3,radio,JohorPasirGudang_Q06,A,B,C,D,B,Johor Pasir Gudang/Picture6.png,"中文：日本最初把马来亚与苏门答腊合并管理，是为了建立特别防卫区域，协调军事控制，并非实现马来大一统构想。因此选B。（答案纸参考：F4，第70页。）
Bahasa Melayu: Penggabungan Tanah Melayu dan Sumatera pada peringkat awal pentadbiran Jepun bertujuan membentuk Kawasan Pertahanan Khas. Tujuannya berkaitan keperluan ketenteraan Jepun, bukan Melayu Raya, maka B tepat. Rujukan skema: Tingkatan 4, m.s. 70."
F4 Chp 3,radio,JohorSegamatSet_Q06,A,B,C,D,D,Johor Segamat Set 1/Picture6.png,"中文：日本大量发行香蕉钞，加上战时物资短缺，货币购买力下降、商品价格上涨，造成通货膨胀。因此选D。（答案纸参考：F4，第71页。）
Bahasa Melayu: Pengeluaran wang pokok pisang yang berlebihan serta kekurangan barang menyebabkan nilai wang merosot dan harga meningkat. Keadaan ini ialah inflasi, maka D tepat. Rujukan skema: Tingkatan 4, m.s. 71."
F4 Chp 3,radio,JohorSegamatSet_Q06,A,B,C,D,B,Johor Segamat Set 2/Picture6.png,"中文：香蕉钞发行过量，加上商品短缺，导致货币贬值及物价上涨，形成通货膨胀。因此选B。（答案纸参考：F4，第72-73页。）
Bahasa Melayu: Pengeluaran wang pokok pisang yang berlebihan dan kekurangan barang menyebabkan nilai wang merosot serta harga meningkat. Kesannya ialah inflasi, maka B tepat. Rujukan skema: Tingkatan 4, m.s. 72-73."
F4 Chp 3,radio,Kedah_Q06,A,B,C,D,B,Kedah/Picture6.png,"中文：Albert Kwok领导Jesselton起义，以武装反抗日本占领，因此选B。答案纸参考：F4第79页。
Bahasa Melayu: Albert Kwok memimpin pemberontakan Jesselton untuk menentang pendudukan Jepun secara bersenjata, B. Rujukan skema: T4 ms.79."
F4 Chp 3,radio,Kelantan_Q06,A,B,C,D,A,Kelantan/Picture6.png,"中文：粮食配给卡记录居民领取物资的数量，让短缺情况下的分配有据可查。 答案纸参考：F4第72页。
Bahasa Melayu: Kad catuan merekod kuantiti barangan yang diterima penduduk agar pengagihan semasa kekurangan makanan dapat dikawal. Rujukan skema: T4 ms.72."
F4 Chp 3,radio,KualaLumpur_Q06,A,B,C,D,B,Kuala Lumpur/Picture6.png,"中文：原答案B对应Askar Melayu，他们确实抗日；但部队1933年已成立，不能说因日军暴行才成立。C的Operasi Semut则在Sarawak进行，题干地区与“成立”的措辞有疑点。 答案纸参考：F4第74页。
Bahasa Melayu: Key B merujuk Askar Melayu yang memang menentang Jepun, tetapi rejimen sudah ditubuhkan pada 1933, bukan akibat kekejaman pendudukan. Operasi Semut pula di Sarawak; lokasi dan perkataan menubuhkan dalam soalan perlu diperhatikan. Rujukan skema: T4 ms.74."
F4 Chp 3,radio,Melaka_Q06,A,B,C,D,D,Melaka/Picture6.png,"中文：1914年奥匈皇储被刺引发Balkan危机，各国联盟使冲突扩大为世界大战。 答案纸参考：F4第54页。
Bahasa Melayu: Pembunuhan pewaris Austria-Hungary pada 1914 mencetuskan krisis Balkan yang meluas menjadi perang melalui pakatan negara. Rujukan skema: T4 ms.54."
F4 Chp 3,radio,Mrsm_Q06,A,B,C,D,A,MRSM/Picture6.png,"中文：皇储遇刺引发奥匈对塞尔维亚采取行动，联盟体系把冲突扩大为第一次世界大战。 答案纸参考：F4第54页。
Bahasa Melayu: Pembunuhan pewaris takhta menyebabkan Austria-Hungary bertindak terhadap Serbia; sistem pakatan meluaskan konflik menjadi Perang Dunia Pertama. Rujukan skema: T4 ms.54."
F4 Chp 3,radio,N_Q06,A,B,C,D,B,N9/Picture6.png,"中文：盟军以经济制裁限制日本获取物资和石油，试图阻止其扩张。 答案纸参考：F4第65页。
Bahasa Melayu: Pihak Bersekutu mengenakan sekatan ekonomi bagi menghadkan bekalan bahan dan minyak Jepun untuk menghalang peluasan kuasa. Rujukan skema: T4 ms.65."
F4 Chp 3,radio,Pahang_Q06,A,B,C,D,D,Pahang/Picture6.png,"中文：D：意大利认为战后分配没有给予它预期的新殖民地，所以对凡尔赛和平安排不满，并进一步采取扩张政策。答案纸参考：F4第58页。
Bahasa Melayu: D: Itali tidak memperoleh tanah jajahan baharu seperti yang diharapkan selepas perang. Kekecewaan terhadap penyelesaian Versailles mendorong dasar peluasan kuasa. Rujukan skema: T4 ms. 58."
F4 Chp 3,radio,Perak_Q06,A,B,C,D,B,Perak/Picture6.png,"中文：这些组织共同反抗日本占领，并与英国合作开展抗日行动；Force 136尤其负责联系及支援当地抵抗力量。答案纸参考：F4，第74至76页。
Bahasa Melayu: Organisasi ini menentang pendudukan Jepun dan bekerjasama dengan British dalam gerakan penentangan. Force 136 khususnya menghubungkan serta membantu pejuang tempatan. Rujukan skema: F4, halaman 74–76."
F4 Chp 3,radio,Perlis_Q06,A,B,C,D,C,Perlis/Picture6.png,"中文：Giyu Tai协助防卫海岸并维护公共秩序；不要把它与协助日本作战的志愿军Giyu Gun混淆。答案纸参考：F4，第80页。
Bahasa Melayu: Giyu Tai membantu pertahanan pesisiran pantai dan menjaga ketenteraman awam. Bezakan tugasnya daripada Giyu Gun, iaitu pasukan tentera sukarela. Rujukan skema: F4, halaman 80."
F4 Chp 3,radio,PulauPinang_Q06,A,B,C,D,C,Pulau Pinang/Picture6.png,"中文：Sybil Kathigasu在霹雳照顾伤者并提供药物给抗日游击队，虽受到日军迫害仍继续帮助抵抗者。答案纸参考：F4，第78页。
Bahasa Melayu: Sybil Kathigasu merawat mangsa perang dan membekalkan ubat kepada gerila anti-Jepun di Perak walaupun menghadapi tindakan kejam Jepun. Rujukan skema: F4, halaman 78."
F4 Chp 3,radio,PutrajayaSet_Q06,A,B,C,D,B,Putrajaya set 1/Picture6.png,"中文：“亚洲人的亚洲”等口号借反西方殖民情绪争取当地支持，掩饰日本自身的扩张目的。答案纸参考：F4，第68页。
Bahasa Melayu: Slogan Asia untuk Orang Asia membangkitkan sentimen anti penjajah Barat untuk mendapatkan sokongan tempatan sambil menyembunyikan tujuan peluasan Jepun. Rujukan skema: F4, halaman 68."
F4 Chp 3,radio,PutrajayaSet_Q06,A,B,C,D,A,Putrajaya set 2/Picture6.png,"中文：物资管制及短缺迫使居民自力更生，制作替代用品等新发明，故I和II符合课本重点；不能依赖进口解决短缺。答案纸参考：F4，第72页。
Bahasa Melayu: Kawalan dan kekurangan barangan mendorong penduduk berdikari serta menghasilkan ciptaan baharu sebagai pengganti. Maka I dan II menepati fokus buku teks. Rujukan skema: F4, halaman 72."
F4 Chp 3,radio,Sabah_Q06,A,B,C,D,A,Sabah/Picture6.png,"中文：A：英国以拘捕和监禁削弱本地民族主义领袖，使他们不能继续公开组织斗争。
Bahasa Melayu: A: British menangkap dan memenjarakan pemimpin nasionalis untuk melemahkan kegiatan serta perjuangan mereka."
F4 Chp 3,radio,Sabk_Q06,A,B,C,D,A,SABK/Picture6.png,"中文：威尔逊十四点主张人民决定国家命运，并按照民族划定边界，所以I和II正确；不是强化军事联盟或设立否决权。答案纸参考：F4，第56页。
Bahasa Melayu: Empat Belas Perkara Wilson menekankan penentuan nasib negara oleh rakyat dan sempadan berdasarkan bangsa. Maka I dan II tepat. Rujukan skema: F4, halaman 56."
F4 Chp 3,radio,Sbp_Q06,A,B,C,D,A,SBP/Picture6.png,"中文：A：日据时期的报章配合日本宣传，传播反西方殖民的精神，以争取当地人民支持。【答案纸参考：80；书页内容待逐页确认。】
Bahasa Melayu: A: Akhbar zaman pendudukan Jepun menyebarkan propaganda antipenjajah Barat bagi mendapatkan sokongan penduduk tempatan. [Rujukan skema: 80; kandungan halaman buku belum disahkan satu demi satu.]"
F4 Chp 3,radio,Selangor_Q06,A,B,C,D,D,Selangor/Picture6.png,"中文：D（III、IV）：Force 136与马来游击组织通过破坏行动及宣传，共同削弱日本占领统治。【答案纸参考：B3T4 M77；书页内容待逐页确认。】
Bahasa Melayu: D (III dan IV): Force 136 bekerjasama dengan gerila Melayu melakukan sabotaj dan menyebarkan propaganda untuk melemahkan Jepun. [Rujukan skema: B3T4 M77; kandungan halaman buku belum disahkan satu demi satu.]"
F4 Chp 3,radio,Smka_Q06,A,B,C,D,A,SMKA/Picture6.png,"中文：A：Dato’ Onn与Kiai Salleh同Bintang Tiga谈判，缓和冲突，恢复柔佛的和平。【答案纸参考：T4 Hal. 85；书页内容待逐页确认。】
Bahasa Melayu: A: Rundingan Dato’ Onn dan Kiai Salleh dengan Bintang Tiga meredakan konflik serta mengembalikan keamanan di Johor. [Rujukan skema: T4 Hal. 85; kandungan halaman buku belum disahkan satu demi satu.]"
F4 Chp 3,radio,Terengganu_Q06,A,B,C,D,C,Terengganu/Picture6.png,"中文：C：法西斯主义把国家利益置于个人之上，强调极端民族主义，甚至以战争提高国家形象。【答案纸参考：BAB 3- MS 58；书页内容待逐页确认。】
Bahasa Melayu: C: Fasisme mengutamakan kepentingan negara melebihi individu dan mempercayai nasionalisme melampau, termasuk berperang demi imej negara. [Rujukan skema: BAB 3- MS 58; kandungan halaman buku belum disahkan satu demi satu.]"
F4 Chp 3,radio,Melaka_Q07,A,B,C,D,C,Melaka/Picture7.png,"中文：面对日军暴行，本地居民与英国人员合作提供情报及支援反日行动。 答案纸参考：F4第73页。
Bahasa Melayu: Penduduk tempatan bekerjasama dengan British dengan memberikan maklumat dan bantuan dalam perjuangan menentang kekejaman Jepun. Rujukan skema: T4 ms.73."
F4 Chp 3,radio,Pahang_Q07,A,B,C,D,B,Pahang/Picture7.png,"中文：B：日本的亚洲新秩序意在扩大军事势力，并开拓海外市场供日本经济使用，因此是I和IV；并非给予亚洲自由经济。答案纸参考：F4第64页。
Bahasa Melayu: B: Orde Baharu Asia bertujuan mengembangkan kuasa tentera Jepun dan membuka pasaran antarabangsa untuk kepentingannya. Oleh itu, I dan IV tepat, bukan kebebasan ekonomi Asia. Rujukan skema: T4 ms. 64."
F4 Chp 3,radio,Sabk_Q07,A,B,C,D,A,SABK/Picture7.png,"中文：这些组织在日军投降后应对Bintang Tiga的暴力，保护马来社区的安全及尊严，时间并非抗日战争中。答案纸参考：F4，第84页。
Bahasa Melayu: Gerakan ini muncul selepas Jepun menyerah kalah untuk mempertahankan masyarakat dan maruah Melayu daripada kekejaman Bintang Tiga. Rujukan skema: F4, halaman 84."
F4 Chp 3,radio,SarawakSibu_Q07,A,B,C,D,A,Sarawak Sibu/Picture7.png,"中文：A：十四点原则强调民族自决，以民族作为确定国家边界的基础。【答案纸参考：56；书页内容待逐页确认。】
Bahasa Melayu: A: Deklarasi Empat Belas Perkara menekankan penentuan nasib sendiri dan sempadan negara berasaskan bangsa. [Rujukan skema: 56; kandungan halaman buku belum disahkan satu demi satu.]"
F4 Chp 3,radio,Pahang_Q08,A,B,C,D,C,Pahang/Picture8.png,"中文：C：日本投降后英国迟迟未重返，形成权力真空，Bintang Tiga趁机掌控地方并施行暴力统治。答案纸参考：F4第84页。
Bahasa Melayu: C: Selepas Jepun menyerah kalah, kelewatan British kembali mewujudkan kekosongan kuasa. Bintang Tiga mengambil kesempatan menguasai kawasan dan melakukan keganasan. Rujukan skema: T4 ms. 84."
F4 Chp 3,radio,SarawakSibu_Q08,A,B,C,D,A,Sarawak Sibu/Picture8.png,"中文：A（I、II）：材料研究委员会及五年生产计划用于研究资源和组织生产，应对战时经济衰退。【答案纸参考：71；书页内容待逐页确认。】
Bahasa Melayu: A (I dan II): Jawatankuasa Penyelidikan Bahan dan Rancangan Pengeluaran Lima Tahun mengkaji sumber serta mengatur pengeluaran untuk menangani kemelesetan ekonomi. [Rujukan skema: 71; kandungan halaman buku belum disahkan satu demi satu.]"
F4 Chp 3,radio,JohorBahru_Q09,A,B,C,D,C,Johor Bahru/Picture9.png,"中文：日本在1931年侵占满洲，显示其军事扩张及区域实力，符合题目强调的1930年代，选C。（答案纸参考：F4，第59页。）
Bahasa Melayu: Pendudukan Manchuria pada tahun 1931 menunjukkan peluasan ketenteraan dan kekuatan Jepun pada dekad 1930-an, maka C tepat. Rujukan skema: Tingkatan 4, m.s. 59."
F4 Chp 3,radio,JohorBahru_Q10,A,B,C,D,A,Johor Bahru/Picture10.png,"中文：Orde Baharu 是日本建立区域新秩序的扩张政策，意图控制亚洲及太平洋地区，选A。（答案纸参考：F4，第64页。）
Bahasa Melayu: Orde Baharu ialah rancangan Jepun mewujudkan susunan baharu untuk menguasai kawasan Asia Pasifik, maka A tepat. Rujukan skema: Tingkatan 4, m.s. 64."
F4 Chp 3,radio,JohorBahru_Q11,A,B,C,D,D,Johor Bahru/Picture11.png,"中文：日本用“亚洲人的亚洲”等宣传，把侵略包装成解放亚洲，以争取当地支持并实现经济、军事目标，选D。（答案纸参考：F4，第68页。）
Bahasa Melayu: Jepun menggunakan propaganda seperti Asia untuk Orang Asia bagi mendapatkan sokongan penduduk sambil memenuhi kepentingan ekonomi dan ketenteraannya, maka D tepat. Rujukan skema: Tingkatan 4, m.s. 68."
F4 Chp 3,radio,JohorBahru_Q12,A,B,C,D,D,Johor Bahru/Picture12.png,"中文：占领造成苦难，教训是对外来势力保持警惕，并团结合作维护国家安全；III与IV对应D。（答案纸参考：F4，第73页。）
Bahasa Melayu: Kesengsaraan zaman pendudukan mengajar rakyat supaya sentiasa berwaspada dan bekerjasama mempertahankan negara; III dan IV memberikan D. Rujukan skema: Tingkatan 4, m.s. 73."
F4 Chp 4,radio,JohorBahru_Q07,A,B,C,D,D,Johor Bahru/Picture7.png,"中文：Utusan Melayu 等报章报道及批评 Malayan Union，传播反对意见并动员马来人，四个选项中选D。（答案纸参考：F4，第102页。）
Bahasa Melayu: Utusan Melayu menyebarkan bantahan terhadap Malayan Union dan membangkitkan kesedaran orang Melayu, maka D tepat. Rujukan skema: Tingkatan 4, m.s. 102."
F4 Chp 4,radio,JohorKulaiSet_Q07,A,B,C,D,C,Johor Kulai Set 1/Picture7.png,"中文：Malayan Union 把多个州置于统一中央政府之下，属于 kesatuan，即单一制，选C。（答案纸参考：F4，第96页。）
Bahasa Melayu: Malayan Union menyatukan negeri di bawah sebuah pentadbiran pusat, iaitu bentuk kesatuan, maka C tepat. Rujukan skema: Tingkatan 4, m.s. 96."
F4 Chp 4,radio,JohorKulaiSet_Q07,A,B,C,D,D,Johor Kulai Set 2/Picture7.png,"中文：留英马来学生向英国议会反对 jus soli，担忧过于宽松的公民资格影响马来人地位；具体内容对应D。（答案纸参考：F4，第96页。）
Bahasa Melayu: Memorandum pelajar Melayu di Britain menentang prinsip jus soli kerana kebimbangan terhadap kewarganegaraan yang terlalu longgar, maka D tepat. Rujukan skema: Tingkatan 4, m.s. 96."
F4 Chp 4,radio,JohorMuar_Q07,A,B,C,D,A,Johor Muar/Picture7.png,"中文：马来亚联邦Malayan Union由英国总督领导，并设立立法议会。其他选项涉及马来人的反对运动，或误把苏丹同意宽松公民权视为规定，所以选A。（答案纸参考：F4，第97页。）
Bahasa Melayu: Malayan Union ditadbir oleh Gabenor British dengan penubuhan Majlis Perundangan. Pilihan lain berkaitan gerakan penentangan atau bukan peruntukan yang tepat, maka A betul. Rujukan skema: Tingkatan 4, m.s. 97."
F4 Chp 4,radio,JohorPasirGudang_Q07,A,B,C,D,B,Johor Pasir Gudang/Picture7.png,"中文：英国希望通过宽松公民权稳定移民居留，让他们持续提供劳动力，支持矿业和种植业等经济活动。因此经济目的对应B。（答案纸参考：F4，第96页。）
Bahasa Melayu: British berharap golongan imigran kekal di Tanah Melayu dan membekalkan tenaga kerja secara berterusan. Tenaga kerja ini diperlukan untuk perkembangan ekonomi, maka B tepat. Rujukan skema: Tingkatan 4, m.s. 96."
F4 Chp 4,radio,JohorSegamatSet_Q07,A,B,C,D,A,Johor Segamat Set 1/Picture7.png,"中文：马来统治者通过向英国发出抗议信表达反对Malayan Union，以维护主权与地位。马来大会主要由组织及民众发动，因此选A。（答案纸参考：F4，第100页。）
Bahasa Melayu: Raja-raja Melayu menghantar surat bantahan kepada pihak British untuk menentang Malayan Union dan mempertahankan kedaulatan. Oleh itu, A tepat. Rujukan skema: Tingkatan 4, m.s. 100."
F4 Chp 4,radio,JohorSegamatSet_Q07,A,B,C,D,A,Johor Segamat Set 2/Picture7.png,"中文：Malayan Union实施宽松的出生地公民权jus soli，并把苏丹权力限制于宗教及习俗等事务。两条线索指向该制度，所以选A。（答案纸参考：F4，第97页。）
Bahasa Melayu: Malayan Union memperkenalkan kewarganegaraan jus soli dan mengehadkan kuasa sultan terutama kepada agama serta adat. Kedua-dua petunjuk merujuk sistem tersebut, maka A tepat. Rujukan skema: Tingkatan 4, m.s. 97."
F4 Chp 4,radio,Kedah_Q07,A,B,C,D,A,Kedah/Picture7.png,"中文：Malayan Union把马来州变为英国直接统治的殖民地，削弱君主主权，因此马来人视为完全殖民而悲伤。答案纸参考：F4第102页。
Bahasa Melayu: Malayan Union meletakkan negeri Melayu di bawah penjajahan langsung British dan menghakis kedaulatan raja, menyebabkan orang Melayu bersedih. Rujukan skema: T4 ms.102."
F4 Chp 4,radio,Kelantan_Q07,A,B,C,D,C,Kelantan/Picture7.png,"中文：日军投降后的马来亚秩序混乱，BMA负责恢复稳定、公共秩序和行政。 答案纸参考：F4第94页。
Bahasa Melayu: Selepas Jepun menyerah, Tanah Melayu tidak stabil; BMA bertugas memulihkan kestabilan, ketenteraman dan pentadbiran. Rujukan skema: T4 ms.94."
F4 Chp 4,radio,KualaLumpur_Q07,A,B,C,D,D,Kuala Lumpur/Picture7.png,"中文：由总督领导、实行宽松jus soli公民权是Malayan Union的特征。 答案纸参考：F4第97页。
Bahasa Melayu: Pentadbiran diketuai Gabenor dan kewarganegaraan jus soli yang longgar ialah ciri Malayan Union. Rujukan skema: T4 ms.97."
F4 Chp 4,radio,Mrsm_Q07,A,B,C,D,C,MRSM/Picture7.png,"中文：妇女参加反割让示威，公开表达反对Sarawak成为英国殖民地的立场。 答案纸参考：F4第111页。
Bahasa Melayu: Wanita menyertai demonstrasi antipenyerahan untuk menyatakan bantahan terhadap Sarawak menjadi tanah jajahan British. Rujukan skema: T4 ms.111."
F4 Chp 4,radio,N_Q07,A,B,C,D,B,N9/Picture7.png,"中文：民众举行群众集会并通过报刊表达反对Malayan Union，I、IV符合课本对人民行动的归类。 答案纸参考：F4第102及106页。
Bahasa Melayu: Rakyat mengadakan rapat umum dan menggunakan akhbar untuk membantah Malayan Union; I dan IV menepati pengelasan tindakan rakyat dalam buku teks. Rujukan skema: T4 ms.102 dan 106."
F4 Chp 4,radio,Perak_Q07,A,B,C,D,D,Perak/Picture7.png,"中文：日军投降后，英国军事行政必须恢复治安、经济及基本生活，以重新取得人民对政府的信任。答案纸参考：F4，第94页。
Bahasa Melayu: Selepas Jepun menyerah kalah, BMA perlu memulihkan keamanan, ekonomi dan kehidupan rakyat untuk mengembalikan kepercayaan rakyat terhadap pentadbiran. Rujukan skema: F4, halaman 94."
F4 Chp 4,radio,Perlis_Q07,A,B,C,D,A,Perlis/Picture7.png,"中文：马来统治者考虑通过高等法院挑战麦迈克尔取得签署的做法，以法律途径反对马来亚联盟。答案纸参考：F4，第100至101页。
Bahasa Melayu: Raja-raja Melayu menentang Malayan Union melalui tindakan membawa kes berkaitan persetujuan yang diperoleh MacMichael ke Mahkamah Tinggi. Rujukan skema: F4, halaman 100–101."
F4 Chp 4,radio,PulauPinang_Q07,A,B,C,D,B,Pulau Pinang/Picture7.png,"中文：BMA未能有效恢复生活与经济，提醒人民不能盲目信赖外国势力，应谨慎保护自身国家利益。答案纸参考：F4，第95页。
Bahasa Melayu: Kegagalan BMA memulihkan keadaan mengajar rakyat supaya berwaspada terhadap kuasa asing dan tidak bergantung sepenuhnya pada janji mereka. Rujukan skema: F4, halaman 95."
F4 Chp 4,radio,PutrajayaSet_Q07,A,B,C,D,A,Putrajaya set 1/Picture7.png,"中文：英国施压与王位继承问题都是Vyner Brooke割让砂拉越的因素；并非全体居民要求割让，故I和II正确。答案纸参考：F4，第107页。
Bahasa Melayu: Desakan British dan masalah pewarisan takhta mendorong Vyner Brooke menyerahkan Sarawak. Penyerahan bukan permintaan seluruh penduduk, maka I dan II tepat. Rujukan skema: F4, halaman 107."
F4 Chp 4,radio,PutrajayaSet_Q07,A,B,C,D,D,Putrajaya set 2/Picture7.png,"中文：马来统治者以法律途径挑战马来亚联盟，包括提出在英国高等法院处理签署争议。答案纸参考：F4，第100页。
Bahasa Melayu: Raja-raja Melayu menggunakan saluran undang-undang dengan membawa isu Malayan Union ke Mahkamah Tinggi England. Rujukan skema: F4, halaman 100."
F4 Chp 4,radio,Sabah_Q07,A,B,C,D,D,Sabah/Picture7.png,"中文：D：第一次世界大战包括帝国主义列强争夺殖民地与经济利益；国联失败及新意识形态对应后来的第二次大战。
Bahasa Melayu: D: Persaingan kuasa imperialis merebut tanah jajahan dan kepentingan ekonomi ialah faktor Perang Dunia Pertama, bukan kegagalan Liga Bangsa-Bangsa atau ideologi baharu."
F4 Chp 4,radio,Sbp_Q07,A,B,C,D,C,SBP/Picture7.png,"中文：C（II、III）：BMA的目标是恢复战后治安，并重建人民对行政当局的信任。【答案纸参考：94-95；书页内容待逐页确认。】
Bahasa Melayu: C (II dan III): BMA bertujuan mengembalikan keamanan selepas perang serta memulihkan kepercayaan rakyat terhadap pentadbiran. [Rujukan skema: 94-95; kandungan halaman buku belum disahkan satu demi satu.]"
F4 Chp 4,radio,Selangor_Q07,A,B,C,D,C,Selangor/Picture7.png,"中文：C：Malayan Union放宽公民资格，马来人担忧政治地位受威胁，因此以悼念方式反对。【答案纸参考：B4T4 M102；书页内容待逐页确认。】
Bahasa Melayu: C: Syarat kewarganegaraan Malayan Union yang longgar membimbangkan orang Melayu tentang kedudukan politik mereka, lalu mereka membantah dengan berkabung. [Rujukan skema: B4T4 M102; kandungan halaman buku belum disahkan satu demi satu.]"
F4 Chp 4,radio,Smka_Q07,A,B,C,D,C,SMKA/Picture7.png,"中文：C：战后BMA恢复治安及基本行政，重建人民对英国政府的信任。【答案纸参考：T4 Hal. 94；书页内容待逐页确认。】
Bahasa Melayu: C: BMA memulihkan keamanan dan pentadbiran selepas perang untuk mengembalikan kepercayaan rakyat terhadap British. [Rujukan skema: T4 Hal. 94; kandungan halaman buku belum disahkan satu demi satu.]"
F4 Chp 4,radio,Terengganu_Q07,A,B,C,D,D,Terengganu/Picture7.png,"中文：D：马来统治者认为MacMichael以施压与威胁取得签署，故协议不出于自愿，决定诉诸英国高等法院。【答案纸参考：BAB 4- MS 100；书页内容待逐页确认。】
Bahasa Melayu: D: Raja-raja Melayu mempertikaikan persetujuan yang diperoleh melalui desakan dan paksaan MacMichael, lalu mahu membawa kes ke Mahkamah Tinggi England. [Rujukan skema: BAB 4- MS 100; kandungan halaman buku belum disahkan satu demi satu.]"
F4 Chp 4,radio,JohorBahru_Q08,A,B,C,D,D,Johor Bahru/Picture8.png,"中文：Sabah 被移交英国政府后成为英国直辖殖民地，主权及行政受殖民政府控制，因此选D。（答案纸参考：F4，第117页。）
Bahasa Melayu: Penyerahan Sabah menjadikannya tanah jajahan British yang berada di bawah pentadbiran kerajaan British, maka D tepat. Rujukan skema: Tingkatan 4, m.s. 117."
F4 Chp 4,radio,JohorKulaiSet_Q08,A,B,C,D,D,Johor Kulai Set 1/Picture8.png,"中文：英国把 Zakaria Gunn 调到 Jesselton，以削弱其在 Sabah 社团中的活动影响；正确配对为D。（答案纸参考：F4，第116页。）
Bahasa Melayu: British menukarkan Zakaria Gunn ke Jesselton sebagai langkah melemahkan kegiatan persatuan di Sabah, maka pasangan D tepat. Rujukan skema: Tingkatan 4, m.s. 116."
F4 Chp 4,radio,JohorKulaiSet_Q08,A,B,C,D,C,Johor Kulai Set 2/Picture8.png,"中文：部分 Sabah 居民希望移交英国后能有机会参与政府行政，因此欢迎这项安排，选C。（答案纸参考：F4，第117页。）
Bahasa Melayu: Sebahagian penduduk Sabah menyambut penyerahan kerana berharap mendapat peluang melibatkan diri dalam pentadbiran, maka C tepat. Rujukan skema: Tingkatan 4, m.s. 117."
F4 Chp 4,radio,JohorMuar_Q08,A,B,C,D,D,Johor Muar/Picture8.png,"中文：沙巴居民战后更关注恢复生活及社会经济利益，政治组织与领导力量也有限，所以没有形成广泛反对割让运动。Rukun13和MacBryan事件主要属于砂拉越，选D。（答案纸参考：F4，第117页。）
Bahasa Melayu: Penduduk Sabah selepas perang lebih menumpukan pemulihan kehidupan dan kepentingan sosioekonomi, sementara kesedaran serta organisasi politik masih terhad. Rukun 13 dan muslihat MacBryan berkaitan Sarawak, maka D paling sesuai. Rujukan skema: Tingkatan 4, m.s. 117."
F4 Chp 4,radio,JohorPasirGudang_Q08,A,B,C,D,B,Johor Pasir Gudang/Picture8.png,"中文：英国通过给予晋升等利益来笼络沙巴社团领袖，减少他们组织反对割让的可能。因此选B，而不是把领袖全部监禁或送出国。（答案纸参考：F4，第116页。）
Bahasa Melayu: British menawarkan kenaikan pangkat kepada pemimpin persatuan di Sabah untuk mendapatkan sokongan dan mengurangkan penentangan terhadap penyerahan. Oleh itu, B tepat. Rujukan skema: Tingkatan 4, m.s. 116."
F4 Chp 4,radio,JohorSegamatSet_Q08,A,B,C,D,D,Johor Segamat Set 1/Picture8.png,"中文：北婆罗洲公司战后缺乏资金修复破坏、重建沙巴，因此把沙巴交给英国政府。原因是财政和重建能力不足，选D。（答案纸参考：F4，第115页。）
Bahasa Melayu: SBUB kekurangan dana untuk memulihkan kerosakan perang dan membangunkan Sabah. Kekangan kewangan mendorong penyerahan kepada kerajaan British, maka D tepat. Rujukan skema: Tingkatan 4, m.s. 115."
F4 Chp 4,radio,JohorSegamatSet_Q08,A,B,C,D,C,Johor Segamat Set 2/Picture8.png,"中文：族群差异使沙巴人民难以形成统一反对力量，而英国也压制政治意识与组织发展。因此II和III对应C。（答案纸参考：F4，第116-117页。）
Bahasa Melayu: Perbezaan etnik menyukarkan penyatuan penduduk, sementara British menekan perkembangan kesedaran politik. Keadaan ini melemahkan penentangan terhadap penyerahan, maka II dan III, iaitu C. Rujukan skema: Tingkatan 4, m.s. 116-117."
F4 Chp 4,radio,Kedah_Q08,A,B,C,D,D,Kedah/Picture8.png,"中文：D配对正确：Sabah移交有助满足英国利益；Sarawak则面临继承问题，Vyner Brooke年老、无男性继承人且不愿任命Anthony Brooke。答案纸参考：F4第107页。
Bahasa Melayu: D betul: penyerahan Sabah memenuhi kepentingan British; Sarawak menghadapi masalah pewarisan kerana Vyner Brooke tua, tiada anak lelaki dan enggan melantik Anthony Brooke. Rujukan skema: T4 ms.107."
F4 Chp 4,radio,Kelantan_Q08,A,B,C,D,C,Kelantan/Picture8.png,"中文：Halimahton Majid与Datin Puteh Mariah动员妇女参与反Malayan Union运动，捍卫马来权益。 答案纸参考：F4第103页。
Bahasa Melayu: Halimahton Majid dan Datin Puteh Mariah menggerakkan wanita membantah Malayan Union demi mempertahankan kepentingan orang Melayu. Rujukan skema: T4 ms.103."
F4 Chp 4,radio,KualaLumpur_Q08,A,B,C,D,D,Kuala Lumpur/Picture8.png,"中文：Sarawak战后重建缺乏资金，Vyner Brooke又面临继承问题，因此III、IV正确。 答案纸参考：F4第107页。
Bahasa Melayu: Sarawak kekurangan dana untuk pemulihan selepas perang dan Vyner Brooke menghadapi masalah pewarisan takhta; III dan IV betul. Rujukan skema: T4 ms.107."
F4 Chp 4,radio,Melaka_Q08,A,B,C,D,B,Melaka/Picture8.png,"中文：BMA接管马来亚行政并要求交回武器，减少武装混乱、恢复秩序，所以I、IV正确。 答案纸参考：F4第94页。
Bahasa Melayu: BMA mengambil alih pentadbiran dan meminta senjata dipulangkan untuk mengurangkan kekacauan serta memulihkan ketenteraman; I dan IV betul. Rujukan skema: T4 ms.94."
F4 Chp 4,radio,Mrsm_Q08,A,B,C,D,A,MRSM/Picture8.png,"中文：英国提供本地官员晋升机会，吸引地方精英合作，削弱反割让的动力。 答案纸参考：F4第116页。
Bahasa Melayu: Peluang kenaikan pangkat bagi pegawai tempatan menarik kerjasama pemimpin dan mengurangkan dorongan membantah penyerahan Sabah. Rujukan skema: T4 ms.116."
F4 Chp 4,radio,N_Q08,A,B,C,D,D,N9/Picture8.png,"中文：英国调走有能力的PKML领袖，削弱组织领导与动员力，压制Sabah政治意识。 答案纸参考：F4第116页。
Bahasa Melayu: British memindahkan pemimpin PKML yang berkebolehan untuk melemahkan kepimpinan dan mobilisasi kesedaran politik Sabah. Rujukan skema: T4 ms.116."
F4 Chp 4,radio,Perak_Q08,A,B,C,D,D,Perak/Picture8.png,"中文：麦迈克尔以施压及威胁方式要求马来统治者签署协议，包括以更换统治者相威胁，并非给予真正自由协商的机会。答案为III和IV。答案纸参考：F4，第98至99页。
Bahasa Melayu: MacMichael mendapatkan persetujuan Raja-raja Melayu melalui tekanan dan ugutan, termasuk ancaman menggantikan raja. Oleh itu, III dan IV tepat. Rujukan skema: F4, halaman 98–99."
F4 Chp 4,radio,Perlis_Q08,A,B,C,D,C,Perlis/Picture8.png,"中文：支持砂拉越割让的人认为英国能够提供工作机会并促进当地居民发展，因此II和III符合支持者的理由。答案纸参考：F4，第113页。
Bahasa Melayu: Golongan yang menyokong penyerahan Sarawak menganggap British dapat memberikan peluang pekerjaan dan memajukan penduduk tempatan, maka II dan III tepat. Rujukan skema: F4, halaman 113."
F4 Chp 4,radio,PulauPinang_Q08,A,B,C,D,B,Pulau Pinang/Picture8.png,"中文：英国看重砂拉越的资源及已有经济投资，希望控制当地以保障投资利益。答案纸参考：F4，第107页。
Bahasa Melayu: British berminat menguasai Sarawak untuk menjaga kepentingan pelaburan dan ekonomi di wilayah tersebut. Rujukan skema: F4, halaman 107."
F4 Chp 4,radio,PutrajayaSet_Q08,A,B,C,D,C,Putrajaya set 1/Picture8.png,"中文：Rosli Dhobi作为Rukun Tiga Belas成员刺杀英国总督Duncan Stewart，以反对砂拉越割让；这是历史事件描述，并非鼓励暴力。答案纸参考：F4，第112页。
Bahasa Melayu: Rosli Dhobi, anggota Rukun Tiga Belas, membunuh Gabenor British Duncan Stewart dalam gerakan antipenyerahan Sarawak. Rujukan skema: F4, halaman 112."
F4 Chp 4,radio,PutrajayaSet_Q08,A,B,C,D,D,Putrajaya set 2/Picture8.png,"中文：战争破坏后，SBUB缺少资金重建沙巴，因此愿意移交英国政府；王位继承是砂拉越Brooke统治的因素。答案纸参考：F4，第115页。
Bahasa Melayu: SBUB kekurangan dana untuk membangunkan semula Sabah selepas perang, lalu menyerahkannya kepada British. Masalah pewarisan takhta berkaitan Sarawak. Rujukan skema: F4, halaman 115."
F4 Chp 4,radio,Sabah_Q08,A,B,C,D,C,Sabah/Picture8.png,"中文：C：日本击败中国及俄国，证明亚洲国家也能战胜强国，鼓舞东南亚民族主义。
Bahasa Melayu: C: Kejayaan Jepun menewaskan China dan Rusia membuktikan negara Asia mampu mengalahkan kuasa besar, lalu membangkitkan nasionalisme di Asia Tenggara."
F4 Chp 4,radio,Sbp_Q08,A,B,C,D,A,SBP/Picture8.png,"中文：A：这些口号强调砂拉越属于当地人民，反对Brooke把砂拉越移交给英国成为殖民地。【答案纸参考：110；书页内容待逐页确认。】
Bahasa Melayu: A: Slogan tersebut menegaskan hak rakyat Sarawak dan membantah penyerahan Sarawak oleh Brooke kepada British sebagai tanah jajahan. [Rujukan skema: 110; kandungan halaman buku belum disahkan satu demi satu.]"
F4 Chp 4,radio,Selangor_Q08,A,B,C,D,D,Selangor/Picture8.png,"中文：D（III、IV）：战后重建缺乏资金及王位继承问题，促使Vyner Brooke把砂拉越移交英国。【答案纸参考：B4T4 M107；书页内容待逐页确认。】
Bahasa Melayu: D (III dan IV): Kekurangan kewangan untuk pemulihan selepas perang dan masalah pewarisan takhta mendorong Vyner Brooke menyerahkan Sarawak kepada British. [Rujukan skema: B4T4 M107; kandungan halaman buku belum disahkan satu demi satu.]"
F4 Chp 4,radio,Smka_Q08,A,B,C,D,D,SMKA/Picture8.png,"中文：D：1946年移交后，砂拉越成为英国直属殖民地，失去原先的Brooke统治。【答案纸参考：T4 Hal. 108；书页内容待逐页确认。】
Bahasa Melayu: D: Penyerahan pada 1946 menjadikan Sarawak tanah jajahan British dan menamatkan pemerintahan Brooke. [Rujukan skema: T4 Hal. 108; kandungan halaman buku belum disahkan satu demi satu.]"
F4 Chp 4,radio,Terengganu_Q08,A,B,C,D,B,Terengganu/Picture8.png,"中文：B：移交英国后，砂拉越成为英国直属殖民地，而非取得自治地位。【答案纸参考：BAB 4- MS 107；书页内容待逐页确认。】
Bahasa Melayu: B: Penyerahan Sarawak kepada British menjadikannya tanah jajahan British, bukan wilayah berkerajaan sendiri. [Rujukan skema: BAB 4- MS 107; kandungan halaman buku belum disahkan satu demi satu.]"
F4 Chp 4,radio,Melaka_Q09,A,B,C,D,A,Melaka/Picture9.png,"中文：Ralph Hone和George Henry Hall参与规划Malayan Union，整合战后马来州行政。 答案纸参考：F4第96页。
Bahasa Melayu: Ralph Hone dan George Henry Hall terlibat merancang Malayan Union untuk menyatukan pentadbiran negeri selepas perang. Rujukan skema: T4 ms.96."
F4 Chp 4,radio,Pahang_Q09,A,B,C,D,D,Pahang/Picture9.png,"中文：D：英国议员调查确认本地人民强烈反对Malayan Union，促使英国重新协商，最终以1948年马来亚联合邦取代它。答案纸参考：F4第106页。
Bahasa Melayu: D: Tinjauan Gammans dan Rees Williams menunjukkan penentangan penduduk terhadap Malayan Union. British berunding semula sehingga Persekutuan Tanah Melayu 1948 menggantikannya. Rujukan skema: T4 ms. 106."
F4 Chp 4,radio,SarawakSibu_Q09,A,B,C,D,B,Sarawak Sibu/Picture9.png,"中文：B：三种行政安排都把多个州纳入共同体制；它们的权力结构虽不同，共同点仍是州的联合。【答案纸参考：97 & 126；书页内容待逐页确认。】
Bahasa Melayu: B: Ketiga-tiga susunan menyatukan beberapa negeri dalam satu pentadbiran, walaupun pembahagian kuasanya berbeza. [Rujukan skema: 97 & 126; kandungan halaman buku belum disahkan satu demi satu.]"
F4 Chp 4,radio,Pahang_Q10,A,B,C,D,B,Pahang/Picture10.png,"中文：B：砂拉越移交英国政府后，由Brooke家族统治地区变成英国直辖殖民地，因此受外国殖民权力控制。答案纸参考：F4第108页。
Bahasa Melayu: B: Penyerahan Sarawak kepada kerajaan British menjadikannya tanah jajahan Mahkota British, menggantikan pemerintahan keluarga Brooke. Rujukan skema: T4 ms. 108."
F4 Chp 5,radio,Sabk_Q08,A,B,C,D,D,SABK/Picture8.png,"中文：工作委员会拟定新联邦协议以取代马来亚联盟。题干年份1949应为1946；1948年联邦成立后不可能才开始拟定取代联盟的协议。答案纸参考：F4，第126页。
Bahasa Melayu: Jawatankuasa Kerja merangka perjanjian persekutuan baharu untuk menggantikan Malayan Union. Tahun 1949 dalam soalan sepatutnya 1946. Rujukan skema: F4, halaman 126."
F4 Chp 5,radio,JohorKulaiSet_Q09,A,B,C,D,B,Johor Kulai Set 1/Picture9.png,"中文：PUTERA–AMCJA 指工作委员会与英国妥协，而且带有种族性、未代表所有群体，I、IV对应B。（答案纸参考：F4，第128页。）
Bahasa Melayu: PUTERA–AMCJA menuduh Jawatankuasa Kerja berkompromi dengan British dan bersifat perkauman; I dan IV memberikan B. Rujukan skema: Tingkatan 4, m.s. 128."
F4 Chp 5,radio,JohorKulaiSet_Q09,A,B,C,D,D,Johor Kulai Set 2/Picture9.png,"中文：PUTERA–AMCJA 不满英国只与 UMNO 等特定群体闭门谈判，并认为宪制不民主；III、IV对应D。（答案纸参考：F4，第128页。）
Bahasa Melayu: PUTERA–AMCJA membantah rundingan tertutup British dengan UMNO dan menganggap perlembagaan tidak demokratik; III dan IV memberikan D. Rujukan skema: Tingkatan 4, m.s. 128."
F4 Chp 5,radio,JohorMuar_Q09,A,B,C,D,C,Johor Muar/Picture9.png,"中文：现有答案C表达英国没有接受PUTERA-AMCJA的建议。须注意因果：英国拒绝《人民宪法》并采用工作委员会方案后，PUTERA-AMCJA以Hartal停业抗议；不能简单说因为举行Hartal，英国才拒绝建议。（答案纸参考：F4，第131页。）
Bahasa Melayu: Jawapan semasa C menunjukkan cadangan PUTERA-AMCJA tidak diterima. Namun, urutan sebab perlu dijelaskan: British menolak Perlembagaan Rakyat dan menerima cadangan Jawatankuasa Kerja, lalu PUTERA-AMCJA menggunakan hartal sebagai bantahan. Hartal bukan sebab tunggal penolakan tersebut. Rujukan skema: Tingkatan 4, m.s. 131."
F4 Chp 5,radio,JohorPasirGudang_Q09,A,B,C,D,C,Johor Pasir Gudang/Picture9.png,"中文：1948年联合邦恢复马来统治者的地位，并保障马来人的特殊地位。因此马来人获得的主要保障是特殊地位受到保护，选C。（答案纸参考：F4，第136页。）
Bahasa Melayu: Perjanjian Persekutuan Tanah Melayu 1948 memulihkan kedudukan Raja-raja Melayu dan melindungi kedudukan istimewa orang Melayu. Oleh itu, C tepat. Rujukan skema: Tingkatan 4, m.s. 136."
F4 Chp 5,radio,JohorSegamatSet_Q09,A,B,C,D,B,Johor Segamat Set 1/Picture9.png,"中文：这些英国官员认为联合邦方案有助恢复和平、政治稳定并促进经济发展。题目组合I和IV符合他们支持的理由，所以选B。（答案纸参考：F4，第132-133页。）
Bahasa Melayu: Pegawai British menyokong pembentukan Persekutuan untuk mewujudkan keamanan, kestabilan dan kemajuan ekonomi. Oleh itu, I dan IV tepat, iaitu B. Rujukan skema: Tingkatan 4, m.s. 132-133."
F4 Chp 5,radio,JohorSegamatSet_Q09,A,B,C,D,C,Johor Segamat Set 2/Picture9.png,"中文：工作委员会建议以联合邦取代Malayan Union，并收紧公民权条件，以回应对过度宽松公民权的反对。因此选C。（答案纸参考：F4，第126页。）
Bahasa Melayu: Jawatankuasa Kerja mencadangkan pembentukan Persekutuan serta syarat kewarganegaraan yang lebih ketat berbanding Malayan Union. Oleh itu, C tepat. Rujukan skema: Tingkatan 4, m.s. 126."
F4 Chp 5,radio,Kedah_Q09,A,B,C,D,A,Kedah/Picture9.png,"中文：1948年联邦由英国高级专员领导，并设登记取得公民权的途径，所以I、II正确；各州不是由总督领导。答案纸参考：F4第134–135页。
Bahasa Melayu: Persekutuan 1948 diketuai Pesuruhjaya Tinggi British dan menyediakan kewarganegaraan secara pendaftaran, maka I dan II betul. Negeri tidak diketuai Gabenor Jeneral. Rujukan skema: T4 ms.134–135."
F4 Chp 5,radio,Kelantan_Q09,A,B,C,D,D,Kelantan/Picture9.png,"中文：1946年工作委员会由英国、君主代表及UMNO组成，商讨取代Malayan Union的联邦协议。 答案纸参考：F4第126页。
Bahasa Melayu: Jawatankuasa Kerja 1946 melibatkan British, wakil raja dan UMNO untuk membincangkan Perjanjian Persekutuan yang menggantikan Malayan Union. Rujukan skema: T4 ms.126."
F4 Chp 5,radio,KualaLumpur_Q09,A,B,C,D,C,Kuala Lumpur/Picture9.png,"中文：PUTERA-AMCJA以hartal抗议英国拒绝人民宪法建议。题干日期写20 September；全国hartal通常记为20 Oktober 1947，此处日期有笔误。 答案纸参考：F4第131页。
Bahasa Melayu: PUTERA-AMCJA mengadakan hartal untuk membantah penolakan Perlembagaan Rakyat. Tarikh 20 September dalam soalan tersilap; hartal seluruh Tanah Melayu lazimnya dicatat pada 20 Oktober 1947. Rujukan skema: T4 ms.131."
F4 Chp 5,radio,Mrsm_Q09,A,B,C,D,B,MRSM/Picture9.png,"中文：1948年联邦回应本地人民反Malayan Union及恢复君主地位等要求。 答案纸参考：F4第132–133页。
Bahasa Melayu: Persekutuan 1948 memenuhi tuntutan penduduk tempatan yang membantah Malayan Union dan mahu kedudukan raja dipulihkan. Rujukan skema: T4 ms.132–133."
F4 Chp 5,radio,N_Q09,A,B,C,D,B,N9/Picture9.png,"中文：1946年工作委员会起草取代Malayan Union的联邦协议及行政安排。 答案纸参考：F4第126页。
Bahasa Melayu: Jawatankuasa Kerja 1946 merangka perjanjian serta pentadbiran persekutuan untuk menggantikan Malayan Union. Rujukan skema: T4 ms.126."
F4 Chp 5,radio,Perak_Q09,A,B,C,D,C,Perak/Picture9.png,"中文：部分英国官员支持以联邦制度取代马来亚联盟，因为他们认为这更能保障当地政治稳定及英国利益。答案纸参考：F4，第132页。
Bahasa Melayu: Sokongan sebahagian pegawai British terhadap sistem persekutuan membantu menggantikan Malayan Union kerana sistem ini dianggap lebih menjamin kestabilan dan kepentingan British. Rujukan skema: F4, halaman 132."
F4 Chp 5,radio,Perlis_Q09,A,B,C,D,D,Perlis/Picture9.png,"中文：1946年工作委员会讨论新联邦协议的基础，拟定取代马来亚联盟的1948年马来亚联合邦安排。答案纸参考：F4，第126页。
Bahasa Melayu: Jawatankuasa Kerja 1946 membincangkan asas Perjanjian Persekutuan Tanah Melayu 1948 untuk menggantikan Malayan Union. Rujukan skema: F4, halaman 126."
F4 Chp 5,radio,PulauPinang_Q09,A,B,C,D,D,Pulau Pinang/Picture9.png,"中文：PUTERA-AMCJA以hartal停止经济活动来抗议联邦协议，表达对制定过程及内容的不满。答案纸参考：F4，第131页。
Bahasa Melayu: PUTERA-AMCJA menganjurkan hartal, iaitu menghentikan kegiatan ekonomi, sebagai bantahan terhadap Perjanjian Persekutuan Tanah Melayu. Rujukan skema: F4, halaman 131."
F4 Chp 5,radio,PutrajayaSet_Q09,A,B,C,D,A,Putrajaya set 1/Picture9.png,"中文：1946年工作委员会拟定取代马来亚联盟的联邦协议基础，最终形成1948年马来亚联合邦。答案纸参考：F4，第126页。
Bahasa Melayu: Jawatankuasa Kerja 1946 merangka asas Perjanjian Persekutuan Tanah Melayu yang menggantikan Malayan Union pada 1948. Rujukan skema: F4, halaman 126."
F4 Chp 5,radio,PutrajayaSet_Q09,A,B,C,D,B,Putrajaya set 2/Picture9.png,"中文：马来人团结并持续反对马来亚联盟，使英国不得不重新谈判，最终以1948年联邦取代。答案纸参考：F4，第132页。
Bahasa Melayu: Perpaduan dan penentangan kuat orang Melayu terhadap Malayan Union mendorong British menggantikannya dengan Persekutuan Tanah Melayu 1948. Rujukan skema: F4, halaman 132."
F4 Chp 5,radio,Sabah_Q09,A,B,C,D,A,Sabah/Picture9.png,"中文：A（I、II）：日本通过材料研究委员会及五年生产计划，开发本地资源并应对经济问题。
Bahasa Melayu: A (I dan II): Jepun menubuhkan Jawatankuasa Penyelidikan Bahan dan Rancangan Pengeluaran Lima Tahun untuk menggunakan sumber tempatan serta mengatasi kemelesetan ekonomi."
F4 Chp 5,radio,Sabk_Q09,A,B,C,D,B,SABK/Picture9.png,"中文：CLC让各族领袖讨论敏感问题并妥协，培养族群理解与合作。它在1949年成立，题干提1948年应视为制度背景。答案纸参考：F4，第137页。
Bahasa Melayu: CLC memupuk persefahaman kaum melalui rundingan dan tolak ansur. Jawatankuasa ini ditubuhkan pada 1949; sebutan 1948 dalam soalan ialah latar Persekutuan. Rujukan skema: F4, halaman 137."
F4 Chp 5,radio,Sbp_Q09,A,B,C,D,A,SBP/Picture9.png,"中文：A：工作委员会建议在各州成立州立法议会，作为1948年马来亚联合邦体制的一部分。【答案纸参考：127；书页内容待逐页确认。】
Bahasa Melayu: A: Jawatankuasa Kerja mencadangkan penubuhan Dewan Perundangan Negeri dalam susunan Persekutuan Tanah Melayu 1948. [Rujukan skema: 127; kandungan halaman buku belum disahkan satu demi satu.]"
F4 Chp 5,radio,Selangor_Q09,A,B,C,D,B,Selangor/Picture9.png,"中文：B：英国支持新的联合邦安排，以缓和反Malayan Union抗争并恢复政治稳定。【答案纸参考：B5T4 M133；书页内容待逐页确认。】
Bahasa Melayu: B: British menyokong Persekutuan 1948 untuk meredakan penentangan terhadap Malayan Union dan mewujudkan kestabilan politik. [Rujukan skema: B5T4 M133; kandungan halaman buku belum disahkan satu demi satu.]"
F4 Chp 5,radio,Smka_Q09,A,B,C,D,B,SMKA/Picture9.png,"中文：B（I、IV）：工作委员会主张维护马来人的特殊地位，并恢复马来统治者在新联邦中的地位。【答案纸参考：T4 Hal.127；书页内容待逐页确认。】
Bahasa Melayu: B (I dan IV): Jawatankuasa Kerja mencadangkan pemeliharaan keistimewaan orang Melayu dan pemulihan kedudukan Raja-raja Melayu. [Rujukan skema: T4 Hal.127; kandungan halaman buku belum disahkan satu demi satu.]"
F4 Chp 5,radio,Terengganu_Q09,A,B,C,D,A,Terengganu/Picture9.png,"中文：A：工作委员会只由特定群体代表组成，激进马来民族主义者及非马来人没有充分参与，因而反对。【答案纸参考：BAB 5- MS 131；书页内容待逐页确认。】
Bahasa Melayu: A: Jawatankuasa Kerja melibatkan wakil pihak tertentu sahaja dan mengecualikan golongan radikal serta bukan Melayu, lalu menimbulkan bantahan. [Rujukan skema: BAB 5- MS 131; kandungan halaman buku belum disahkan satu demi satu.]"
F4 Chp 5,radio,JohorKulaiSet_Q10,A,B,C,D,D,Johor Kulai Set 1/Picture10.png,"中文：1948年联邦的重要内容除行政和马来统治者权力外，还有公民资格，包括法律规定及申请条件，X为D。（答案纸参考：F4，第135页。）
Bahasa Melayu: Selain pentadbiran dan kuasa Raja-raja Melayu, Persekutuan 1948 menetapkan syarat kewarganegaraan; X ialah D. Rujukan skema: Tingkatan 4, m.s. 135."
F4 Chp 5,radio,JohorKulaiSet_Q10,A,B,C,D,A,Johor Kulai Set 2/Picture10.png,"中文：1948年的统治者会议可对特定事务提出意见，参与联邦行政讨论，不是主持联邦立法议会，选A。（答案纸参考：F4，第134页。）
Bahasa Melayu: Majlis Raja-Raja 1948 memberikan pandangan dalam perkara tertentu berkaitan pentadbiran, bukannya mengetuai Majlis Perundangan Persekutuan, maka A tepat. Rujukan skema: Tingkatan 4, m.s. 134."
F4 Chp 5,radio,JohorMuar_Q10,A,B,C,D,A,Johor Muar/Picture10.png,"中文：1948年马来亚联合邦允许通过法律自动取得或通过登记申请公民权。选项B、C等属于《人民宪法》建议而非此联合邦条款，所以选A。（答案纸参考：F4，第135页。）
Bahasa Melayu: Kewarganegaraan Persekutuan Tanah Melayu 1948 diperoleh melalui kuat kuasa undang-undang dan secara pendaftaran mengikut syarat tertentu. Oleh itu, A ialah ciri yang betul. Rujukan skema: Tingkatan 4, m.s. 135."
F4 Chp 5,radio,JohorPasirGudang_Q10,A,B,C,D,B,Johor Pasir Gudang/Picture10.png,"中文：1948年联合邦取代Malayan Union，恢复马来统治者被削弱的权力及州层面的地位。所以对君主制度的影响是归还统治者权力，选B。（答案纸参考：F4，第136页。）
Bahasa Melayu: Persekutuan Tanah Melayu 1948 menggantikan Malayan Union dan mengembalikan kuasa serta kedudukan Raja-raja Melayu. Oleh itu, B tepat, bukan menghapuskan pemerintahan beraja. Rujukan skema: Tingkatan 4, m.s. 136."
F4 Chp 5,radio,JohorSegamatSet_Q10,A,B,C,D,D,Johor Segamat Set 1/Picture10.png,"中文：登记申请公民权需要良好品行、没有犯罪记录，并符合居住及语言等条件。因此III和IV是题目中正确的登记条件，选D。（答案纸参考：F4，第135页。）
Bahasa Melayu: Kewarganegaraan secara pendaftaran memerlukan tingkah laku baik, tiada rekod jenayah dan syarat kediaman serta bahasa. Oleh itu, III dan IV tepat, iaitu D. Rujukan skema: Tingkatan 4, m.s. 135."
F4 Chp 5,radio,JohorSegamatSet_Q10,A,B,C,D,D,Johor Segamat Set 2/Picture10.png,"中文：1948年Rakyat Raja指与当地社会有传统联系的人民，课本条件包括使用当地语言和遵循当地习俗。因此III和IV正确，选D。（答案纸参考：F4，第135页。）
Bahasa Melayu: Dalam konteks Persekutuan 1948, rakyat Raja mempunyai hubungan dengan masyarakat tempatan, termasuk bertutur bahasa tempatan dan memahami adat resam. Oleh itu, III dan IV tepat, iaitu D. Rujukan skema: Tingkatan 4, m.s. 135."
F4 Chp 5,radio,Kedah_Q10,A,B,C,D,A,Kedah/Picture10.png,"中文：1948年联邦恢复并保障马来君主主权，与Malayan Union削弱君权的安排不同，因而获得马来人接受。答案纸参考：F4第134页。
Bahasa Melayu: Persekutuan 1948 memulihkan dan menjamin kedaulatan Raja-raja Melayu yang terhakis dalam Malayan Union, lalu diterima orang Melayu. Rujukan skema: T4 ms.134."
F4 Chp 5,radio,Kelantan_Q10,A,B,C,D,D,Kelantan/Picture10.png,"中文：1948年协议保障马来人的特殊地位，并以高级专员责任等安排落实保护。 答案纸参考：F4第136页。
Bahasa Melayu: Perjanjian 1948 melindungi kedudukan istimewa orang Melayu melalui peruntukan termasuk tanggungjawab Pesuruhjaya Tinggi. Rujukan skema: T4 ms.136."
F4 Chp 5,radio,KualaLumpur_Q10,A,B,C,D,B,Kuala Lumpur/Picture10.png,"中文：英国行政人员支持联邦方案，认为可维持稳定与英国利益，帮助1948年联邦成立。 答案纸参考：F4第133页。
Bahasa Melayu: Sokongan pentadbir British terhadap bentuk persekutuan untuk kestabilan dan kepentingan British membantu penubuhan Persekutuan 1948. Rujukan skema: T4 ms.133."
F4 Chp 5,radio,Melaka_Q10,A,B,C,D,A,Melaka/Picture10.png,"中文：1948年联邦协议在制度中保障本地土著权益，尤其马来人的特殊地位。 答案纸参考：F4第127页。
Bahasa Melayu: Perjanjian 1948 melindungi hak peribumi, khususnya kedudukan istimewa orang Melayu dalam sistem persekutuan. Rujukan skema: T4 ms.127."
F4 Chp 5,radio,Mrsm_Q10,A,B,C,D,D,MRSM/Picture10.png,"中文：居住年限及品行条件是登记取得公民权的要求，因此X为pendaftaran。 答案纸参考：F4第135页。
Bahasa Melayu: Tempoh bermastautin dan tingkah laku baik ialah syarat kewarganegaraan secara pendaftaran, maka X ialah pendaftaran. Rujukan skema: T4 ms.135."
F4 Chp 5,radio,N_Q10,A,B,C,D,B,N9/Picture10.png,"中文：行政和立法委员会协助英国高级专员处理治理及立法事务，使联邦行政运作。 答案纸参考：F4第134页。
Bahasa Melayu: Majlis mesyuarat dan perundangan membantu Pesuruhjaya Tinggi British dalam pentadbiran serta perundangan persekutuan. Rujukan skema: T4 ms.134."
F4 Chp 5,radio,Perak_Q10,A,B,C,D,C,Perak/Picture10.png,"中文：1948年协议设立马来统治者会议，也允许通过登记取得公民权，所以II和III正确。联邦由英国最高专员领导，而非总督；课本确有列出登记方式。答案纸参考：F4，第134页；登记条件见下一页。
Bahasa Melayu: Perjanjian 1948 membentuk Majlis Raja-Raja dan membenarkan kewarganegaraan secara pendaftaran, maka II dan III tepat. Pentadbiran diketuai Pesuruhjaya Tinggi British, bukan Gabenor Jeneral. Rujukan skema: F4, halaman 134; syarat pendaftaran diterangkan pada halaman berikutnya."
F4 Chp 5,radio,Perlis_Q10,A,B,C,D,D,Perlis/Picture10.png,"中文：Hartal是一种停止经济活动的抗议，商店关闭以表示反对；因此答案是关店，并非辞职或佩戴白布。答案纸参考：F4，第131页。
Bahasa Melayu: Hartal ialah tindakan menghentikan kegiatan ekonomi sebagai bantahan, termasuk menutup kedai. Oleh itu, D tepat. Rujukan skema: F4, halaman 131."
F4 Chp 5,radio,PulauPinang_Q10,A,B,C,D,A,Pulau Pinang/Picture10.png,"中文：1948年协议恢复马来统治者的主权及权力，解决马来亚联盟削弱王权的问题，因此获得马来人支持。答案纸参考：F4，第136页。
Bahasa Melayu: Perjanjian 1948 mengembalikan kedaulatan dan kuasa Raja-raja Melayu yang terjejas di bawah Malayan Union, lalu diterima orang Melayu. Rujukan skema: F4, halaman 136."
F4 Chp 5,radio,PutrajayaSet_Q10,A,B,C,D,C,Putrajaya set 1/Picture10.png,"中文：协议恢复马来州的保护国地位及统治者在法律方面的权力，所以II和III正确。国家元首职位是1957年独立制度的一部分。答案纸参考：F4，第132至133页。
Bahasa Melayu: Perjanjian mengembalikan taraf naungan dan kuasa perundangan raja, maka II dan III tepat. Jawatan YDPA berkaitan sistem kemerdekaan 1957. Rujukan skema: F4, halaman 132–133."
F4 Chp 5,radio,PutrajayaSet_Q10,A,B,C,D,C,Putrajaya set 2/Picture10.png,"中文：支持联邦的英国官员认为新制度有助恢复和平、稳定及经济发展，比继续推行遭反对的联盟更可行。答案纸参考：F4，第133页。
Bahasa Melayu: Pegawai British yang menyokong Persekutuan menganggapnya dapat mewujudkan keamanan, kestabilan dan kemajuan ekonomi. Rujukan skema: F4, halaman 133."
F4 Chp 5,radio,Sabah_Q10,A,B,C,D,D,Sabah/Picture10.png,"中文：题库暂存D，但课本与答案纸都支持B：BMA负责恢复人民信任与治安，并非专门处理示威。题干的1943年亦不准确；BMA于1945年9月恢复马来亚行政。
Bahasa Melayu: Kunci semasa ialah D, tetapi buku teks dan skema menyokong B: BMA memulihkan kepercayaan rakyat serta keamanan, bukan khusus menangani demonstrasi. Tahun 1943 dalam soalan juga tidak tepat; pentadbiran BMA bermula pada September 1945."
F4 Chp 5,radio,SarawakSibu_Q10,A,B,C,D,C,Sarawak Sibu/Picture10.png,"中文：C：1948年联合邦为本地参与政治及行政奠定基础，成为迈向自治的阶段。【答案纸参考：136；书页内容待逐页确认。】
Bahasa Melayu: C: Persekutuan 1948 menyediakan asas penyertaan tempatan dalam pentadbiran sebagai langkah menuju berkerajaan sendiri. [Rujukan skema: 136; kandungan halaman buku belum disahkan satu demi satu.]"
F4 Chp 5,radio,Sbp_Q10,A,B,C,D,C,SBP/Picture10.png,"中文：C：马六甲属于海峡殖民地，在当地出生而符合相关条件的人属于英国臣民，而非马来统治者臣民。【答案纸参考：135；书页内容待逐页确认。】
Bahasa Melayu: C: Melaka ialah Negeri Selat. Penduduk yang lahir di situ dan memenuhi syarat berkaitan tergolong sebagai rakyat British, bukan rakyat Raja Melayu. [Rujukan skema: 135; kandungan halaman buku belum disahkan satu demi satu.]"
F4 Chp 5,radio,Selangor_Q10,A,B,C,D,B,Selangor/Picture10.png,"中文：B：统治者重新拥有批准法律草案的权限，体现1948年联合邦恢复其地位。【答案纸参考：B5T4 M134；书页内容待逐页确认。】
Bahasa Melayu: B: Kuasa memperkenankan rang undang-undang menunjukkan kedudukan Raja-raja Melayu dipulihkan melalui Persekutuan 1948. [Rujukan skema: B5T4 M134; kandungan halaman buku belum disahkan satu demi satu.]"
F4 Chp 5,radio,Smka_Q10,A,B,C,D,D,SMKA/Picture10.png,"中文：D：父亲为Rakyat Raja的条件使他可按法律规定取得公民身份，不是通过申请归化。【答案纸参考：T4 Hal.135；书页内容待逐页确认。】
Bahasa Melayu: D: Status bapanya sebagai Rakyat Raja membolehkan kerakyatan diperoleh secara kuat kuasa undang-undang, bukan naturalisasi. [Rujukan skema: T4 Hal.135; kandungan halaman buku belum disahkan satu demi satu.]"
F4 Chp 5,radio,Terengganu_Q10,A,B,C,D,C,Terengganu/Picture10.png,"中文：C（II、III）：1948年联合邦促进族群合作，同时提供取得公民身份的渠道，为国家建设奠基。【答案纸参考：BAB 5- MS 136；书页内容待逐页确认。】
Bahasa Melayu: C (II dan III): Persekutuan 1948 mewujudkan kerjasama kaum dan membuka ruang kewarganegaraan sebagai asas pembinaan negara. [Rujukan skema: BAB 5- MS 136; kandungan halaman buku belum disahkan satu demi satu.]"
F4 Chp 5,radio,Pahang_Q11,A,B,C,D,A,Pahang/Picture11.png,"中文：A：1948年的规定允许父亲是马来亚公民、出生海外的孩子依法取得公民资格，Rosy不必依自然化方式申请。答案纸参考：F4第135页。
Bahasa Melayu: A: Peruntukan kewarganegaraan 1948 membolehkan anak yang lahir di luar negara dengan bapa warganegara Tanah Melayu memperoleh kewarganegaraan melalui undang-undang. Rujukan skema: T4 ms. 135."
F4 Chp 5,radio,SarawakSibu_Q11,A,B,C,D,A,Sarawak Sibu/Picture11.png,"中文：A：1948年联合邦协议规定公民资格及取得公民身份的条件，当时尚未宣布独立。【答案纸参考：134；书页内容待逐页确认。】
Bahasa Melayu: A: Perjanjian Persekutuan 1948 menetapkan syarat kewarganegaraan; kemerdekaan belum dicapai pada ketika itu. [Rujukan skema: 134; kandungan halaman buku belum disahkan satu demi satu.]"
F4 Chp 6,radio,Sabk_Q10,A,B,C,D,A,SABK/Picture10.png,"中文：共产主义强调生产资料及经济资源由国家或集体掌握，A最符合课本基本定义，并非君主统治。答案纸参考：F4，第146页。
Bahasa Melayu: Komunisme menekankan pemilikan ekonomi dan alat pengeluaran oleh negara atau secara kolektif. A menepati definisi asas buku teks. Rujukan skema: F4, halaman 146."
F4 Chp 6,radio,JohorKulaiSet_Q11,A,B,C,D,C,Johor Kulai Set 1/Picture11.png,"中文：1948年6月 Sungai Siput 三名欧洲种植园经理被杀，成为英国扩大紧急状态的直接导火线，选C。（答案纸参考：F4，第148页。）
Bahasa Melayu: Pembunuhan tiga pengurus ladang Eropah di Sungai Siput pada Jun 1948 mencetuskan pengisytiharan darurat yang diperluas ke seluruh Tanah Melayu, maka C tepat. Rujukan skema: Tingkatan 4, m.s. 148."
F4 Chp 6,radio,JohorKulaiSet_Q11,A,B,C,D,D,Johor Kulai Set 2/Picture11.png,"中文：破坏经济、基础设施及袭击安全部队会制造动荡，削弱正常治理与社会安宁，选D。（答案纸参考：F4，第149页。）
Bahasa Melayu: Sabotaj ekonomi, infrastruktur dan pasukan keselamatan bertujuan mencetuskan huru-hara serta menggugat pentadbiran, maka D tepat. Rujukan skema: Tingkatan 4, m.s. 149."
F4 Chp 6,radio,JohorMuar_Q11,A,B,C,D,D,Johor Muar/Picture11.png,"中文：双溪 Siput种植园欧洲经理被共产党杀害，促使英国宣布紧急状态。Arthur Walker是遇害经理之一；Henry Gurney遇害属于紧急状态期间的后续事件，所以选D。（答案纸参考：F4，第148页。）
Bahasa Melayu: Pembunuhan pengurus ladang Eropah di Sungai Siput, termasuk Arthur Walker, menjadi pencetus pengisytiharan darurat. Pembunuhan Henry Gurney berlaku kemudian ketika darurat, maka D tepat. Rujukan skema: Tingkatan 4, m.s. 148."
F4 Chp 6,radio,JohorPasirGudang_Q11,A,B,C,D,B,Johor Pasir Gudang/Picture11.png,"中文：破坏橡胶树会损害种植业，破坏铁路会阻碍运输与贸易，目的在于瘫痪英国经济并削弱统治。因此选B。（答案纸参考：F4，第149页。）
Bahasa Melayu: Merosakkan pokok getah menjejaskan perusahaan ladang, manakala sabotaj landasan kereta api mengganggu pengangkutan dan perdagangan. Tindakan PKM bertujuan melumpuhkan ekonomi British, maka B tepat. Rujukan skema: Tingkatan 4, m.s. 149."
F4 Chp 6,radio,JohorSegamatSet_Q11,A,B,C,D,D,Johor Segamat Set 1/Picture11.png,"中文：橡胶园和锡矿是英国重要经济来源，攻击这些地点会破坏生产与收入。共产党目的是削弱英国经济，所以选D。（答案纸参考：F4，第34-35页。）
Bahasa Melayu: Ladang getah dan lombong bijih timah menyumbang kepada ekonomi British. Serangan terhadapnya mengganggu pengeluaran serta pendapatan dan melemahkan ekonomi British, maka D tepat. Rujukan skema: Tingkatan 4, m.s. 149."
F4 Chp 6,radio,JohorSegamatSet_Q11,A,B,C,D,C,Johor Segamat Set 2/Picture11.png,"中文：共产党破坏种植园、矿场及运输设施，阻断生产与收入来源，企图瘫痪英国经济。题目问破坏行动的目标，所以选C。（答案纸参考：F4，第148页。）
Bahasa Melayu: Komunis merosakkan ladang, lombong dan kemudahan pengangkutan untuk mengganggu pengeluaran serta pendapatan British. Tujuannya melumpuhkan ekonomi, maka C tepat. Rujukan skema: Tingkatan 4, m.s. 148."
F4 Chp 6,radio,Kedah_Q11,A,B,C,D,B,Kedah/Picture11.png,"中文：共产党的破坏行动针对矿场、园丘等经济设施，企图瘫痪英国经济并迫使英国退出。答案纸参考：F4第148页。
Bahasa Melayu: Komunis mensabotaj kemudahan ekonomi seperti lombong dan ladang untuk melumpuhkan ekonomi British serta memaksa British berundur. Rujukan skema: T4 ms.148."
F4 Chp 6,radio,Kelantan_Q11,A,B,C,D,D,Kelantan/Picture11.png,"中文：共产党通过渗透组织及国民党分支等渠道传播思想，所以III、IV正确。 答案纸参考：F4第146–147页。
Bahasa Melayu: Ideologi komunis disebarkan melalui penyusupan pertubuhan dan cawangan Parti Kuomintang, maka III dan IV betul. Rujukan skema: T4 ms.146–147."
F4 Chp 6,radio,KualaLumpur_Q11,A,B,C,D,C,Kuala Lumpur/Picture11.png,"中文：PKM追求以共产主义共和国取代殖民与既有政治制度。 答案纸参考：F4第144页。
Bahasa Melayu: PKM bermatlamat menubuhkan republik komunis bagi menggantikan penjajahan dan sistem politik sedia ada. Rujukan skema: T4 ms.144."
F4 Chp 6,radio,Melaka_Q11,A,B,C,D,B,Melaka/Picture11.png,"中文：Sarawak Rangers善于丛林追踪，协助寻找并摧毁共产党营地。 答案纸参考：F4第155页。
Bahasa Melayu: Sarawak Rangers mahir menjejak dalam hutan dan membantu memusnahkan kem komunis. Rujukan skema: T4 ms.155."
F4 Chp 6,radio,Mrsm_Q11,A,B,C,D,A,MRSM/Picture11.png,"中文：特别支部以伪装渗透获取共产党情报，用于安排有效反共行动。 答案纸参考：F4第153页。
Bahasa Melayu: Cawangan Khas melakukan penyamaran untuk mendapatkan maklumat komunis dan merancang operasi berkesan. Rujukan skema: T4 ms.153."
F4 Chp 6,radio,N_Q11,A,B,C,D,A,N9/Picture11.png,"中文：身份证让政府识别居民、监控行动及区分共产党与普通民众。 答案纸参考：F4第156页。
Bahasa Melayu: Kad pengenalan membolehkan kerajaan mengenal pasti penduduk, mengawal pergerakan dan membezakan komunis daripada orang awam. Rujukan skema: T4 ms.156."
F4 Chp 6,radio,Perak_Q11,A,B,C,D,A,Perak/Picture11.png,"中文：共产党袭击种植园并杀害居民，直接威胁人民安全，也削弱人民对政府维持秩序能力的信心。答案纸参考：F4，第149页。
Bahasa Melayu: Serangan komunis terhadap ladang dan pembunuhan penduduk mengancam keselamatan serta menjejaskan keyakinan terhadap kemampuan kerajaan menjaga keamanan. Rujukan skema: F4, halaman 149."
F4 Chp 6,radio,Perlis_Q11,A,B,C,D,C,Perlis/Picture11.png,"中文：登记及身份证让当局辨识居民、检查身份及控制行动，以阻止共产党自由混入群众或获得支援。答案纸参考：F4，第156页。
Bahasa Melayu: Pendaftaran kebangsaan dan kad pengenalan membolehkan pihak berkuasa mengenal pasti penduduk serta mengawal pergerakan bagi menyekat kegiatan komunis. Rujukan skema: F4, halaman 156."
F4 Chp 6,radio,PulauPinang_Q11,A,B,C,D,B,Pulau Pinang/Picture11.png,"中文：人民与政府合作、提供情报并拒绝支援共产党，可减少共产主义的影响及组织活动。答案纸参考：F4，第146页。
Bahasa Melayu: Kerjasama rakyat dengan kerajaan, termasuk memberikan maklumat dan tidak membantu komunis, menyekat penyebaran pengaruh serta kegiatan komunis. Rujukan skema: F4, halaman 146."
F4 Chp 6,radio,PutrajayaSet_Q11,A,B,C,D,C,Putrajaya set 1/Picture11.png,"中文：加尔各答会议鼓励共产党采取武装斗争，之后马共加剧暴力以争取政权，已不是抗日时期的合作。答案纸参考：F4，第148页。
Bahasa Melayu: Persidangan Calcutta mendorong perjuangan bersenjata dan PKM meningkatkan keganasan untuk mendapatkan kuasa, bukan meneruskan kerjasama anti-Jepun. Rujukan skema: F4, halaman 148."
F4 Chp 6,radio,PutrajayaSet_Q11,A,B,C,D,B,Putrajaya set 2/Picture11.png,"中文：英联邦部队在紧急状态期间支援安全行动，主要对抗共产党的武装威胁，而不是参与反割让运动。答案纸参考：F4，第155页。
Bahasa Melayu: Pasukan Komanwel membantu operasi keselamatan semasa Darurat untuk memerangi ancaman komunis, bukan gerakan antipenyerahan. Rujukan skema: F4, halaman 155."
F4 Chp 6,radio,Sabah_Q11,A,B,C,D,B,Sabah/Picture11.png,"中文：题库暂存B，按课本及答案纸应为A：马来人团结反对Malayan Union，促使英国接受1948年联合邦安排。
Bahasa Melayu: Kunci semasa ialah B, tetapi buku teks dan skema menyokong A: perpaduan orang Melayu menentang Malayan Union mendorong British menggantikannya dengan Persekutuan Tanah Melayu 1948."
F4 Chp 6,radio,Sabk_Q11,A,B,C,D,A,SABK/Picture11.png,"中文：新村迁移使不同族群更多分居于各自区域，减少接触，造成族群关系疏远，是紧急状态的社会影响。答案纸参考：F4，第163页。
Bahasa Melayu: Pemindahan ke Kampung Baharu meningkatkan pengasingan petempatan kaum dan mengurangkan interaksi, lalu merenggangkan hubungan kaum. Rujukan skema: F4, halaman 163."
F4 Chp 6,radio,Sbp_Q11,A,B,C,D,A,SBP/Picture11.png,"中文：A：英国拘捕左翼领袖，目的是控制激进政治运动，防止其挑战殖民统治。【答案纸参考：152；书页内容待逐页确认。】
Bahasa Melayu: A: British menangkap pemimpin berhaluan kiri untuk mengawal gerakan radikal yang mencabar pentadbiran kolonial. [Rujukan skema: 152; kandungan halaman buku belum disahkan satu demi satu.]"
F4 Chp 6,radio,Selangor_Q11,A,B,C,D,A,Selangor/Picture11.png,"中文：A：印尼共产党在爪哇斗争失败后，部分成员转到马来亚传播共产主义。【答案纸参考：B6T4M146；书页内容待逐页确认。】
Bahasa Melayu: A: Kegagalan gerakan Partai Komunis Indonesia menguasai Pulau Jawa mendorong sebahagian anggotanya menyebarkan pengaruh ke Tanah Melayu. [Rujukan skema: B6T4M146; kandungan halaman buku belum disahkan satu demi satu.]"
F4 Chp 6,radio,Smka_Q11,A,B,C,D,B,SMKA/Picture11.png,"中文：B：迁入受管制的新村可切断居民向共产党提供粮食、情报及援助的渠道，削弱共产党活动。【答案纸参考：T4 Hal.157；书页内容待逐页确认。】
Bahasa Melayu: B: Pemindahan ke Kampung Baru memutuskan bekalan makanan, maklumat dan bantuan penduduk kepada komunis, lalu melemahkan gerakan mereka. [Rujukan skema: T4 Hal.157; kandungan halaman buku belum disahkan satu demi satu.]"
F4 Chp 6,radio,Terengganu_Q11,A,B,C,D,B,Terengganu/Picture11.png,"中文：B：欧洲胶园经理遇害引发英国采取紧急措施，并宣布紧急法令以应对共产党暴力。【答案纸参考：BAB 6- MS 156；书页内容待逐页确认。】
Bahasa Melayu: B: Pembunuhan pengurus ladang Eropah mendorong British mengisytiharkan Undang-undang Darurat untuk menghadapi keganasan komunis. [Rujukan skema: BAB 6- MS 156; kandungan halaman buku belum disahkan satu demi satu.]"
F4 Chp 6,radio,JohorKulaiSet_Q12,A,B,C,D,B,Johor Kulai Set 1/Picture12.png,"中文：Home Guard 由当地居民参与，负责保护村庄、城镇及社区，协助对抗共产主义威胁，选B。（答案纸参考：F4，第155页。）
Bahasa Melayu: Home Guard melibatkan penduduk tempatan untuk mengawal kampung dan pekan serta membantu menangani ancaman komunis, maka B tepat. Rujukan skema: Tingkatan 4, m.s. 155."
F4 Chp 6,radio,JohorKulaiSet_Q12,A,B,C,D,A,Johor Kulai Set 2/Picture12.png,"中文：Cawangan Khas 透过收集情报、掌握共产组织活动及渗透网络，协助安全行动，方法为 risikan，选A。（答案纸参考：F4，第153页。）
Bahasa Melayu: Cawangan Khas menggunakan risikan untuk mendapatkan maklumat dan menyusup kegiatan komunis bagi membantu operasi keselamatan, maka A tepat. Rujukan skema: Tingkatan 4, m.s. 153."
F4 Chp 6,radio,JohorMuar_Q12,A,B,C,D,B,Johor Muar/Picture12.png,"中文：华玲谈判失败，因为马共要求获承认为合法政党，而政府要求其解除武装并投降。双方无法接受彼此条件，因此选B。（答案纸参考：F4，第160页。）
Bahasa Melayu: Rundingan Baling gagal kerana PKM mahu diiktiraf sebagai parti politik yang sah, sedangkan kerajaan mahu PKM meletakkan senjata dan menyerah diri. Perbezaan pendirian ini menyebabkan kegagalan rundingan, maka B betul. Rujukan skema: Tingkatan 4, m.s. 160."
F4 Chp 6,radio,JohorPasirGudang_Q12,A,B,C,D,D,Johor Pasir Gudang/Picture12.png,"中文：英国要求12岁及以上居民使用身份证，以核实身份、区分普通居民和共产党成员。这是全国登记制度的措施，因此选D。（答案纸参考：F4，第156页。）
Bahasa Melayu: Sistem pendaftaran kebangsaan mewajibkan kad pengenalan bagi penduduk berumur 12 tahun ke atas. Pengenalan diri membantu membezakan orang awam dengan komunis, maka D tepat. Rujukan skema: Tingkatan 4, m.s. 156."
F4 Chp 6,radio,JohorSegamatSet_Q12,A,B,C,D,B,Johor Segamat Set 1/Picture12.png,"中文：身份证帮助当局核实居民身份，区分普通人民与共产党成员，以控制共产党活动。因此选B，而不是主要为了分配食物。（答案纸参考：F4，第156页。）
Bahasa Melayu: Kad pengenalan membantu pihak berkuasa menyemak identiti dan membezakan orang awam dengan komunis. Langkah ini mengawal kegiatan komunis, maka B tepat. Rujukan skema: Tingkatan 4, m.s. 156."
F4 Chp 6,radio,JohorSegamatSet_Q12,A,B,C,D,D,Johor Segamat Set 2/Picture12.png,"中文：课本说明森林警察负责追捕共产党、巡逻及把食物送给森林内执勤部队。因此现有答案D符合其职责；答案纸A的潜入马共组织属于特别支部工作，疑似答案纸错误。（答案纸参考：F4，第153页。）
Bahasa Melayu: Polis Hutan memburu komunis, membuat rondaan dan membawa bekalan makanan kepada pasukan yang bertugas di hutan. Jawapan semasa D sesuai; penyusupan organisasi PKM dalam A lebih berkaitan Cawangan Khas, maka skema A dipercayai tidak tepat. Rujukan skema: Tingkatan 4, m.s. 153."
F4 Chp 6,radio,Kedah_Q12,A,B,C,D,B,Kedah/Picture12.png,"中文：各族居民共同参加反暴力游行，建立共同目标与合作关系，促进族群团结。答案纸参考：F4第158页。
Bahasa Melayu: Perarakan menentang keganasan melibatkan pelbagai kaum dengan tujuan bersama, mengeratkan hubungan dan kerjasama antara kaum. Rujukan skema: T4 ms.158."
F4 Chp 6,radio,Kelantan_Q12,A,B,C,D,B,Kelantan/Picture12.png,"中文：Baling谈判中政府要求共产党投降，不接受承认PKM为合法政党的要求，导致谈判失败。 答案纸参考：F4第160页。
Bahasa Melayu: Kerajaan menuntut komunis menyerah dan tidak menerima tuntutan pengiktirafan PKM sebagai parti sah, menyebabkan Rundingan Baling gagal. Rujukan skema: T4 ms.160."
F4 Chp 6,radio,KualaLumpur_Q12,A,B,C,D,B,Kuala Lumpur/Picture12.png,"中文：Chin Peng要求PKM获合法承认，政府却要求投降而不承认共产党，因而拒绝赦免条件。 答案纸参考：F4第160页。
Bahasa Melayu: Chin Peng menuntut pengiktirafan PKM, tetapi kerajaan mensyaratkan penyerahan tanpa pengiktirafan parti, lalu tawaran pengampunan ditolak. Rujukan skema: T4 ms.160."
F4 Chp 6,radio,Melaka_Q12,A,B,C,D,B,Melaka/Picture12.png,"中文：新村把居民与共产党支援网络分开，切断Min Yuen向游击队提供粮食、情报的渠道。 答案纸参考：F4第157页。
Bahasa Melayu: Kampung Baru memisahkan penduduk daripada rangkaian komunis untuk memutuskan bekalan makanan dan maklumat Min Yuen. Rujukan skema: T4 ms.157."
F4 Chp 6,radio,Mrsm_Q12,A,B,C,D,A,MRSM/Picture12.png,"中文：紧急时期的族群怀疑、隔离措施与不同群体遭遇，造成族群关系疏远。 答案纸参考：F4第163页。
Bahasa Melayu: Kecurigaan kaum, langkah pemisahan dan pengalaman berbeza semasa darurat merenggangkan hubungan kaum. Rujukan skema: T4 ms.163."
F4 Chp 6,radio,N_Q12,A,B,C,D,C,N9/Picture12.png,"中文：紧急时期实行粮食配给限制共产党补给，同时安全行动增加政府开支，所以II、III正确。 答案纸参考：F4第162页。
Bahasa Melayu: Catuan makanan mengehadkan bekalan komunis dan operasi keselamatan meningkatkan perbelanjaan kerajaan; II dan III betul. Rujukan skema: T4 ms.162."
F4 Chp 6,radio,Pahang_Q12,A,B,C,D,C,Pahang/Picture12.png,"中文：C：宵禁限制人民在指定时间出入，阻止他们接济或联络共产党，属于执行紧急法令的措施。答案纸参考：F4第152页。
Bahasa Melayu: C: Perintah berkurung mengehadkan pergerakan pada waktu tertentu supaya bantuan dan hubungan dengan komunis dapat disekat. Ini ialah langkah penguatkuasaan Undang-undang Darurat. Rujukan skema: T4 ms. 152."
F4 Chp 6,radio,Perak_Q12,A,B,C,D,D,Perak/Picture12.png,"中文：Sarawak Rangers和Senoi Praaq熟悉森林环境，擅长追踪足迹，因此能协助安全部队寻找共产党的藏身处。答案纸参考：F4，第154至155页。
Bahasa Melayu: Sarawak Rangers dan Senoi Praaq mahir menjejak serta mengenali hutan, lalu membantu pasukan keselamatan mengesan tempat persembunyian komunis. Rujukan skema: F4, halaman 154–155."
F4 Chp 6,radio,Perlis_Q12,A,B,C,D,A,Perlis/Picture12.png,"中文：紧急状态需要大量治安开支，也因居民迁移、居住区分隔等措施影响族群关系，所以I和II正确。答案纸参考：F4，第162至163页。
Bahasa Melayu: Darurat meningkatkan perbelanjaan keselamatan dan merenggangkan hubungan kaum akibat pemindahan serta pengasingan petempatan. Maka I dan II tepat. Rujukan skema: F4, halaman 162–163."
F4 Chp 6,radio,PulauPinang_Q12,A,B,C,D,D,Pulau Pinang/Picture12.png,"中文：袭击警局与安全部队使共产党能够宣称政府无力保障人民，打击政府威信及公众信任。C也与行动后果相关，答案纸强调D的政治目的。答案纸参考：F4，第150页。
Bahasa Melayu: Serangan terhadap balai polis dan pasukan keselamatan bertujuan menunjukkan ketidakupayaan kerajaan melindungi rakyat. C berkaitan kesannya, tetapi skema menekankan tujuan politik dalam D. Rujukan skema: F4, halaman 150."
F4 Chp 6,radio,PutrajayaSet_Q12,A,B,C,D,B,Putrajaya set 1/Picture12.png,"中文：双溪 siput欧洲种植园经理遭杀害，是英国宣布紧急状态的重要直接触发事件。答案纸参考：F4，第148页。
Bahasa Melayu: Pembunuhan pengurus ladang Eropah di Sungai Siput menjadi pencetus penting pengisytiharan darurat oleh British. Rujukan skema: F4, halaman 148."
F4 Chp 6,radio,PutrajayaSet_Q12,A,B,C,D,A,Putrajaya set 2/Picture12.png,"中文：民运是共产党的支援网络，秘密运送食物、药物及消息给森林中的武装成员。答案纸参考：F4，第157页。
Bahasa Melayu: Min Yuen ialah rangkaian penyokong komunis yang membekalkan makanan, ubat-ubatan dan maklumat kepada anggota bersenjata. Rujukan skema: F4, halaman 157."
F4 Chp 6,radio,Sabah_Q12,A,B,C,D,A,Sabah/Picture12.png,"中文：题库暂存A，按课本及答案纸应为D：1948年联合邦承认马来人为原住民并保障特殊地位，并未让他们全面掌控仍受英国统治的行政。
Bahasa Melayu: Kunci semasa ialah A, tetapi buku teks dan skema menyokong D: Persekutuan 1948 mengiktiraf orang Melayu sebagai penduduk asal serta kedudukan istimewa mereka, bukan memberikan penguasaan penuh terhadap pentadbiran British."
F4 Chp 6,radio,SarawakSibu_Q12,A,B,C,D,B,Sarawak Sibu/Picture12.png,"中文：B（I、IV）：紧急法令允许拘留涉嫌共产党活动者，并严惩非法携带武器者；死刑规定须理解为未经许可携带枪械或爆炸物。【答案纸参考：152；书页内容待逐页确认。】
Bahasa Melayu: B (I dan IV): Undang-undang Darurat membolehkan penahanan orang yang disyaki terlibat dengan komunis dan hukuman mati bagi membawa senjata api atau bahan letupan tanpa kebenaran. [Rujukan skema: 152; kandungan halaman buku belum disahkan satu demi satu.]"
F4 Chp 6,radio,Sbp_Q12,A,B,C,D,B,SBP/Picture12.png,"中文：B（I、IV）：东姑要求马共放下武器并解散组织；马共不肯接受这些条件，谈判未能达成协议。【答案纸参考：160；书页内容待逐页确认。】
Bahasa Melayu: B (I dan IV): Tunku Abdul Rahman menuntut PKM meletakkan senjata dan membubarkan parti. Keengganan PKM menerima syarat itu menyebabkan rundingan gagal. [Rujukan skema: 160; kandungan halaman buku belum disahkan satu demi satu.]"
F4 Chp 6,radio,Selangor_Q12,A,B,C,D,D,Selangor/Picture12.png,"中文：D：心理战争取人民的“心与思想”，让居民支持政府而不再协助共产党。【答案纸参考：B6T4M159；书页内容待逐页确认。】
Bahasa Melayu: D: Perang Saraf bertujuan memenangi hati dan fikiran rakyat supaya mereka menyokong kerajaan serta menolak bantuan kepada komunis. [Rujukan skema: B6T4M159; kandungan halaman buku belum disahkan satu demi satu.]"
F4 Chp 6,radio,Smka_Q12,A,B,C,D,A,SMKA/Picture12.png,"中文：A：Kawasan Putih指被宣布没有共产党威胁的地区，区别于仍受威胁的Kawasan Hitam。【答案纸参考：T4 Hal.160；书页内容待逐页确认。】
Bahasa Melayu: A: Kawasan Putih ialah kawasan yang diisytiharkan bebas daripada ancaman komunis, berbeza dengan Kawasan Hitam. [Rujukan skema: T4 Hal.160; kandungan halaman buku belum disahkan satu demi satu.]"
F4 Chp 6,radio,Terengganu_Q12,A,B,C,D,B,Terengganu/Picture12.png,"中文：B（I、IV）：紧急状态增加军警及安全开支，也促使英国加快自治和独立，以争取人民支持。【答案纸参考：BAB 6- MS 163；书页内容待逐页确认。】
Bahasa Melayu: B (I dan IV): Darurat meningkatkan kos keselamatan serta mendorong percepatan proses kemerdekaan bagi mendapatkan sokongan rakyat. [Rujukan skema: BAB 6- MS 163; kandungan halaman buku belum disahkan satu demi satu.]"
F4 Chp 6,radio,Melaka_Q13,A,B,C,D,B,Melaka/Picture13.png,"中文：重新安置造成族群居住隔离，减少日常交流，令族群关系疏远。 答案纸参考：F4第163页。
Bahasa Melayu: Petempatan semula memisahkan kediaman kaum dan mengurangkan interaksi harian sehingga merenggangkan hubungan kaum. Rujukan skema: T4 ms.163."
F4 Chp 6,radio,Pahang_Q13,A,B,C,D,B,Pahang/Picture13.png,"中文：B：紧急状态推动英国争取本地人民合作，加快自治与独立进程，减少共产党以反殖民为由争取支持的机会。答案纸参考：F4第161页。
Bahasa Melayu: B: Darurat mempercepatkan usaha ke arah pemerintahan sendiri dan kemerdekaan untuk mendapatkan kerjasama penduduk serta melemahkan propaganda antikolonial komunis. Rujukan skema: T4 ms. 161."
F4 Chp 6,radio,SarawakSibu_Q13,A,B,C,D,D,Sarawak Sibu/Picture13.png,"中文：D：马共的目标是推翻现有统治，建立共产主义共和国。【答案纸参考：148；书页内容待逐页确认。】
Bahasa Melayu: D: PKM bertujuan menggulingkan pemerintahan sedia ada dan menubuhkan sebuah republik komunis. [Rujukan skema: 148; kandungan halaman buku belum disahkan satu demi satu.]"
F4 Chp 7,radio,Sabk_Q12,A,B,C,D,D,SABK/Picture12.png,"中文：RIDA帮助马来人取得经济发展、训练及经营机会，以改善经济地位并处理族群间差距。答案纸参考：F4，第176页。
Bahasa Melayu: RIDA memberikan peluang pembangunan, latihan dan kegiatan ekonomi kepada orang Melayu untuk meningkatkan kedudukan ekonomi mereka. Rujukan skema: F4, halaman 176."
F4 Chp 7,radio,JohorBahru_Q13,A,B,C,D,B,Johor Bahru/Picture13.png,"中文：CLC 强调不同族群的平等与公正，通过改善族群关系建立团结，为自治奠定基础，选B。（答案纸参考：F4，第174页。）
Bahasa Melayu: Moto CLC menekankan kesamaan dan keadilan untuk membina perpaduan antara kaum sebagai asas berkerajaan sendiri, maka B tepat. Rujukan skema: Tingkatan 4, m.s. 174."
F4 Chp 7,radio,JohorKulaiSet_Q13,A,B,C,D,A,Johor Kulai Set 1/Picture13.png,"中文：CLC 讨论马来人的特殊地位及非马来人的公民资格，寻求族群间的谅解与妥协；I、II对应A。（答案纸参考：F4，第176页。）
Bahasa Melayu: CLC membincangkan kedudukan istimewa orang Melayu dan kewarganegaraan bukan Melayu untuk membina persefahaman; I dan II memberikan A. Rujukan skema: Tingkatan 4, m.s. 176."
F4 Chp 7,radio,JohorKulaiSet_Q13,A,B,C,D,D,Johor Kulai Set 2/Picture13.png,"中文：CLC 透过族群协商改善政治局势、建立友善关系，为自治与团结创造条件；III、IV对应D。（答案纸参考：F4，第174页。）
Bahasa Melayu: CLC bertujuan membetulkan keadaan politik dan mewujudkan muhibah melalui perundingan antara kaum; III dan IV memberikan D. Rujukan skema: Tingkatan 4, m.s. 174."
F4 Chp 7,radio,JohorMuar_Q13,A,B,C,D,A,Johor Muar/Picture13.png,"中文：E.E.C.Thuraisingham是族群关系委员会CLC的主席。委员会通过各族领袖协商解决公民权、教育等问题，促进族群合作，所以选A。（答案纸参考：F4，第175页。）
Bahasa Melayu: E.E.C. Thuraisingham menjadi pengerusi Jawatankuasa Hubungan Antara Kaum atau CLC. Jawatankuasa ini menggalakkan rundingan antara pemimpin kaum untuk menyelesaikan isu bersama, maka A tepat. Rujukan skema: Tingkatan 4, m.s. 175."
F4 Chp 7,radio,JohorPasirGudang_Q13,A,B,C,D,B,Johor Pasir Gudang/Picture13.png,"中文：Sistem Ahli让当地领袖负责行政部门，接受治理训练，为自治与独立做准备。这体现英国非殖民化政策，所以选B。（答案纸参考：F4，第178页。）
Bahasa Melayu: Sistem Ahli melatih penduduk tempatan mengendalikan jabatan kerajaan dan memperoleh pengalaman pentadbiran sebelum berkerajaan sendiri. Oleh itu, B menepati dasar dekolonisasi. Rujukan skema: Tingkatan 4, m.s. 178."
F4 Chp 7,radio,JohorSegamatSet_Q13,A,B,C,D,A,Johor Segamat Set 1/Picture13.png,"中文：CLC鼓励各族领袖通过政治合作、协商与妥协解决问题，为自治和独立创造团结基础。因此选A。（答案纸参考：F4，第175页。）
Bahasa Melayu: CLC mencadangkan kerjasama politik dan rundingan antara kaum supaya isu bersama diselesaikan secara bertolak ansur. Kerjasama ini menyediakan asas kemerdekaan, maka A tepat. Rujukan skema: Tingkatan 4, m.s. 175."
F4 Chp 7,radio,JohorSegamatSet_Q13,A,B,C,D,D,Johor Segamat Set 2/Picture13.png,"中文：现有答案及答案纸均为D，但CLC核心作用是增进各族领袖谅解、透过协商解决问题，选项B更直接符合课本。“社团合作”只是较笼统的表述，此题答案需要复核。（答案纸参考：F4，第174页。）
Bahasa Melayu: Jawapan semasa dan skema ialah D. Namun, CLC terutama meningkatkan persefahaman antara pemimpin kaum melalui rundingan, maka B lebih langsung menepati konsep buku teks. Kerjasama antara persatuan ialah gambaran umum sahaja; jawapan ini perlu disemak. Rujukan skema: Tingkatan 4, m.s. 174."
F4 Chp 7,radio,Kedah_Q13,A,B,C,D,C,Kedah/Picture13.png,"中文：PKMM追求独立并主张Melayu Raya，即把马来亚与印尼结合的政治构想。答案纸参考：F4第172页。
Bahasa Melayu: PKMM memperjuangkan kemerdekaan berkonsepkan Melayu Raya, iaitu gagasan penyatuan Tanah Melayu dengan Indonesia. Rujukan skema: T4 ms.172."
F4 Chp 7,radio,Kelantan_Q13,A,B,C,D,C,Kelantan/Picture13.png,"中文：IMP开放给各族加入，以跨族合作建立全国团结，而非单一族群政党。 答案纸参考：F4第173页。
Bahasa Melayu: IMP dibuka kepada semua kaum untuk membina perpaduan kebangsaan melalui kerjasama, bukan parti satu kaum sahaja. Rujukan skema: T4 ms.173."
F4 Chp 7,radio,KualaLumpur_Q13,A,B,C,D,C,Kuala Lumpur/Picture13.png,"中文：CLC研究族群关系并以协商解决分歧，创造和谐社会，因此II、III正确。 答案纸参考：F4第174页。
Bahasa Melayu: CLC mengkaji hubungan kaum dan merundingkan perbezaan untuk mewujudkan keharmonian penduduk; II dan III betul. Rujukan skema: T4 ms.174."
F4 Chp 7,radio,Mrsm_Q13,A,B,C,D,B,MRSM/Picture13.png,"中文：统一教育让不同族群共享课程和学习经验，有助CLC达成和谐与友好目标。 答案纸参考：F4第174页。
Bahasa Melayu: Pendidikan seragam memberikan pengalaman serta kurikulum bersama untuk mencapai keharmonian dan muhibah yang diusahakan CLC. Rujukan skema: T4 ms.174."
F4 Chp 7,radio,N_Q13,A,B,C,D,B,N9/Picture13.png,"中文：让非马来人获得公民身份可培养对马来亚的归属、忠诚及爱国精神。 答案纸参考：F4第177页。
Bahasa Melayu: Kewarganegaraan bukan Melayu memupuk rasa kepunyaan, kesetiaan dan patriotisme terhadap Tanah Melayu. Rujukan skema: T4 ms.177."
F4 Chp 7,radio,Perak_Q13,A,B,C,D,D,Perak/Picture13.png,"中文：成员制度让本地领袖负责政府部门，累积行政经验，是英国逐步移交权力及准备自治的重要步骤。答案纸参考：F4，第179页。
Bahasa Melayu: Sistem Ahli memberi pemimpin tempatan tanggungjawab mentadbir jabatan kerajaan dan pengalaman pentadbiran sebagai persediaan berkerajaan sendiri. Rujukan skema: F4, halaman 179."
F4 Chp 7,radio,Perlis_Q13,A,B,C,D,B,Perlis/Picture13.png,"中文：RIDA协助改善马来人尤其乡区居民的经济，提供训练及发展机会，是族群联络委员会讨论经济问题后推动的机构。答案纸参考：F4，第177页。
Bahasa Melayu: RIDA ditubuhkan bagi meningkatkan ekonomi orang Melayu, khususnya penduduk luar bandar, melalui bantuan dan latihan hasil usaha menangani isu ekonomi dalam CLC. Rujukan skema: F4, halaman 177."
F4 Chp 7,radio,PulauPinang_Q13,A,B,C,D,C,Pulau Pinang/Picture13.png,"中文：族群联络委员会让各族领袖讨论争议并妥协，建立合作基础，以回应英国对独立前族群合作的要求。答案纸参考：F4，第174页。
Bahasa Melayu: CLC menyediakan ruang pemimpin kaum membincangkan masalah dan bertolak ansur bagi membina kerjasama yang diperlukan sebelum kemerdekaan. Rujukan skema: F4, halaman 174."
F4 Chp 7,radio,PutrajayaSet_Q13,A,B,C,D,A,Putrajaya set 1/Picture13.png,"中文：PKMM领袖与其他族群合作争取独立，包括参与跨族群政治联合，而不是拒绝政治合作。答案纸参考：F4，第172页。
Bahasa Melayu: Pemimpin PKMM bekerjasama dengan kaum lain dalam gabungan politik untuk memperjuangkan kemerdekaan, bukan menolak kerjasama tersebut. Rujukan skema: F4, halaman 172."
F4 Chp 7,radio,PutrajayaSet_Q13,A,B,C,D,A,Putrajaya set 2/Picture13.png,"中文：选举逐步在市议会、州议会及联邦立法议会举行，因此X是州议会，形成自治准备过程。答案纸参考：F4，第177页。
Bahasa Melayu: Pilihan raya diperkenalkan pada peringkat majlis perbandaran, majlis negeri dan MPP. Maka X ialah Majlis Negeri. Rujukan skema: F4, halaman 177."
F4 Chp 7,radio,Sabah_Q13,A,B,C,D,B,Sabah/Picture13.png,"中文：题库暂存B，按题目、课本及答案纸应为D：破坏胶园、矿场及铁路旨在瘫痪英国经济，削弱殖民统治。
Bahasa Melayu: Kunci semasa ialah B, tetapi soalan, buku teks dan skema menyokong D: sabotaj ladang getah, lombong dan landasan kereta api bertujuan melumpuhkan ekonomi British."
F4 Chp 7,radio,Sabk_Q13,A,B,C,D,C,SABK/Picture13.png,"中文：成员制度让本地领袖负责部门并积累行政经验，为自治及独立作准备。答案纸参考：F4，第178页。
Bahasa Melayu: Sistem Ahli melatih pemimpin tempatan mengurus jabatan dan memperoleh pengalaman sebagai persediaan berkerajaan sendiri. Rujukan skema: F4, halaman 178."
F4 Chp 7,radio,Sbp_Q13,A,B,C,D,B,SBP/Picture13.png,"中文：B：Sistem Ahli成员负责所属部门，并提出有关法律建议，训练本地领袖参与行政。【答案纸参考：178；书页内容待逐页确认。】
Bahasa Melayu: B: Ahli bertanggungjawab terhadap portfolio masing-masing dan mencadangkan undang-undang, sebagai latihan kepada pemimpin tempatan dalam pentadbiran. [Rujukan skema: 178; kandungan halaman buku belum disahkan satu demi satu.]"
F4 Chp 7,radio,Selangor_Q13,A,B,C,D,A,Selangor/Picture13.png,"中文：A（I、II）：CLC促进族群善意关系，并讨论改善经济失衡，为跨族群合作建立基础。【答案纸参考：B7T4M174；书页内容待逐页确认。】
Bahasa Melayu: A (I dan II): CLC mewujudkan muhibah dan membetulkan keadaan ekonomi untuk membina kerjasama serta persefahaman antara kaum. [Rujukan skema: B7T4M174; kandungan halaman buku belum disahkan satu demi satu.]"
F4 Chp 7,radio,Smka_Q13,A,B,C,D,D,SMKA/Picture13.png,"中文：D：Melayu Raya主张把同属马来民族群体的地区联合，以共同摆脱殖民统治。【答案纸参考：T4 Hal.172；书页内容待逐页确认。】
Bahasa Melayu: D: Melayu Raya bertujuan menyatukan rumpun Melayu dalam perjuangan bersama membebaskan wilayah daripada penjajahan. [Rujukan skema: T4 Hal.172; kandungan halaman buku belum disahkan satu demi satu.]"
F4 Chp 7,radio,Terengganu_Q13,A,B,C,D,D,Terengganu/Picture13.png,"中文：D：共同课程及教学语言培养共同知识和国家认同，形成公民意识与责任。【答案纸参考：BAB 7- MS 183；书页内容待逐页确认。】
Bahasa Melayu: D: Sukatan pelajaran seragam dan bahasa pengantar yang sama membentuk pengetahuan serta identiti bersama untuk memupuk nilai kewarganegaraan. [Rujukan skema: BAB 7- MS 183; kandungan halaman buku belum disahkan satu demi satu.]"
F4 Chp 7,radio,JohorBahru_Q14,A,B,C,D,B,Johor Bahru/Picture14.png,"中文：课本列出的 PPP 领导人为 Dr. S. Kanapathippilai；John Thivy、K. L. Devaser 属于 MIC 相关领导人，所以选B。（答案纸参考：F4，第184页。）
Bahasa Melayu: Pemimpin PPP yang disenaraikan dalam buku teks ialah Dr. S. Kanapathippilai; John Thivy dan K. L. Devaser berkaitan dengan MIC, maka B tepat. Rujukan skema: Tingkatan 4, m.s. 184."
F4 Chp 7,radio,JohorKulaiSet_Q14,A,B,C,D,B,Johor Kulai Set 1/Picture14.png,"中文：IMP 以不分族群的成员组织推动全国团结，而非只团结马来人，故选B。（答案纸参考：F4，第184页。）
Bahasa Melayu: IMP membuka keahlian tanpa mengira kaum untuk memperjuangkan perpaduan kebangsaan, maka B tepat. Rujukan skema: Tingkatan 4, m.s. 184."
F4 Chp 7,radio,JohorKulaiSet_Q14,A,B,C,D,C,Johor Kulai Set 2/Picture14.png,"中文：联盟的帆船标志象征共同航行、合作面对挑战，符合各党团结迈向独立的目标，选C。（答案纸参考：F4，第187页。）
Bahasa Melayu: Kapal layar melambangkan kerjasama dan kesediaan mengharungi cabaran bersama menuju kemerdekaan, maka C tepat. Rujukan skema: Tingkatan 4, m.s. 187."
F4 Chp 7,radio,JohorMuar_Q14,A,B,C,D,C,Johor Muar/Picture14.png,"中文：联盟党Perikatan的标志是帆船Kapal Layar，象征共同面对挑战。天平Dacing是后来国阵的标志，两者不要混淆，所以选C。（答案纸参考：F4，第182页。）
Bahasa Melayu: Parti Perikatan menggunakan lambang kapal layar yang mencerminkan kesediaan menghadapi cabaran bersama. Dacing ialah lambang Barisan Nasional, maka C betul. Rujukan skema: Tingkatan 4, m.s. 182."
F4 Chp 7,radio,JohorPasirGudang_Q14,A,B,C,D,B,Johor Pasir Gudang/Picture14.png,"中文：不同学校使用不同教学语言、课程和教育方向，使各族儿童较少交流，难以建立共同认同。因此族群团结不容易实现，选B。（答案纸参考：F4，第180页。）
Bahasa Melayu: Sekolah yang berasingan mengikut bahasa dan kaum menggunakan sukatan serta orientasi pendidikan berbeza. Interaksi antara kaum terbatas dan perpaduan sukar dicapai, maka B tepat. Rujukan skema: Tingkatan 4, m.s. 180."
F4 Chp 7,radio,JohorSegamatSet_Q14,A,B,C,D,C,Johor Segamat Set 1/Picture14.png,"中文：联盟党的帆船标志象征各族共同航行、愿意一起面对困难与挑战。因此选择该标志的意义是C。（答案纸参考：F4，第187页。）
Bahasa Melayu: Lambang kapal layar Parti Perikatan melambangkan kesediaan pemimpin dan rakyat pelbagai kaum menghadapi cabaran bersama. Oleh itu, C tepat. Rujukan skema: Tingkatan 4, m.s. 187."
F4 Chp 7,radio,JohorSegamatSet_Q14,A,B,C,D,C,Johor Segamat Set 2/Picture14.png,"中文：翁惹化成立IMP，希望打破以单一族群为基础的政治模式，让各族共同参与，促进族群团结。因此选C。（答案纸参考：F4，第184页。）
Bahasa Melayu: Dato' Onn menubuhkan IMP sebagai parti pelbagai kaum untuk menggalakkan penyertaan bersama dan perpaduan. Oleh itu, C tepat. Rujukan skema: Tingkatan 4, m.s. 184."
F4 Chp 7,radio,Kedah_Q14,A,B,C,D,A,Kedah/Picture14.png,"中文：统一学校制度和课程让不同族群获得共同教育内容，培养国家认同，所以I、II正确。答案纸参考：F4第183页。
Bahasa Melayu: Sistem persekolahan sama dan sukatan seragam memberikan pendidikan bersama untuk membina identiti kebangsaan, maka I dan II betul. Rujukan skema: T4 ms.183."
F4 Chp 7,radio,Kelantan_Q14,A,B,C,D,B,Kelantan/Picture14.png,"中文：英国时期各源流学校使用不同课程，分隔族群。原答案B为英国支付薪金，但题意应选D，答案纸也写D，保留原key并注明差异。 答案纸参考：F4第180页。
Bahasa Melayu: Sekolah pelbagai aliran menggunakan kurikulum berlainan, memisahkan kaum. Jawapan asal B ialah gaji dibayar British, tetapi D menepati soalan dan skema; key asal dikekalkan dengan perbezaan ini dicatat. Rujukan skema: T4 ms.180."
F4 Chp 7,radio,KualaLumpur_Q14,A,B,C,D,A,Kuala Lumpur/Picture14.png,"中文：统一课程、学校制度及马来语教学建立共同教育体验，核心目的为族群团结。 答案纸参考：F4第183页。
Bahasa Melayu: Kurikulum seragam, sistem persekolahan sama dan bahasa Melayu membentuk pengalaman pendidikan bersama untuk perpaduan kaum. Rujukan skema: T4 ms.183."
F4 Chp 7,radio,Melaka_Q14,A,B,C,D,D,Melaka/Picture14.png,"中文：1952年教育法令提出国语或英语为学校教学媒介，本题D的英语符合内容。 答案纸参考：F4第181页。
Bahasa Melayu: Ordinan Pelajaran 1952 mencadangkan bahasa Melayu atau Inggeris sebagai bahasa pengantar; bahasa Inggeris dalam D menepati kandungannya. Rujukan skema: T4 ms.181."
F4 Chp 7,radio,Mrsm_Q14,A,B,C,D,B,MRSM/Picture14.png,"中文：以国语为教育共同基础可促进全国交流、认同与团结，是1956年教育报告的核心建议。 答案纸参考：F4第183页。
Bahasa Melayu: Penggunaan bahasa kebangsaan menjadi asas pendidikan bersama untuk komunikasi, identiti dan perpaduan menurut Penyata 1956. Rujukan skema: T4 ms.183."
F4 Chp 7,radio,N_Q14,A,B,C,D,C,N9/Picture14.png,"中文：Woodhead报告建议加强Sabah和Sarawak的初中等教育，并建立有系统的教育经费安排。 答案纸参考：F4第182页。
Bahasa Melayu: Laporan Woodhead mencadangkan pengukuhan pendidikan rendah dan menengah di Sabah serta Sarawak dan pembiayaan pendidikan teratur. Rujukan skema: T4 ms.182."
F4 Chp 7,radio,Pahang_Q14,A,B,C,D,D,Pahang/Picture14.png,"中文：D：统一课程及考试、正式教授公民教育，有助培养对国家的忠诚和共同归属感，即III与IV。答案纸参考：F4第182页。
Bahasa Melayu: D: Sukatan dan peperiksaan yang seragam serta pendidikan Sivik memupuk kesetiaan dan semangat kekitaan. Maka nilai III dan IV paling berkaitan. Rujukan skema: T4 ms. 182."
F4 Chp 7,radio,Perak_Q14,A,B,C,D,A,Perak/Picture14.png,"中文：1956年拉萨教育报告建议建立共同的学校体系，以共同课程等措施促进不同族群学生团结。答案纸参考：F4，第183页。
Bahasa Melayu: Penyata Jawatankuasa Pelajaran 1956 mencadangkan sistem persekolahan yang sama, termasuk kurikulum yang seragam, untuk memupuk perpaduan antara murid pelbagai kaum. Rujukan skema: F4, halaman 183."
F4 Chp 7,radio,Perlis_Q14,A,B,C,D,B,Perlis/Picture14.png,"中文：1956年教育报告建议普通小学使用马来语作为教学媒介；普通类型小学可使用英语、华语或淡米尔语。D也描述报告的整体建议，但B直接符合这里列出的学校类别。答案纸参考：F4，第183页。
Bahasa Melayu: Penyata 1956 mencadangkan bahasa Melayu sebagai bahasa pengantar Sekolah Rendah Umum, sementara Sekolah Jenis Umum menggunakan bahasa lain. D juga cadangan umum penyata, tetapi B tepat bagi kategori sekolah tersebut. Rujukan skema: F4, halaman 183."
F4 Chp 7,radio,PulauPinang_Q14,A,B,C,D,A,Pulau Pinang/Picture14.png,"中文：Dr. Ismail Abdul Rahman在成员制度中掌管天然资源事务；Thuraisingham则负责教育，是不同职务。答案纸参考：F4，第178页。
Bahasa Melayu: Dr. Ismail Abdul Rahman memegang portfolio Hasil Bumi dalam Sistem Ahli, sementara E.E.C. Thuraisingham memegang bidang pelajaran. Rujukan skema: F4, halaman 178."
F4 Chp 7,radio,PutrajayaSet_Q14,A,B,C,D,C,Putrajaya set 1/Picture14.png,"中文：IMP由Dato' Onn Jaafar推动，开放给各族加入，强调同一个政党内的跨族群合作。答案纸参考：F4，第173页。
Bahasa Melayu: IMP yang dipelopori Dato' Onn Jaafar terbuka kepada semua kaum dan mengutamakan kerjasama kaum dalam sebuah parti. Rujukan skema: F4, halaman 173."
F4 Chp 7,radio,PutrajayaSet_Q14,A,B,C,D,C,Putrajaya set 2/Picture14.png,"中文：成员制度任命不同族群代表一起负责行政，提供合作经验与互信，从而促进团结。答案纸参考：F4，第179页。
Bahasa Melayu: Pelantikan ahli daripada pelbagai kaum dalam Sistem Ahli membina pengalaman bekerjasama dan kepercayaan dalam pentadbiran. Rujukan skema: F4, halaman 179."
F4 Chp 7,radio,Sabah_Q14,A,B,C,D,B,Sabah/Picture14.png,"中文：B（I、IV）：死亡铁路强迫劳动和食物配给使人民受苦，体现日据时期的残酷与艰难生活。
Bahasa Melayu: B (I dan IV): Buruh paksa untuk landasan kereta api maut dan catuan makanan menyebabkan penderitaan penduduk semasa pemerintahan Jepun."
F4 Chp 7,radio,SarawakSibu_Q14,A,B,C,D,D,Sarawak Sibu/Picture14.png,"中文：D：Sistem Ahli让本地人参与管理部门，体现英国逐步去殖民化的安排。【答案纸参考：178；书页内容待逐页确认。】
Bahasa Melayu: D: Sistem Ahli memberi penduduk tempatan peluang mentadbir portfolio sebagai sebahagian proses dekolonisasi. [Rujukan skema: 178; kandungan halaman buku belum disahkan satu demi satu.]"
F4 Chp 7,radio,Sbp_Q14,A,B,C,D,A,SBP/Picture14.png,"中文：A：1954年全国大会要求举行联邦选举，使人民可以选出代表并推动自治。【答案纸参考：186；书页内容待逐页确认。】
Bahasa Melayu: A: Persidangan Kebangsaan 1954 menuntut pilihan raya Persekutuan supaya rakyat memilih wakil dan mempercepat usaha berkerajaan sendiri. [Rujukan skema: 186; kandungan halaman buku belum disahkan satu demi satu.]"
F4 Chp 7,radio,Selangor_Q14,A,B,C,D,A,Selangor/Picture14.png,"中文：A：统一课程内容让各族学生学习共同知识及价值，培养国家认同和团结。【答案纸参考：B7T4M183；书页内容待逐页确认。】
Bahasa Melayu: A: Kandungan kurikulum yang seragam memberi murid pelbagai kaum pengetahuan dan nilai bersama untuk memupuk perpaduan. [Rujukan skema: B7T4M183; kandungan halaman buku belum disahkan satu demi satu.]"
F4 Chp 7,radio,Smka_Q14,A,B,C,D,B,SMKA/Picture14.png,"中文：B：Sistem Ahli成员管理所属部门，并提出有关法律建议，积累自治行政经验。【答案纸参考：T4 Hal.179；书页内容待逐页确认。】
Bahasa Melayu: B: Ahli mengurus portfolio dan mencadangkan undang-undang berkaitan, sebagai latihan pentadbiran menuju kerajaan sendiri. [Rujukan skema: T4 Hal.179; kandungan halaman buku belum disahkan satu demi satu.]"
F4 Chp 7,radio,Terengganu_Q14,A,B,C,D,D,Terengganu/Picture14.png,"中文：D（III、IV）：IMP主张通过多族群合作及团结争取国家独立。【答案纸参考：BAB 7- MS 184；书页内容待逐页确认。】
Bahasa Melayu: D (III dan IV): IMP ditubuhkan untuk mencapai kemerdekaan melalui penyatuan dan kerjasama pelbagai kaum. [Rujukan skema: BAB 7- MS 184; kandungan halaman buku belum disahkan satu demi satu.]"
F4 Chp 7,radio,Pahang_Q15,A,B,C,D,D,Pahang/Picture15.png,"中文：D：IMP向不同种族开放成员资格，Dato’ Onn希望通过多族群政党团结人民，共同争取独立。答案纸参考：F4第184页。
Bahasa Melayu: D: IMP menerima keanggotaan pelbagai kaum. Dato’ Onn Jaafar mahu menyatukan rakyat melalui sebuah parti berbilang kaum untuk memperjuangkan kemerdekaan. Rujukan skema: T4 ms. 184."
F4 Chp 7,radio,SarawakSibu_Q15,A,B,C,D,C,Sarawak Sibu/Picture15.png,"中文：C：管理部门及提出法律建议训练本地领袖，为建立自己的政府作准备。【答案纸参考：179；书页内容待逐页确认。】
Bahasa Melayu: C: Pengurusan portfolio dan cadangan undang-undang melatih pemimpin tempatan sebagai langkah menuju berkerajaan sendiri. [Rujukan skema: 179; kandungan halaman buku belum disahkan satu demi satu.]"
F4 Chp 8,radio,Sabk_Q14,A,B,C,D,A,SABK/Picture14.png,"中文：联盟的跨族群协商及合作获得广泛支持，体现共识与合作的价值，帮助赢得52席中的51席。答案纸参考：F4，第202页。
Bahasa Melayu: Permuafakatan antara kaum dalam Perikatan memperoleh sokongan luas dan membantu kemenangan 51 daripada 52 kerusi. Rujukan skema: F4, halaman 202."
F4 Chp 8,radio,JohorBahru_Q15,A,B,C,D,C,Johor Bahru/Picture15.png,"中文：Bentuk A 与 Bentuk B 都保留11名州代表及3名少数群体代表；选举席位数量则不同，因此共同点是II、III，选C。（答案纸参考：F4，第198页。）
Bahasa Melayu: Kedua-dua Bentuk A dan B mempunyai 11 wakil negeri serta tiga wakil golongan minoriti; jumlah ahli yang dipilih berbeza, maka II dan III memberikan C. Rujukan skema: Tingkatan 4, m.s. 198."
F4 Chp 8,radio,JohorKulaiSet_Q15,A,B,C,D,D,Johor Kulai Set 1/Picture15.png,"中文：1955年候选人须具备马来语及英语知识；年龄要求为21岁或以上，并非“不超过21岁”，因此选D。（答案纸参考：F4，第200页。）
Bahasa Melayu: Calon pilihan raya 1955 perlu berpengetahuan dalam bahasa Melayu dan bahasa Inggeris serta berumur sekurang-kurangnya 21 tahun, maka D tepat. Rujukan skema: Tingkatan 4, m.s. 200."
F4 Chp 8,radio,JohorKulaiSet_Q15,A,B,C,D,B,Johor Kulai Set 2/Picture15.png,"中文：1954年10月18日开始登记选民，在提名与投票前确定有资格参与选举的人，所以X为B。（答案纸参考：F4，第200页。）
Bahasa Melayu: Pendaftaran pengundi bermula pada 18 Oktober 1954 sebelum penamaan calon dan pengundian, maka X ialah B. Rujukan skema: Tingkatan 4, m.s. 200."
F4 Chp 8,radio,JohorMuar_Q15,A,B,C,D,A,Johor Muar/Picture15.png,"中文：候选人提名之后，需要进行竞选宣传，让选民了解候选人及政策，然后才投票。因此流程中X是Kempen pilihan raya，选A。（答案纸参考：F4，第201页。）
Bahasa Melayu: Selepas penamaan calon, kempen pilihan raya dijalankan untuk memperkenalkan calon dan perjuangan mereka kepada pengundi. Pengundian berlaku selepas kempen, maka X ialah A. Rujukan skema: Tingkatan 4, m.s. 201."
F4 Chp 8,radio,JohorPasirGudang_Q15,A,B,C,D,C,Johor Pasir Gudang/Picture15.png,"中文：1955年联邦立法议会选举的选民年龄条件是21岁及以上。因此选C；不要把现今投票年龄套用到历史时期。（答案纸参考：F4，第200页。）
Bahasa Melayu: Dalam Pilihan Raya Majlis Perundangan Persekutuan 1955, pengundi perlu berumur 21 tahun ke atas serta memenuhi syarat lain. Oleh itu, C tepat mengikut tempoh sejarah tersebut. Rujukan skema: Tingkatan 4, m.s. 200."
F4 Chp 8,radio,JohorSegamatSet_Q15,A,B,C,D,C,Johor Segamat Set 1/Picture15.png,"中文：选举规则或法案获通过后，需要登记选民，确认有资格参与投票的人，之后才进入候选人提名等阶段。因此X是选民登记，选C。（答案纸参考：F4，第200-201页。）
Bahasa Melayu: Selepas rang undang-undang diluluskan, pendaftaran pengundi dilaksanakan bagi menyediakan senarai pengundi yang layak sebelum penamaan calon. Oleh itu, X ialah C. Rujukan skema: Tingkatan 4, m.s. 200-201."
F4 Chp 8,radio,JohorSegamatSet_Q15,A,B,C,D,B,Johor Segamat Set 2/Picture15.png,"中文：1955年选举让人民选出当地领袖，使自治获得民意基础，并为争取独立铺路。因此选B，而不是把选举当成结束紧急状态的措施。（答案纸参考：F4，第198页。）
Bahasa Melayu: Pilihan raya 1955 memberi mandat rakyat kepada pemimpin tempatan dan menunjukkan kesediaan berkerajaan sendiri. Kejayaan ini merintis kemerdekaan negara, maka B tepat. Rujukan skema: Tingkatan 4, m.s. 198."
F4 Chp 8,radio,Kedah_Q15,A,B,C,D,D,Kedah/Picture15.png,"中文：1955年选民须是马来亚联邦公民并年满21岁，因此III、IV正确；不要套用今天的投票年龄。答案纸参考：F4第200页。
Bahasa Melayu: Pengundi tahun 1955 mestilah warganegara Persekutuan Tanah Melayu dan berumur sekurang-kurangnya 21 tahun, maka III dan IV betul. Rujukan skema: T4 ms.200."
F4 Chp 8,radio,Kelantan_Q15,A,B,C,D,D,Kelantan/Picture15.png,"中文：联盟赢得绝大多数州席位，表明选民接受跨族合作，应选B；原key D强调地方行政，并非数据最直接结论，答案纸也写B。 答案纸参考：F4第197页。
Bahasa Melayu: Kemenangan besar Perikatan membuktikan kerjasama kaum diterima, B. Key asal D tentang pentadbiran tempatan bukan kesimpulan paling langsung daripada keputusan ini; skema juga B. Rujukan skema: T4 ms.197."
F4 Chp 8,radio,KualaLumpur_Q15,A,B,C,D,C,Kuala Lumpur/Picture15.png,"中文：1955年选举让本地领袖获得民意授权并组成政府，为自我管理及独立谈判铺路。 答案纸参考：F4第198页。
Bahasa Melayu: Pilihan raya 1955 memberi mandat rakyat kepada pemimpin tempatan untuk membentuk kerajaan dan merintis pemerintahan sendiri serta kemerdekaan. Rujukan skema: T4 ms.198."
F4 Chp 8,radio,Melaka_Q15,A,B,C,D,D,Melaka/Picture15.png,"中文：1955年举行联邦立法议会选举，是全国层面的选举，而非某个市议会选举。 答案纸参考：F4第197页。
Bahasa Melayu: Pada 1955 diadakan pilihan raya Majlis Perundangan Persekutuan pada peringkat seluruh persekutuan, bukan majlis perbandaran. Rujukan skema: T4 ms.197."
F4 Chp 8,radio,Mrsm_Q15,A,B,C,D,A,MRSM/Picture15.png,"中文：1955年选民须年满21岁及为联邦公民，所以I、II正确；此题考当年的规定。 答案纸参考：F4第200页。
Bahasa Melayu: Pengundi 1955 mesti berumur sekurang-kurangnya 21 tahun dan warganegara Persekutuan, maka I dan II betul berdasarkan syarat ketika itu. Rujukan skema: T4 ms.200."
F4 Chp 8,radio,N_Q15,A,B,C,D,D,N9/Picture15.png,"中文：联盟取得226席的压倒性胜利，显示选民接受UMNO与MCA的跨族政治合作。 答案纸参考：F4第197页。
Bahasa Melayu: Kemenangan 226 kerusi menunjukkan rakyat menerima kerjasama politik antara kaum melalui UMNO dan MCA. Rujukan skema: T4 ms.197."
F4 Chp 8,radio,Perak_Q15,A,B,C,D,C,Perak/Picture15.png,"中文：选民通过投票选出代表；获支持的政党再组成政府，因此选举让人民参与决定国家领导。答案纸参考：F4，第196页。
Bahasa Melayu: Pengundi memilih wakil melalui undi dan parti yang memperoleh sokongan membentuk kerajaan. Pilihan raya membolehkan rakyat menentukan kepimpinan negara. Rujukan skema: F4, halaman 196."
F4 Chp 8,radio,Perlis_Q15,A,B,C,D,A,Perlis/Picture15.png,"中文：1955年大选竞选期为45天；记忆时应分清竞选期与投票当天，而不是按月份估算。答案纸参考：F4，第201页。
Bahasa Melayu: Tempoh berkempen bagi Pilihan Raya Umum 1955 ialah 45 hari. Bezakan tempoh kempen daripada hari pengundian. Rujukan skema: F4, halaman 201."
F4 Chp 8,radio,PulauPinang_Q15,A,B,C,D,C,Pulau Pinang/Picture15.png,"中文：选举的举行须先有获通过的法律依据，因此选举法案通过是1955年联邦立法议会选举的正式程序之一。答案纸参考：F4，第200页。
Bahasa Melayu: Pelaksanaan pilihan raya memerlukan asas undang-undang, maka kelulusan rang undang-undang membolehkan pilihan raya MPP 1955 diadakan. Rujukan skema: F4, halaman 200."
F4 Chp 8,radio,PutrajayaSet_Q15,A,B,C,D,D,Putrajaya set 1/Picture15.png,"中文：联盟通过UMNO、MCA及MIC的政治合作争取不同族群支持，因而在1955年赢得52席中的51席。答案纸参考：F4，第202页。
Bahasa Melayu: Kerjasama UMNO, MCA dan MIC dalam Perikatan menarik sokongan pelbagai kaum, lalu memenangi 51 daripada 52 kerusi pada 1955. Rujukan skema: F4, halaman 202."
F4 Chp 8,radio,PutrajayaSet_Q15,A,B,C,D,B,Putrajaya set 2/Picture15.png,"中文：1955年的选民须是马来亚联合邦公民且年满21岁，所以I和IV正确；这不是现今投票年龄规则。答案纸参考：F4，第200页。
Bahasa Melayu: Pengundi 1955 perlu menjadi warganegara PTM dan berumur sekurang-kurangnya 21 tahun, maka I dan IV tepat. Ini syarat sejarah 1955. Rujukan skema: F4, halaman 200."
F4 Chp 8,radio,Sabah_Q15,A,B,C,D,D,Sabah/Picture15.png,"中文：D：Sistem Ahli让本地领袖管理部门，学习政府运作，为自治及独立作准备。
Bahasa Melayu: D: Sistem Ahli memberi pemimpin tempatan latihan mengurus portfolio dan mentadbir kerajaan sebagai persediaan ke arah kemerdekaan."
F4 Chp 8,radio,Sabk_Q15,A,B,C,D,C,SABK/Picture15.png,"中文：选举制度推行前，联邦立法议会成员由英国最高专员任命，而不是由选民投票选出。答案纸参考：F4，第199页。
Bahasa Melayu: Sebelum pilihan raya Persekutuan, ahli MPP dilantik oleh Pesuruhjaya Tinggi British, bukannya dipilih rakyat. Rujukan skema: F4, halaman 199."
F4 Chp 8,radio,Sbp_Q15,A,B,C,D,D,SBP/Picture15.png,"中文：D（III、IV）：选区划定后须登记选民，再进行候选人提名；投票结束后则点算选票。【答案纸参考：200-201；书页内容待逐页确认。】
Bahasa Melayu: D (III dan IV): Selepas penentuan sempadan kawasan, pengundi didaftarkan sebelum penamaan calon. Pengiraan undi dilakukan selepas pengundian. [Rujukan skema: 200-201; kandungan halaman buku belum disahkan satu demi satu.]"
F4 Chp 8,radio,Selangor_Q15,A,B,C,D,B,Selangor/Picture15.png,"中文：B：UMNO与MCA合作取得多数议席，显示人民接受跨族群政治联盟。【答案纸参考：B8T4M197；书页内容待逐页确认。】
Bahasa Melayu: B: Kemenangan Perikatan UMNO-MCA menunjukkan penerimaan rakyat terhadap kerjasama politik antara kaum. [Rujukan skema: B8T4M197; kandungan halaman buku belum disahkan satu demi satu.]"
F4 Chp 8,radio,Smka_Q15,A,B,C,D,A,SMKA/Picture15.png,"中文：A：1955年联邦选举的选民须为联邦公民并年满21岁；会说马来语不是这里的必要条件。【答案纸参考：T4 Hal.200；书页内容待逐页确认。】
Bahasa Melayu: A: Pengundi pilihan raya Persekutuan 1955 perlu menjadi warganegara dan berumur 21 tahun ke atas; kemahiran bahasa Melayu bukan syarat yang ditanya. [Rujukan skema: T4 Hal.200; kandungan halaman buku belum disahkan satu demi satu.]"
F4 Chp 8,radio,Terengganu_Q15,A,B,C,D,D,Terengganu/Picture15.png,"中文：D：1954年代表团争取民选议员在联邦立法议会中的席位安排，以扩大人民代表权。【答案纸参考：BAB 8- MS 199；书页内容待逐页确认。】
Bahasa Melayu: D: Rombongan 1954 membincangkan keanggotaan Majlis Perundangan Persekutuan, khususnya kedudukan ahli yang dipilih rakyat. [Rujukan skema: BAB 8- MS 199; kandungan halaman buku belum disahkan satu demi satu.]"
F4 Chp 8,radio,JohorBahru_Q16,A,B,C,D,A,Johor Bahru/Picture16.png,"中文：1955年联邦选举产生民选代表，并为成立首届内阁奠定基础；题列人物是获选代表，因此本题选A。（答案纸参考：F4，第206页。）
Bahasa Melayu: Pilihan Raya Umum 1955 melahirkan wakil yang dipilih rakyat dan menjadi asas pembentukan kabinet pertama; tokoh yang disenaraikan ialah wakil terpilih, maka A tepat. Rujukan skema: Tingkatan 4, m.s. 206."
F4 Chp 8,radio,JohorKulaiSet_Q16,A,B,C,D,C,Johor Kulai Set 1/Picture16.png,"中文：首届内阁由不同族群代表组成，显示合作、妥协及共同治理的能力，为独立作准备，选C。（答案纸参考：F4，第207页。）
Bahasa Melayu: Kabinet pertama terdiri daripada wakil pelbagai kaum dan menunjukkan kompromi serta kerjasama untuk berkerajaan sendiri, maka C tepat. Rujukan skema: Tingkatan 4, m.s. 207."
F4 Chp 8,radio,JohorKulaiSet_Q16,A,B,C,D,C,Johor Kulai Set 2/Picture16.png,"中文：首届内阁讨论安全及财政问题，并逐步接管政府职能；II、III对应C。（答案纸参考：F4，第206页。）
Bahasa Melayu: Kabinet pertama mengutarakan isu keselamatan dan membangkitkan soal kewangan dalam usaha mengambil alih fungsi pentadbiran; II dan III memberikan C. Rujukan skema: Tingkatan 4, m.s. 206."
F4 Chp 8,radio,JohorMuar_Q16,A,B,C,D,D,Johor Muar/Picture16.png,"中文：阿都拉萨担任教育部长，推动通过教育建立团结的国家民族。共同课程及教育政策有助各族培养共同认同，所以选D。（答案纸参考：F4，第207页。）
Bahasa Melayu: Dato' Abdul Razak sebagai Menteri Pelajaran berusaha membina bangsa yang bersatu melalui pendidikan. Dasar pendidikan bersama dapat memupuk identiti kebangsaan dan perpaduan, maka D tepat. Rujukan skema: Tingkatan 4, m.s. 207."
F4 Chp 8,radio,JohorPasirGudang_Q16,A,B,C,D,A,Johor Pasir Gudang/Picture16.png,"中文：1955年选举后，东姑出任首席部长Ketua Menteri；独立后才担任首相Perdana Menteri。题目明确是1955年第一届内阁，所以选A。（答案纸参考：F4，第206页。）
Bahasa Melayu: Selepas pilihan raya 1955, Tunku Abdul Rahman dilantik sebagai Ketua Menteri. Jawatan Perdana Menteri berkaitan negara yang telah merdeka, maka A tepat untuk tahun 1955. Rujukan skema: Tingkatan 4, m.s. 206."
F4 Chp 8,radio,JohorSegamatSet_Q16,A,B,C,D,B,Johor Segamat Set 1/Picture16.png,"中文：1955年第一届内阁让当地领袖承担更多行政责任，逐步减少英国在治理中的权力，准备自治与独立。因此选B。（答案纸参考：F4，第206页。）
Bahasa Melayu: Kabinet pertama membolehkan pemimpin tempatan mengambil tanggungjawab pentadbiran yang lebih besar dan mengurangkan kuasa British secara beransur-ansur. Oleh itu, B tepat. Rujukan skema: Tingkatan 4, m.s. 206."
F4 Chp 8,radio,JohorSegamatSet_Q16,A,B,C,D,C,Johor Segamat Set 2/Picture16.png,"中文：第一届内阁讨论国家财政、预算及行政事务，使当地领袖逐步掌握治理责任。因此题目所列职责是C。（答案纸参考：F4，第206页。）
Bahasa Melayu: Kabinet pertama membincangkan urusan kewangan dan pentadbiran sebagai persediaan mengambil tanggungjawab pemerintahan. Oleh itu, C tepat. Rujukan skema: Tingkatan 4, m.s. 206."
F4 Chp 8,radio,Kedah_Q16,A,B,C,D,A,Kedah/Picture16.png,"中文：联盟通过UMNO、MCA和MIC的跨族政治合作吸引各族选民，获得大量选票。答案纸参考：F4第202页。
Bahasa Melayu: Kerjasama politik UMNO, MCA dan MIC dalam Parti Perikatan menarik sokongan pengundi pelbagai kaum sehingga memperoleh undi besar. Rujukan skema: T4 ms.202."
F4 Chp 8,radio,Kelantan_Q16,A,B,C,D,B,Kelantan/Picture16.png,"中文：1955年候选人须年满21岁并为马来亚公民，不要求高学历或必须是党领袖，所以I、IV正确。 答案纸参考：F4第200页。
Bahasa Melayu: Calon 1955 mesti berumur sekurang-kurangnya 21 tahun dan warganegara Tanah Melayu, bukan semestinya berpendidikan tinggi atau ketua parti; I dan IV betul. Rujukan skema: T4 ms.200."
F4 Chp 8,radio,KualaLumpur_Q16,A,B,C,D,C,Kuala Lumpur/Picture16.png,"中文：Abdul Razak任教育部长并领导1956年教育委员会，推动统一国家教育制度。 答案纸参考：F4第207页。
Bahasa Melayu: Abdul Razak menjadi Menteri Pelajaran dan mengetuai Jawatankuasa Pelajaran 1956 untuk memajukan sistem pendidikan kebangsaan. Rujukan skema: T4 ms.207."
F4 Chp 8,radio,Melaka_Q16,A,B,C,D,A,Melaka/Picture16.png,"中文：1955年的选民年龄门槛为21岁；须依当年的制度作答，而非今天的年龄规定。 答案纸参考：F4第200页。
Bahasa Melayu: Syarat umur pengundi 1955 ialah sekurang-kurangnya 21 tahun; jawapan berdasarkan peraturan ketika itu. Rujukan skema: T4 ms.200."
F4 Chp 8,radio,Mrsm_Q16,A,B,C,D,A,MRSM/Picture16.png,"中文：首届内阁推动公务体系本地化，让本地人逐步接替殖民官员并准备自治。 答案纸参考：F4第206页。
Bahasa Melayu: Kabinet pertama menjadikan perkhidmatan awam bercorak tempatan dengan menggantikan pegawai kolonial sebagai persediaan pemerintahan sendiri. Rujukan skema: T4 ms.206."
F4 Chp 8,radio,N_Q16,A,B,C,D,A,N9/Picture16.png,"中文：联邦立法议会是立法机构，主要职责是制定法律，而非领导州行政。 答案纸参考：F4第204页。
Bahasa Melayu: MPP ialah badan perundangan yang menggubal undang-undang, bukan mengetuai pentadbiran negeri. Rujukan skema: T4 ms.204."
F4 Chp 8,radio,Pahang_Q16,A,B,C,D,A,Pahang/Picture16.png,"中文：A：1955年举行第一次联邦立法议会选举，是从地方及州级选举迈向全国代表制度的重要阶段。答案纸参考：F4第196–197页。
Bahasa Melayu: A: Pilihan raya Majlis Perundangan Persekutuan diadakan pada 1955, selepas pilihan raya tempatan dan negeri. Ini meluaskan pemilihan wakil ke peringkat Persekutuan. Rujukan skema: T4 ms. 196–197."
F4 Chp 8,radio,Perak_Q16,A,B,C,D,B,Perak/Picture16.png,"中文：首届内阁讨论安全事务并逐步减少英国官员的行政权力，让本地领袖更实际地负责国家治理，所以I和IV正确。答案纸参考：F4，第206页。
Bahasa Melayu: Kabinet pertama membincangkan keselamatan dan mengurangkan kuasa pentadbiran pegawai British supaya pemimpin tempatan memainkan peranan lebih besar. Maka I dan IV tepat. Rujukan skema: F4, halaman 206."
F4 Chp 8,radio,Perlis_Q16,A,B,C,D,A,Perlis/Picture16.png,"中文：首届内阁成立后取消最高专员的否决权，使本地领袖能更实际参与决策，减少英国的直接控制。答案纸参考：F4，第206页。
Bahasa Melayu: Pembatalan kuasa veto Pesuruhjaya Tinggi selepas pembentukan kabinet pertama mengurangkan kawalan British dan memperluas kuasa pemimpin tempatan. Rujukan skema: F4, halaman 206."
F4 Chp 8,radio,PulauPinang_Q16,A,B,C,D,B,Pulau Pinang/Picture16.png,"中文：首届内阁减少英国行政权，并讨论国内安全事务，使本地领袖实质参与治理，所以I和IV正确。答案纸参考：F4，第206页。
Bahasa Melayu: Kabinet pertama mengurangkan kuasa pentadbiran British dan membincangkan keselamatan dalam negeri sebagai langkah berkerajaan sendiri. Maka I dan IV tepat. Rujukan skema: F4, halaman 206."
F4 Chp 8,radio,PutrajayaSet_Q16,A,B,C,D,D,Putrajaya set 1/Picture16.png,"中文：1955年选举加强民主行政，并由东姑阿都拉曼领导政府，故III和IV正确；成员制度及市议会选举早于这次选举。答案纸参考：F4，第204页。
Bahasa Melayu: Pilihan raya 1955 mengukuhkan amalan demokrasi dan Tunku Abdul Rahman mengetuai kerajaan. Maka III dan IV tepat; Sistem Ahli dan pilihan raya bandaran berlaku lebih awal. Rujukan skema: F4, halaman 204."
F4 Chp 8,radio,PutrajayaSet_Q16,A,B,C,D,B,Putrajaya set 2/Picture16.png,"中文：联邦立法议会负责制定法律；日常行政与财政执行属于行政政府职能。答案纸参考：F4，第204页。
Bahasa Melayu: Majlis Perundangan Persekutuan berperanan menggubal undang-undang, berbeza daripada tugas pentadbiran harian kerajaan. Rujukan skema: F4, halaman 204."
F4 Chp 8,radio,Sabah_Q16,A,B,C,D,C,Sabah/Picture16.png,"中文：C：IMP向各族开放，以跨族群合作及团结为基础，不是仅依靠单一族群政党。
Bahasa Melayu: C: IMP terbuka kepada pelbagai kaum dan mengutamakan perpaduan serta kerjasama antara kaum."
F4 Chp 8,radio,Sabk_Q16,A,B,C,D,B,SABK/Picture16.png,"中文：首届内阁讨论国内安全并减少英国行政权，使本地领导取得更多决策责任，故I和IV正确。答案纸参考：F4，第206页。
Bahasa Melayu: Kabinet pertama membincangkan keselamatan dalam negeri dan mengurangkan kuasa pentadbiran British. Maka I dan IV tepat. Rujukan skema: F4, halaman 206."
F4 Chp 8,radio,SarawakSibu_Q16,A,B,C,D,B,Sarawak Sibu/Picture16.png,"中文：B：选举产生获得人民支持的政府，使政府拥有较稳固的代表性与执政基础。【答案纸参考：196；书页内容待逐页确认。】
Bahasa Melayu: B: Pilihan raya membentuk kerajaan yang mendapat mandat rakyat dan mempunyai asas pemerintahan yang mantap. [Rujukan skema: 196; kandungan halaman buku belum disahkan satu demi satu.]"
F4 Chp 8,radio,Sbp_Q16,A,B,C,D,B,SBP/Picture16.png,"中文：B：1955年首届内阁让本地领袖承担行政责任，为建立自治政府及争取独立作准备。【答案纸参考：206；书页内容待逐页确认。】
Bahasa Melayu: B: Kabinet pertama 1955 memberi pemimpin tempatan tanggungjawab pentadbiran dan menjadi asas pembentukan kerajaan sendiri menuju kemerdekaan. [Rujukan skema: 206; kandungan halaman buku belum disahkan satu demi satu.]"
F4 Chp 8,radio,Selangor_Q16,A,B,C,D,B,Selangor/Picture16.png,"中文：B：行政权逐步交给本地人，但英国仍保留财政职位，以管理相关财务事务。【答案纸参考：B8 T4M206；书页内容待逐页确认。】
Bahasa Melayu: B: Kuasa pentadbiran dipindahkan secara beransur-ansur kepada penduduk tempatan, tetapi pegawai British masih dikekalkan untuk mengurus kewangan. [Rujukan skema: B8 T4M206; kandungan halaman buku belum disahkan satu demi satu.]"
F4 Chp 8,radio,Smka_Q16,A,B,C,D,B,SMKA/Picture16.png,"中文：B：1955年议会选举扩大本地代表参与，使人民逐步接掌国家行政。【答案纸参考：T4 Hal.204；书页内容待逐页确认。】
Bahasa Melayu: B: Majlis Perundangan Persekutuan 1955 memperluas penyertaan wakil tempatan dan membolehkan rakyat mengambil alih pentadbiran secara beransur-ansur. [Rujukan skema: T4 Hal.204; kandungan halaman buku belum disahkan satu demi satu.]"
F4 Chp 8,radio,Terengganu_Q16,A,B,C,D,A,Terengganu/Picture16.png,"中文：A：Abdul Razak担任教育部长，领导教育改革，包括1956年教育报告。【答案纸参考：BAB 8- MS 206；书页内容待逐页确认。】
Bahasa Melayu: A: Abdul Razak memegang portfolio pelajaran dan memajukan pendidikan melalui pembaharuan seperti Penyata Jawatankuasa Pelajaran 1956. [Rujukan skema: BAB 8- MS 206; kandungan halaman buku belum disahkan satu demi satu.]"
F4 Chp 8,radio,Pahang_Q17,A,B,C,D,C,Pahang/Picture17.png,"中文：C：1955年选民必须是公民，年龄要求是21岁及以上；选项D的18岁不符合当时的规定。答案纸参考：F4第200页。
Bahasa Melayu: C: Pengundi dalam pilihan raya 1955 mestilah warganegara dan berumur sekurang-kurangnya 21 tahun. Syarat 18 tahun dalam D tidak merujuk pilihan raya tersebut. Rujukan skema: T4 ms. 200."
F4 Chp 8,radio,SarawakSibu_Q17,A,B,C,D,C,Sarawak Sibu/Picture17.png,"中文：C（II、III）：1955年选举加强跨族群政治合作，证明本地领袖具备治理能力并加快独立进程。【答案纸参考：198；书页内容待逐页确认。】
Bahasa Melayu: C (II dan III): Pilihan raya 1955 memperkukuh kerjasama rakyat dalam politik dan mempercepat proses kemerdekaan. [Rujukan skema: 198; kandungan halaman buku belum disahkan satu demi satu.]"
F4 Chp 9,radio,JohorBahru_Q17,A,B,C,D,A,Johor Bahru/Picture17.png,"中文：Lord Reid、Sir Ivor Jennings 等成员组成联邦宪法委员会，负责拟定独立前的宪法，即 Reid Commission，选A。（答案纸参考：F4，第221页。）
Bahasa Melayu: Lord Reid dan Sir Ivor Jennings merupakan anggota Suruhanjaya Perlembagaan Persekutuan yang merangka perlembagaan menjelang kemerdekaan, maka A tepat. Rujukan skema: Tingkatan 4, m.s. 221."
F4 Chp 9,radio,JohorKulaiSet_Q17,A,B,C,D,A,Johor Kulai Set 1/Picture17.png,"中文：Reid、Jennings 与 Malik 的任务是拟定联邦宪法，不是组成内阁或单独决定独立日期，选A。（答案纸参考：F4，第220页。）
Bahasa Melayu: Tugas Suruhanjaya Reid ialah merangka Perlembagaan Persekutuan Tanah Melayu, bukannya membentuk kabinet atau menetapkan tarikh kemerdekaan, maka A tepat. Rujukan skema: Tingkatan 4, m.s. 220."
F4 Chp 9,radio,JohorKulaiSet_Q17,A,B,C,D,D,Johor Kulai Set 2/Picture17.png,"中文：Reid Commission 专门整理并拟定联邦宪法，为独立国家建立法律基础，选D。（答案纸参考：F4，第220页。）
Bahasa Melayu: Suruhanjaya Reid ditubuhkan untuk menyusun dan merangka Perlembagaan Persekutuan Tanah Melayu sebagai asas negara merdeka, maka D tepat. Rujukan skema: Tingkatan 4, m.s. 220."
F4 Chp 9,radio,JohorMuar_Q17,A,B,C,D,B,Johor Muar/Picture17.png,"中文：里德委员会讨论、整理并草拟独立宪法，也参考各方提交的意见书。题目所列人物属于该委员会，所以选B；重点是拟订宪法，不只是印刷或散发文件。（答案纸参考：F4，第220页。）
Bahasa Melayu: Suruhanjaya Reid membincangkan, menyusun dan merangka Perlembagaan Persekutuan Tanah Melayu dengan meneliti memorandum pelbagai pihak. Tugas utamanya ialah penyediaan perlembagaan, maka B tepat. Rujukan skema: Tingkatan 4, m.s. 220."
F4 Chp 9,radio,JohorPasirGudang_Q17,A,B,C,D,B,Johor Pasir Gudang/Picture17.png,"中文：里德委员会的主要任务是草拟联邦宪法，作为独立国家治理的基础。它会听取各方意见，而不是主要决定独立日期，所以选B。（答案纸参考：F4，第220页。）
Bahasa Melayu: Suruhanjaya Perlembagaan dibentuk untuk merangka Perlembagaan Persekutuan sebagai asas pemerintahan negara merdeka. Oleh itu, B tepat. Rujukan skema: Tingkatan 4, m.s. 220."
F4 Chp 9,radio,JohorSegamatSet_Q17,A,B,C,D,D,Johor Segamat Set 1/Picture17.png,"中文：由马来统治者提交的意见书提出从统治者中选出国家元首，并考虑资历顺序。此建议关系君主制度的延续，所以选D。（答案纸参考：F4，第222页。）
Bahasa Melayu: Memorandum Raja-raja Melayu mencadangkan pemilihan Yang di-Pertuan Agong daripada Raja-raja Melayu berdasarkan kekananan. Cadangan ini berkaitan kelangsungan institusi beraja, maka D tepat. Rujukan skema: Tingkatan 4, m.s. 222."
F4 Chp 9,radio,JohorSegamatSet_Q17,A,B,C,D,B,Johor Segamat Set 2/Picture17.png,"中文：委员会需要维护马来统治者地位，以及马来人特殊地位和其他族群合法利益。不是无条件给予任何人公民权，因此I和IV，即B。（答案纸参考：F4，第220页。）
Bahasa Melayu: Terma rujukan Suruhanjaya memelihara kedudukan Raja-raja Melayu serta keistimewaan orang Melayu dan kepentingan sah kaum lain. Oleh itu, I dan IV betul, iaitu B. Rujukan skema: Tingkatan 4, m.s. 220."
F4 Chp 9,radio,Kedah_Q17,A,B,C,D,D,Kedah/Picture17.png,"中文：海上旅程让代表团有时间共同讨论策略，统一立场后再赴伦敦谈判。答案纸参考：F4第217页。
Bahasa Melayu: Perjalanan laut memberi masa kepada rombongan membincangkan strategi dan menyelaraskan pendirian sebelum rundingan di London. Rujukan skema: T4 ms.217."
F4 Chp 9,radio,Kelantan_Q17,A,B,C,D,C,Kelantan/Picture17.png,"中文：Sheikh Abdullah Fahim提供意见，协助Tunku确定适当的独立日期。 答案纸参考：F4第218页。
Bahasa Melayu: Sheikh Abdullah Fahim memberi pandangan kepada Tunku untuk menentukan tarikh kemerdekaan yang sesuai. Rujukan skema: T4 ms.218."
F4 Chp 9,radio,KualaLumpur_Q17,A,B,C,D,A,Kuala Lumpur/Picture17.png,"中文：1956年伦敦代表团与英国商议结束殖民统治、取得马来亚独立。 答案纸参考：F4第218页。
Bahasa Melayu: Rombongan London 1956 merundingkan penamatan penjajahan British dan kemerdekaan Tanah Melayu. Rujukan skema: T4 ms.218."
F4 Chp 9,radio,Melaka_Q17,A,B,C,D,B,Melaka/Picture17.png,"中文：Tunku安排较长海上旅程，让代表团有时间讨论及统一伦敦谈判策略。 答案纸参考：F4第217页。
Bahasa Melayu: Tunku merancang perjalanan laut supaya rombongan mempunyai masa menyusun dan menyelaraskan strategi rundingan London. Rujukan skema: T4 ms.217."
F4 Chp 9,radio,Mrsm_Q17,A,B,C,D,B,MRSM/Picture17.png,"中文：Tunku在1956年2月20日宣布独立日期为1957年8月31日，并分享伦敦谈判成果。 答案纸参考：F4第219页。
Bahasa Melayu: Tunku mengumumkan tarikh kemerdekaan 31 Ogos 1957 pada 20 Februari 1956 selepas kejayaan rundingan London. Rujukan skema: T4 ms.219."
F4 Chp 9,radio,N_Q17,A,B,C,D,D,N9/Picture17.png,"中文：君主与联盟代表共同赴伦敦，商讨马来亚独立的条件和日期。 答案纸参考：F4第217页。
Bahasa Melayu: Wakil raja serta Perikatan ke London untuk membincangkan syarat dan tarikh kemerdekaan Tanah Melayu. Rujukan skema: T4 ms.217."
F4 Chp 9,radio,Perak_Q17,A,B,C,D,B,Perak/Picture17.png,"中文：里德委员会负责拟定独立宪法，包括联邦与州的权限分配及共同国家制度，而不是直接执行政府日常行政。答案纸参考：F4，第220至221页。
Bahasa Melayu: Suruhanjaya Reid menggubal perlembagaan kemerdekaan, termasuk pembahagian kuasa Persekutuan dan negeri serta asas negara, bukan menjalankan pentadbiran harian. Rujukan skema: F4, halaman 220–221."
F4 Chp 9,radio,Perlis_Q17,A,B,C,D,B,Perlis/Picture17.png,"中文：伦敦谈判包含独立后国防协助的安排，确保新国家仍能获得必要防务支持，并非成立经济集团。答案纸参考：F4，第218页。
Bahasa Melayu: Rundingan London merangkumi bantuan pertahanan selepas kemerdekaan untuk membantu keselamatan negara baharu, bukan pembentukan pakatan ekonomi. Rujukan skema: F4, halaman 218."
F4 Chp 9,radio,PulauPinang_Q17,A,B,C,D,C,Pulau Pinang/Picture17.png,"中文：1956年1月18日至2月6日在伦敦Lancaster House进行的是独立谈判；独立宣告及庆典在其他时间地点。答案纸参考：F4，第218页。
Bahasa Melayu: Peristiwa di Lancaster House pada 18 Januari hingga 6 Februari 1956 ialah rundingan kemerdekaan, bukan pengisytiharan atau sambutannya. Rujukan skema: F4, halaman 218."
F4 Chp 9,radio,PutrajayaSet_Q17,A,B,C,D,D,Putrajaya set 1/Picture17.png,"中文：宪法委员会检查各州宪法的地位与结构，以协调新联邦宪法及州的制度安排。答案纸参考：F4，第221页。
Bahasa Melayu: Suruhanjaya Perlembagaan meneliti kedudukan perlembagaan negeri untuk menyelaraskannya dengan kerangka perlembagaan Persekutuan yang baharu. Rujukan skema: F4, halaman 221."
F4 Chp 9,radio,PutrajayaSet_Q17,A,B,C,D,A,Putrajaya set 2/Picture17.png,"中文：原答案A对应I和II，但Nik Ahmad Kamil与Abdul Aziz Abdul Majid是统治者代表。联盟代表包括Abdul Razak和Dr. Ismail，因此按课本及题干应为D（III和IV）。答案纸参考：F4，第216页。
Bahasa Melayu: Skema A memilih I dan II yang sebenarnya wakil Raja-raja Melayu. Wakil Perikatan termasuk Abdul Razak dan Dr. Ismail, maka D, III dan IV, menepati buku teks serta soalan. Rujukan skema: F4, halaman 216."
F4 Chp 9,radio,Sabah_Q17,A,B,C,D,D,Sabah/Picture17.png,"中文：D：联盟党赢得51／52席，显示选民支持由不同族群政党组成的合作模式。
Bahasa Melayu: D: Kemenangan Perikatan sebanyak 51 daripada 52 kerusi membuktikan rakyat menerima kerjasama politik antara kaum."
F4 Chp 9,radio,Sabk_Q17,A,B,C,D,C,SABK/Picture17.png,"中文：伦敦谈判要求由本地人任国防部长，并以财政部长取代财政秘书，逐步把重要部门交给本地政府，所以II和III正确。答案纸参考：F4，第218页。
Bahasa Melayu: Rundingan London menuntut Menteri Pertahanan daripada rakyat tempatan dan penggantian Setiausaha Kewangan dengan Menteri Kewangan. Maka II dan III tepat. Rujukan skema: F4, halaman 218."
F4 Chp 9,radio,Sbp_Q17,A,B,C,D,C,SBP/Picture17.png,"中文：C（II、III）：制宪委员会向居民征求建议并审查宪制安排，依据各方意见拟定宪法。【答案纸参考：221；书页内容待逐页确认。】
Bahasa Melayu: C (II dan III): Suruhanjaya meminta cadangan penduduk dan meneliti kedudukan perlembagaan sebelum merangka cadangan perlembagaan baharu. [Rujukan skema: 221; kandungan halaman buku belum disahkan satu demi satu.]"
F4 Chp 9,radio,Selangor_Q17,A,B,C,D,C,Selangor/Picture17.png,"中文：C：伦敦独立谈判同意有关防务安排，独立后的马来亚可获得英联邦防务援助。【答案纸参考：B9T4M218；书页内容待逐页确认。】
Bahasa Melayu: C: Rundingan kemerdekaan di London mencapai persetujuan tentang pertahanan, termasuk bantuan pertahanan daripada Komanwel. [Rujukan skema: B9T4M218; kandungan halaman buku belum disahkan satu demi satu.]"
F4 Chp 9,radio,Smka_Q17,A,B,C,D,C,SMKA/Picture17.png,"中文：C（II、III）：Dato’ Nik Ahmad Kamil和Dato’ Abdul Wahab Aziz代表马来统治者；东姑及Dr. Ismail代表联盟党。【答案纸参考：T4 Hal.216；书页内容待逐页确认。】
Bahasa Melayu: C (II dan III): Dato’ Nik Ahmad Kamil dan Dato’ Abdul Wahab Aziz mewakili Raja-raja Melayu, manakala Tunku dan Dr. Ismail ialah wakil Parti Perikatan. [Rujukan skema: T4 Hal.216; kandungan halaman buku belum disahkan satu demi satu.]"
F4 Chp 9,radio,Terengganu_Q17,A,B,C,D,D,Terengganu/Picture17.png,"中文：D：Reid委员会参考条款要求保护马来人的特殊地位，同时顾及其他族群合法利益。【答案纸参考：BAB 9- MS 220；书页内容待逐页确认。】
Bahasa Melayu: D: Terma rujukan Suruhanjaya Reid merangkumi pemeliharaan kedudukan istimewa orang Melayu serta kepentingan sah kaum lain. [Rujukan skema: BAB 9- MS 220; kandungan halaman buku belum disahkan satu demi satu.]"
F4 Chp 9,radio,JohorBahru_Q18,A,B,C,D,C,Johor Bahru/Picture18.png,"中文：PAS 要求把马来语列为官方语言，凸显本地语言在独立国家中的地位，因此选C。（答案纸参考：F4，第223页。）
Bahasa Melayu: PAS mencadangkan bahasa Melayu dijadikan bahasa rasmi dalam draf Perlembagaan Persekutuan Tanah Melayu, maka C tepat. Rujukan skema: Tingkatan 4, m.s. 223."
F4 Chp 9,radio,JohorKulaiSet_Q18,A,B,C,D,D,Johor Kulai Set 1/Picture18.png,"中文：联盟提交的政治信托备忘录称 Testament Amanah Politik Perikatan，内容包括公民资格方面的协议，选D。（答案纸参考：F4，第222页。）
Bahasa Melayu: Memorandum Perikatan yang merangkumi persetujuan tentang kewarganegaraan dikenali sebagai Testament Amanah Politik Perikatan, maka D tepat. Rujukan skema: Tingkatan 4, m.s. 222."
F4 Chp 9,radio,JohorKulaiSet_Q18,A,B,C,D,B,Johor Kulai Set 2/Picture18.png,"中文：1957年宪法规定公民资格及取得条件，是新国家的重要制度之一，选B。（答案纸参考：F4，第224-225页。）
Bahasa Melayu: Kewarganegaraan dan syarat memperolehnya merupakan perkara utama dalam Perlembagaan Persekutuan 1957, maka B tepat. Rujukan skema: Tingkatan 4, m.s. 224-225."
F4 Chp 9,radio,JohorMuar_Q18,A,B,C,D,A,Johor Muar/Picture18.png,"中文：马来统治者的意见书建议由马来统治者中选出国家元首，任期五年，以维护君主制度。题目问该意见书内容，所以选A。（答案纸参考：F4，第222页。）
Bahasa Melayu: Memorandum Raja-raja Melayu mencadangkan seorang Yang di-Pertuan Agong dipilih daripada Raja-raja Melayu untuk tempoh lima tahun. Cadangan ini mengekalkan institusi beraja, maka A tepat. Rujukan skema: Tingkatan 4, m.s. 222."
F4 Chp 9,radio,JohorPasirGudang_Q18,A,B,C,D,A,Johor Pasir Gudang/Picture18.png,"中文：公民权可通过法律自动取得，或在符合条件后申请登记。因此I和II正确，选A；在政府工作或与当地人结婚本身不等于自动取得公民权。（答案纸参考：F4，第224页。）
Bahasa Melayu: Kewarganegaraan boleh diperoleh melalui kuat kuasa undang-undang atau permohonan pendaftaran mengikut syarat. Bekerja dengan kerajaan atau berkahwin sahaja bukan kelayakan automatik, maka I dan II, iaitu A. Rujukan skema: Tingkatan 4, m.s. 224."
F4 Chp 9,radio,JohorSegamatSet_Q18,A,B,C,D,A,Johor Segamat Set 1/Picture18.png,"中文：1957年公民权取得方式包括依法取得、登记和归化Naturalisasi。归化让符合规定条件的申请人取得公民权，因此X是A。（答案纸参考：F4，第224页。）
Bahasa Melayu: Perjanjian 1957 memperuntukkan kewarganegaraan melalui kuat kuasa undang-undang, pendaftaran dan naturalisasi. Naturalisasi melibatkan permohonan mengikut syarat yang ditetapkan, maka X ialah A. Rujukan skema: Tingkatan 4, m.s. 224."
F4 Chp 9,radio,JohorSegamatSet_Q18,A,B,C,D,D,Johor Segamat Set 2/Picture18.png,"中文：委员会审阅各方意见书，并考虑多族群社会的需求，使宪法适合国家实际情况。因此III和IV正确，选D。（答案纸参考：F4，第222页。）
Bahasa Melayu: Suruhanjaya meneliti memorandum pelbagai pihak dan mempertimbangkan isu masyarakat berbilang kaum. Langkah ini membentuk asas perlembagaan yang sesuai, maka III dan IV, iaitu D. Rujukan skema: Tingkatan 4, m.s. 222."
F4 Chp 9,radio,Kedah_Q18,A,B,C,D,A,Kedah/Picture18.png,"中文：Reid委员会的职权包括保护马来君主地位及建立强大中央政府，因此I、II正确。答案纸参考：F4第220页。
Bahasa Melayu: Terma rujukan Suruhanjaya Reid termasuk melindungi kedudukan Raja-raja Melayu dan mewujudkan kerajaan pusat kuat, maka I dan II betul. Rujukan skema: T4 ms.220."
F4 Chp 9,radio,Kelantan_Q18,A,B,C,D,A,Kelantan/Picture18.png,"中文：1956年2月20日Tunku在Banda Hilir向民众宣布1957年8月31日独立，传播伦敦谈判成果。 答案纸参考：F4第219页。
Bahasa Melayu: Pada 20 Februari 1956, Tunku mengumumkan tarikh merdeka 31 Ogos 1957 di Banda Hilir selepas kejayaan rundingan London. Rujukan skema: T4 ms.219."
F4 Chp 9,radio,KualaLumpur_Q18,A,B,C,D,B,Kuala Lumpur/Picture18.png,"中文：Reid委员会收集各方意见，起草适合独立国家的宪法。 答案纸参考：F4第220页。
Bahasa Melayu: Suruhanjaya Reid menerima pandangan pelbagai pihak dan merangka perlembagaan bagi negara merdeka. Rujukan skema: T4 ms.220."
F4 Chp 9,radio,Melaka_Q18,A,B,C,D,C,Melaka/Picture18.png,"中文：1957年协议设依法自动取得及提出申请取得公民权的途径，故II、III正确。 答案纸参考：F4第224页。
Bahasa Melayu: Perjanjian 1957 menyediakan kewarganegaraan secara kuat kuasa undang-undang dan permohonan; II dan III betul. Rujukan skema: T4 ms.224."
F4 Chp 9,radio,Mrsm_Q18,A,B,C,D,C,MRSM/Picture18.png,"中文：Reid委员会获指示建立单一共同公民身份，作为独立国家人民团结的基础。 答案纸参考：F4第220页。
Bahasa Melayu: Suruhanjaya Reid ditugaskan mewujudkan satu bentuk kewarganegaraan sebagai asas rakyat negara merdeka. Rujukan skema: T4 ms.220."
F4 Chp 9,radio,N_Q18,A,B,C,D,A,N9/Picture18.png,"中文：1957年协议确立伊斯兰为联邦宗教并保留马来人的特殊地位，所以I、II正确。 答案纸参考：F4第225页。
Bahasa Melayu: Perjanjian 1957 menetapkan Islam sebagai agama Persekutuan dan mengekalkan kedudukan istimewa orang Melayu; I dan II betul. Rujukan skema: T4 ms.225."
F4 Chp 9,radio,Pahang_Q18,A,B,C,D,B,Pahang/Picture18.png,"中文：B：代表团利用海上旅程的时间讨论谈判策略，使各方在抵达伦敦前协调立场与要求。答案纸参考：F4第217页。
Bahasa Melayu: B: Perjalanan laut memberi masa kepada rombongan untuk membincangkan strategi dan menyelaraskan tuntutan sebelum rundingan kemerdekaan di London. Rujukan skema: T4 ms. 217."
F4 Chp 9,radio,Perak_Q18,A,B,C,D,B,Perak/Picture18.png,"中文：1957年协议确立独立国家的宪政制度，让本地人民拥有自行治理国家的权利。答案纸参考：F4，第224页。
Bahasa Melayu: Perjanjian Persekutuan Tanah Melayu 1957 menetapkan asas perlembagaan negara merdeka dan membolehkan rakyat tempatan mentadbir negara sendiri. Rujukan skema: F4, halaman 224."
F4 Chp 9,radio,Perlis_Q18,A,B,C,D,C,Perlis/Picture18.png,"中文：1957年协议确立伊斯兰教为联邦宗教，并保障马来人的特殊地位，同时保留其他族群的合法利益，所以II和III正确。答案纸参考：F4，第224至225页。
Bahasa Melayu: Perjanjian 1957 menetapkan Islam sebagai agama Persekutuan dan menjamin kedudukan istimewa orang Melayu serta kepentingan sah kaum lain. Maka II dan III tepat. Rujukan skema: F4, halaman 224–225."
F4 Chp 9,radio,PulauPinang_Q18,A,B,C,D,D,Pulau Pinang/Picture18.png,"中文：课本以马来人作为马来亚原有居民的历史地位解释特殊地位，同时宪法也保障其他族群的合法利益。答案纸参考：F4，第225页。
Bahasa Melayu: Kedudukan istimewa orang Melayu berkaitan kedudukan mereka sebagai penduduk asal Tanah Melayu, di samping kepentingan sah kaum lain turut dijamin. Rujukan skema: F4, halaman 225."
F4 Chp 9,radio,PutrajayaSet_Q18,A,B,C,D,C,Putrajaya set 1/Picture18.png,"中文：马来统治者建议从统治者中选出一位联邦国家领导，成为后来国家元首制度的基础。答案纸参考：F4，第222页。
Bahasa Melayu: Memorandum Raja-raja Melayu mencadangkan pelantikan seorang ketua negara daripada kalangan raja sebagai asas institusi YDPA. Rujukan skema: F4, halaman 222."
F4 Chp 9,radio,PutrajayaSet_Q18,A,B,C,D,B,Putrajaya set 2/Picture18.png,"中文：海上行程提供时间让统治者与联盟代表商量并统一谈判策略，抵达伦敦时以共同立场进行协商。答案纸参考：F4，第217页。
Bahasa Melayu: Perjalanan laut memberi masa kepada wakil Raja-raja dan Perikatan untuk menyusun strategi serta menyelaraskan pendirian sebelum rundingan London. Rujukan skema: F4, halaman 217."
F4 Chp 9,radio,Sabah_Q18,A,B,C,D,B,Sabah/Picture18.png,"中文：B：制宪委员会负责起草独立国家的宪法，包括联邦结构及中央与州的权力分配。
Bahasa Melayu: B: Suruhanjaya merangka perlembagaan negara merdeka, termasuk bentuk Persekutuan dan pembahagian kuasa antara kerajaan pusat dengan negeri."
F4 Chp 9,radio,Sabk_Q18,A,B,C,D,A,SABK/Picture18.png,"中文：国家元首从马来统治者中选出是联邦宪法规定，并不代表统治者拥有不受约束的绝对权力。答案纸参考：F4，第224页。
Bahasa Melayu: Pemilihan YDPA daripada Raja-raja Melayu termaktub dalam Perlembagaan Persekutuan dan tidak bermaksud raja berkuasa mutlak. Rujukan skema: F4, halaman 224."
F4 Chp 9,radio,SarawakSibu_Q18,A,B,C,D,C,Sarawak Sibu/Picture18.png,"中文：C（II、III）：1957年协议维持马来人的特殊地位，并规定伊斯兰为联邦宗教。【答案纸参考：224-225；书页内容待逐页确认。】
Bahasa Melayu: C (II dan III): Perjanjian 1957 mengekalkan kedudukan istimewa orang Melayu dan menetapkan Islam sebagai agama Persekutuan. [Rujukan skema: 224-225; kandungan halaman buku belum disahkan satu demi satu.]"
F4 Chp 9,radio,Sbp_Q18,A,B,C,D,D,SBP/Picture18.png,"中文：D：马来统治者的备忘录建议由Yang di-Pertuan Agong担任国家元首，保留君主制度。【答案纸参考：222；书页内容待逐页确认。】
Bahasa Melayu: D: Memorandum Raja-raja Melayu mencadangkan Yang di-Pertuan Agong sebagai Ketua Negara bagi mengekalkan institusi beraja. [Rujukan skema: 222; kandungan halaman buku belum disahkan satu demi satu.]"
F4 Chp 9,radio,Selangor_Q18,A,B,C,D,C,Selangor/Picture18.png,"中文：C（II、III）：委员会参考条款要求强大的中央政府，同时保护马来统治者地位。【答案纸参考：B9T4M220；书页内容待逐页确认。】
Bahasa Melayu: C (II dan III): Terma rujukan suruhanjaya merangkumi pembentukan kerajaan pusat yang kuat dan perlindungan kedudukan Raja-raja Melayu. [Rujukan skema: B9T4M220; kandungan halaman buku belum disahkan satu demi satu.]"
F4 Chp 9,radio,Smka_Q18,A,B,C,D,C,SMKA/Picture18.png,"中文：C：备忘录要求国家元首除维护马来人的特殊地位，也保障其他族群的合法利益。【答案纸参考：T4 Hal.222；书页内容待逐页确认。】
Bahasa Melayu: C: Memorandum menghendaki Ketua Negara memelihara kedudukan istimewa orang Melayu serta menjaga kepentingan sah kaum lain. [Rujukan skema: T4 Hal.222; kandungan halaman buku belum disahkan satu demi satu.]"
F4 Chp 9,radio,Terengganu_Q18,A,B,C,D,B,Terengganu/Picture18.png,"中文：B：Parti Negara通过举办大会反对过于宽松的公民条件，表达对宪法草案的立场。【答案纸参考：BAB 9- MS 223；书页内容待逐页确认。】
Bahasa Melayu: B: Parti Negara menganjurkan kongres untuk menyuarakan bantahan terhadap syarat kewarganegaraan yang dianggap terlalu longgar. [Rujukan skema: BAB 9- MS 223; kandungan halaman buku belum disahkan satu demi satu.]"
F4 Chp 9,radio,Pahang_Q19,A,B,C,D,D,Pahang/Picture19.png,"中文：D：宪法委员会负责拟定独立国家宪法，同时保障统治者的地位，所以III及IV符合职责。答案纸参考：F4第220页。
Bahasa Melayu: D: Suruhanjaya merangka perlembagaan negara merdeka dan melindungi kedudukan institusi beraja. Oleh itu, III dan IV menepati peranannya. Rujukan skema: T4 ms. 220."
F4 Chp 9,radio,SarawakSibu_Q19,A,B,C,D,C,Sarawak Sibu/Picture19.png,"中文：C：Reid委员会的主要任务是起草独立国家宪法，包括联邦结构和中央与州的权限。【答案纸参考：220；书页内容待逐页确认。】
Bahasa Melayu: C: Tugas utama Suruhanjaya Reid ialah merangka perlembagaan negara merdeka, termasuk struktur Persekutuan dan pembahagian kuasa. [Rujukan skema: 220; kandungan halaman buku belum disahkan satu demi satu.]"
F5 Chp 1,radio,SarawakSibu_Q20,A,B,C,D,A,Sarawak Sibu/Picture20.png,"中文：A：传统主权以国王的最高统治权为核心，不是国际组织对国家的承认。【答案纸参考：6；书页内容待逐页确认。】
Bahasa Melayu: A: Kedaulatan tradisional berpusat pada kuasa tertinggi raja dalam pentadbiran, bukan pengiktirafan badan antarabangsa. [Rujukan skema: 6; kandungan halaman buku belum disahkan satu demi satu.]"
F5 Chp 1,radio,JohorBahru_Q21,A,B,C,D,B,Johor Bahru/Picture21.png,"中文：联邦由多个州联合组成，1957年马来亚联邦与1963年马来西亚联邦都体现州的结合，选B。（答案纸参考：F5，第6页。）
Bahasa Melayu: Persekutuan terbentuk melalui penggabungan beberapa negeri, seperti Persekutuan Tanah Melayu 1957 dan Persekutuan Malaysia 1963, maka B tepat. Rujukan skema: Tingkatan 5, m.s. 6."
F5 Chp 1,radio,JohorKulaiSet_Q21,A,B,C,D,C,Johor Kulai Set 1/Picture21.png,"中文：现代主权国家以州的联合形成联邦，中央与州按宪法分配权力，因此选C。（答案纸参考：F5，第6页。）
Bahasa Melayu: Kedaulatan moden negara terbentuk melalui penggabungan negeri dalam sebuah persekutuan dengan pembahagian kuasa menurut perlembagaan, maka C tepat. Rujukan skema: Tingkatan 5, m.s. 6."
F5 Chp 1,radio,JohorKulaiSet_Q21,A,B,C,D,A,Johor Kulai Set 2/Picture21.png,"中文：Aristotle 把主权理解为国家政府的最高权力，选A；宗教力量与归属感不是这里的定义。（答案纸参考：F5，第4页。）
Bahasa Melayu: Aristotle melihat kedaulatan sebagai kuasa tertinggi dalam pemerintahan sesebuah negara, maka A tepat. Rujukan skema: Tingkatan 5, m.s. 4."
F5 Chp 1,radio,JohorMuar_Q21,A,B,C,D,A,Johor Muar/Picture21.png,"中文：按照本课本的术语分类，题目中的希腊语主权对应supernuus或superanus，意思是崇高或最高，强调独立国家的最高权力。因此选A；Sovereignty对应英语，Daulah对应阿拉伯语。（答案纸参考：F5，第4页。）
Bahasa Melayu: Mengikut pengelasan istilah dalam buku teks, bahasa Yunani dikaitkan dengan supernuus atau superanus yang bermaksud agung atau tertinggi. Sovereignty merujuk bahasa Inggeris dan daulah bahasa Arab, maka A tepat. Rujukan skema: Tingkatan 5, m.s. 4."
F5 Chp 1,radio,JohorPasirGudang_Q21,A,B,C,D,A,Johor Pasir Gudang/Picture21.png,"中文：议会民主让人民通过选举选出代表和政府，参与国家治理，体现人民意愿。法治强调遵守法律，属于另一角度，所以选A。（答案纸参考：F5，第8页。）
Bahasa Melayu: Demokrasi Berparlimen membolehkan rakyat memilih wakil dan kerajaan melalui pilihan raya. Penglibatan rakyat dalam pemerintahan memperkukuh kedaulatan negara, maka A tepat. Rujukan skema: Tingkatan 5, m.s. 8."
F5 Chp 1,radio,JohorSegamatSet_Q21,A,B,C,D,C,Johor Segamat Set 1/Picture21.png,"中文：阿拉伯语Daulah意指一个国家的统治权力。课本不同语言定义应分别记忆，因此选C。（答案纸参考：F5，第4页。）
Bahasa Melayu: Daulah dalam bahasa Arab merujuk kuasa pemerintahan sesebuah negara atau kerajaan. Oleh itu, C tepat mengikut takrif dalam buku teks. Rujukan skema: Tingkatan 5, m.s. 4."
F5 Chp 1,radio,JohorSegamatSet_Q21,A,B,C,D,D,Johor Segamat Set 2/Picture21.png,"中文：各种语言的主权定义都强调国家统治的最高权力，国家能够自主决定治理事务。因此共同点是D。（答案纸参考：F5，第4页。）
Bahasa Melayu: Takrif kedaulatan dalam pelbagai bahasa menekankan kuasa pemerintahan yang tertinggi dan kebebasan negara mentadbir. Oleh itu, D tepat. Rujukan skema: Tingkatan 5, m.s. 4."
F5 Chp 1,radio,Kedah_Q21,A,B,C,D,C,Kedah/Picture21.png,"中文：Ibnu Khaldun把主权理解为建立在民族团结精神上的国家力量与权力，故选C。答案纸参考：F5第5页。
Bahasa Melayu: Ibnu Khaldun mentafsir kedaulatan sebagai kekuatan dan kekuasaan negara berasaskan semangat kekitaan bangsanya, C. Rujukan skema: T5 ms.5."
F5 Chp 1,radio,Kelantan_Q21,A,B,C,D,A,Kelantan/Picture21.png,"中文：传统主权以君主为最高权力中心，体现君主对臣民和国家的统治权。 答案纸参考：F5第6页。
Bahasa Melayu: Kedaulatan tradisional berpusat pada raja yang memiliki kuasa tertinggi terhadap rakyat dan negara. Rujukan skema: T5 ms.6."
F5 Chp 1,radio,KualaLumpur_Q21,A,B,C,D,B,Kuala Lumpur/Picture21.png,"中文：以民族共同归属精神为国家力量基础的主权定义出自Ibnu Khaldun。 答案纸参考：F5第5页。
Bahasa Melayu: Tafsiran kedaulatan berasaskan kekuatan semangat kekitaan bangsa diberikan oleh Ibnu Khaldun. Rujukan skema: T5 ms.5."
F5 Chp 1,radio,Melaka_Q21,A,B,C,D,C,Melaka/Picture21.png,"中文：联合国承认体现国际主权，表明国家在国际社会具有独立地位。 答案纸参考：F5第7页。
Bahasa Melayu: Pengiktirafan PBB menunjukkan kedaulatan antarabangsa dan kedudukan bebas negara dalam masyarakat dunia. Rujukan skema: T5 ms.7."
F5 Chp 1,radio,Mrsm_Q21,A,B,C,D,C,MRSM/Picture21.png,"中文：经济繁荣政策扩大就业与收入、提高生活条件，最终提升人民生活水平。 答案纸参考：F5第10页。
Bahasa Melayu: Dasar kemakmuran ekonomi menambah pekerjaan, pendapatan dan kesejahteraan untuk meningkatkan taraf hidup rakyat. Rujukan skema: T5 ms.10."
F5 Chp 1,radio,N_Q21,A,B,C,D,D,N9/Picture21.png,"中文：课本把传统及国际主权列为主权类型；边界和民主是相关概念，但不是题中正式类型名称。 答案纸参考：F5第6–7页。
Bahasa Melayu: Kedaulatan tradisional dan antarabangsa ialah jenis dalam buku teks; sempadan dan demokrasi bukan nama jenis dalam senarai ini. Rujukan skema: T5 ms.6–7."
F5 Chp 1,radio,Pahang_Q21,A,B,C,D,B,Pahang/Picture21.png,"中文：B：传统主权强调统治者拥有最高或绝对权力；法律主权、国际主权与现代民族国家主权则是其他类别。答案纸参考：F5第6页。
Bahasa Melayu: B: Kedaulatan tradisional dikaitkan dengan kuasa tertinggi atau mutlak pemerintah. Kedaulatan undang-undang, antarabangsa dan moden ialah jenis yang berbeza. Rujukan skema: T5 ms. 6."
F5 Chp 1,radio,Perak_Q21,A,B,C,D,C,Perak/Picture21.png,"中文：马六甲统治者通过有效治理及王权权威获得人民效忠；统治者与人民之间的关系是传统主权的重要基础。答案纸参考：F5，第6页。
Bahasa Melayu: Pemerintah Melaka mengukuhkan kesetiaan rakyat melalui pemerintahan dan kewibawaan raja. Hubungan pemerintah dengan rakyat menjadi asas kedaulatan tradisional. Rujukan skema: F5, halaman 6."
F5 Chp 1,radio,Perlis_Q21,A,B,C,D,A,Perlis/Picture21.png,"中文：主权的核心意思是最高权力，国家有权独立治理自身事务；它不是指统治者不受任何约束。答案纸参考：F5，第4页。
Bahasa Melayu: Kedaulatan bermaksud kekuasaan tertinggi yang membolehkan negara menguruskan hal ehwalnya sendiri, bukan kekebalan pemerintah tanpa batas. Rujukan skema: F5, halaman 4."
F5 Chp 1,radio,PulauPinang_Q21,A,B,C,D,B,Pulau Pinang/Picture21.png,"中文：传统daulat概念强化统治者地位并促使人民效忠，因此I和IV最直接符合这一政治概念。答案纸参考：F5，第6页。
Bahasa Melayu: Konsep daulat memperkukuh kedudukan raja dan kesetiaan rakyat terhadapnya. Oleh itu, I dan IV paling langsung menepati konsep tersebut. Rujukan skema: F5, halaman 6."
F5 Chp 1,radio,PutrajayaSet_Q21,A,B,C,D,D,Putrajaya set 1/Picture21.png,"中文：课本列出传统、现代、法律及国际主权四类，因此图中X是国际主权。答案纸参考：F5，第7页。
Bahasa Melayu: Empat jenis kedaulatan dalam buku teks ialah tradisional, moden, undang-undang dan antarabangsa. Maka X ialah kedaulatan antarabangsa. Rujukan skema: F5, halaman 7."
F5 Chp 1,radio,PutrajayaSet_Q21,A,B,C,D,C,Putrajaya set 2/Picture21.png,"中文：人民效忠并承认统治者权力，强化马六甲的传统主权；国会及国家原则属于之后的现代制度。答案纸参考：F5，第6页。
Bahasa Melayu: Taat setia golongan diperintah mengukuhkan kedaulatan raja Melaka. Dewan Negara dan Rukun Negara berkaitan sistem moden yang muncul kemudian. Rujukan skema: F5, halaman 6."
F5 Chp 1,radio,Sabah_Q21,A,B,C,D,A,Sabah/Picture21.png,"中文：A：传统主权建立在国王拥有最高行政权力；国际承认则属于国际主权概念。
Bahasa Melayu: A: Kedaulatan tradisional berasaskan kuasa tertinggi raja dalam pemerintahan, manakala pengiktirafan antarabangsa berkaitan kedaulatan antarabangsa."
F5 Chp 1,radio,Sabk_Q21,A,B,C,D,D,SABK/Picture21.png,"中文：主权保障政府不受外来干预地治理，并可通过教育培养有知识的下一代，分别符合行政效率及社会福祉，因此D正确。答案纸参考：F5，第10至11页。
Bahasa Melayu: Kedaulatan membolehkan pentadbiran tanpa campur tangan asing dan pembangunan pendidikan untuk melahirkan generasi berilmu. Kedua-dua padanan dalam D tepat. Rujukan skema: F5, halaman 10–11."
F5 Chp 1,radio,SarawakSibu_Q21,A,B,C,D,C,Sarawak Sibu/Picture21.png,"中文：题库及答案纸写C，但按课本应为A（I、II）：系统化政府及明确边界都是主权国家特征。“多元族群”并非所有主权国家必备条件。【答案纸参考：8-9；书页内容待逐页确认。】
Bahasa Melayu: Kunci dan skema mencatat C, tetapi buku teks menyokong A (I dan II): pemerintahan sistematik dan sempadan jelas ialah ciri negara berdaulat. Rakyat berbilang kaum bukan syarat wajib setiap negara berdaulat. [Rujukan skema: 8-9; kandungan halaman buku belum disahkan satu demi satu.]"
F5 Chp 1,radio,Sbp_Q21,A,B,C,D,C,SBP/Picture21.png,"中文：C：主权意味着国家独立自由，拥有最高统治权，并能自主处理内政与外交。【答案纸参考：4；书页内容待逐页确认。】
Bahasa Melayu: C: Kedaulatan bermaksud negara yang bebas dan merdeka, mempunyai kuasa tertinggi serta berhak mengurus hal ehwalnya sendiri. [Rujukan skema: 4; kandungan halaman buku belum disahkan satu demi satu.]"
F5 Chp 1,radio,Selangor_Q21,A,B,C,D,B,Selangor/Picture21.png,"中文：B：传统主权强调国王拥有最高统治权，王权是该概念的核心。【答案纸参考：B1T5M6；书页内容待逐页确认。】
Bahasa Melayu: B: Kedaulatan tradisional menekankan kekuasaan tertinggi raja sebagai teras pemerintahan. [Rujukan skema: B1T5M6; kandungan halaman buku belum disahkan satu demi satu.]"
F5 Chp 1,radio,Smka_Q21,A,B,C,D,C,SMKA/Picture21.png,"中文：C：拥有自己的政府、能够自主治理而不受外国控制，是主权国家的重要特征。【答案纸参考：T5   Hal.4；书页内容待逐页确认。】
Bahasa Melayu: C: Negara berdaulat mempunyai pemerintahan sendiri dan berhak mentadbir tanpa dikawal oleh kuasa asing. [Rujukan skema: T5   Hal.4; kandungan halaman buku belum disahkan satu demi satu.]"
F5 Chp 1,radio,Terengganu_Q21,A,B,C,D,A,Terengganu/Picture21.png,"中文：A：传统主权强调国王在治理中的最高权力，而不是国际组织的承认。【答案纸参考：BAB 1- MS 6；书页内容待逐页确认。】
Bahasa Melayu: A: Kedaulatan tradisional merujuk kuasa tertinggi raja dalam pemerintahan, bukan pengiktirafan badan antarabangsa. [Rujukan skema: BAB 1- MS 6; kandungan halaman buku belum disahkan satu demi satu.]"
F5 Chp 1,radio,JohorBahru_Q22,A,B,C,D,C,Johor Bahru/Picture22.png,"中文：国家原则、体育与文化活动提供共同价值及交流平台，主要目的为增强不同族群的团结，选C。（答案纸参考：F5，第11页。）
Bahasa Melayu: Rukun Negara, sukan dan kebudayaan memupuk nilai bersama serta hubungan antara kaum untuk mengukuhkan perpaduan, maka C tepat. Rujukan skema: Tingkatan 5, m.s. 11."
F5 Chp 1,radio,JohorKulaiSet_Q22,A,B,C,D,A,Johor Kulai Set 1/Picture22.png,"中文：有效的行政使政府能制定及落实政策、维护稳定与主权，符合答案A；会议是提高行政效能的方式。（答案纸参考：F5，第10页。）
Bahasa Melayu: Pentadbiran yang berkesan membolehkan kerajaan menggubal dan melaksanakan dasar serta menjaga kestabilan dan kedaulatan negara, selaras dengan A. Rujukan skema: Tingkatan 5, m.s. 10."
F5 Chp 1,radio,JohorKulaiSet_Q22,A,B,C,D,C,Johor Kulai Set 2/Picture22.png,"中文：主权让政府自主推行社会政策，保障人民生活与族群关系，因此缺少的项目为 kesejahteraan sosial，选C。（答案纸参考：F5，第10-11页。）
Bahasa Melayu: Kedaulatan membolehkan kerajaan melaksanakan dasar sosial untuk kesejahteraan rakyat; X ialah kesejahteraan sosial, maka C tepat. Rujukan skema: Tingkatan 5, m.s. 10-11."
F5 Chp 1,radio,JohorMuar_Q22,A,B,C,D,C,Johor Muar/Picture22.png,"中文：主权让国家自主制定政策并在国际上获得承认，从而提升国家形象与地位。因此建立主权国家的重要性是提高国家形象，选C。（答案纸参考：F5，第11页。）
Bahasa Melayu: Kedaulatan membolehkan negara mentadbir secara bebas serta mendapat pengiktirafan antarabangsa. Keadaan ini meningkatkan imej dan kedudukan negara, maka C tepat. Rujukan skema: Tingkatan 5, m.s. 11."
F5 Chp 1,radio,JohorPasirGudang_Q22,A,B,C,D,D,Johor Pasir Gudang/Picture22.png,"中文：人民配合发展政策、勤奋工作并参与经济活动，有助提升生产与国家繁荣。题目问人民保障经济繁荣的行动，所以选D。（答案纸参考：F5，第12页。）
Bahasa Melayu: Rakyat boleh membantu pembangunan melalui kerjasama, usaha produktif dan penyertaan dalam kegiatan ekonomi. Tindakan ini menjamin kemakmuran negara, maka D tepat. Rujukan skema: Tingkatan 5, m.s. 12."
F5 Chp 1,radio,JohorSegamatSet_Q22,A,B,C,D,D,Johor Segamat Set 1/Picture22.png,"中文：经济发展政策推动就业、生产与生活改善，让独立后的主权转化为人民福祉。因此政府提升生活水平的主要措施是D。（答案纸参考：F5，第10页。）
Bahasa Melayu: Dasar pembangunan ekonomi menggalakkan pengeluaran, pekerjaan dan peningkatan pendapatan rakyat. Dasar ini membantu memajukan negara serta taraf hidup selepas merdeka, maka D tepat. Rujukan skema: Tingkatan 5, m.s. 10."
F5 Chp 1,radio,JohorSegamatSet_Q22,A,B,C,D,A,Johor Segamat Set 2/Picture22.png,"中文：内阁负责拟定及执行国家行政政策，在主权保障下不受外来干涉。题目强调有效实施行政政策，所以对应Jemaah Menteri，选A。（答案纸参考：F5，第10页。）
Bahasa Melayu: Jemaah Menteri menggubal dan melaksanakan dasar pentadbiran negara. Kedaulatan membolehkan dasar dilaksanakan tanpa campur tangan luar, maka A sesuai. Rujukan skema: Tingkatan 5, m.s. 10."
F5 Chp 1,radio,Kedah_Q22,A,B,C,D,A,Kedah/Picture22.png,"中文：主权国家具有政府、法律、边界及人民；人民接受法律和政府管理并组成国家社会。答案纸参考：F5第8–9页。
Bahasa Melayu: Negara berdaulat mempunyai pemerintahan, perundangan, sempadan dan rakyat; rakyat membentuk masyarakat serta tertakluk pada undang-undang negara. Rujukan skema: T5 ms.8–9."
F5 Chp 1,radio,Kelantan_Q22,A,B,C,D,C,Kelantan/Picture22.png,"中文：国家获得联合国等国际组织承认，体现国际主权，而非传统或法律主权。 答案纸参考：F5第7页。
Bahasa Melayu: Pengiktirafan negara oleh PBB menunjukkan kedaulatan antarabangsa, bukan kedaulatan tradisional atau undang-undang. Rujukan skema: T5 ms.7."
F5 Chp 1,radio,KualaLumpur_Q22,A,B,C,D,B,Kuala Lumpur/Picture22.png,"中文：尊重彼此宗教文化及使用国语能促进交流与共同认同，所以I、IV正确。 答案纸参考：F5第12–13页。
Bahasa Melayu: Menghormati agama dan budaya serta menggunakan bahasa kebangsaan menggalakkan interaksi dan identiti bersama; I dan IV betul. Rujukan skema: T5 ms.12–13."
F5 Chp 1,radio,Melaka_Q22,A,B,C,D,A,Melaka/Picture22.png,"中文：有系统的行政及明确边界使国家能管理人民和领土，所以I、II正确；受他国保护不是主权特征。 答案纸参考：F5第8–9页。
Bahasa Melayu: Pentadbiran sistematik dan sempadan jelas membolehkan negara mengurus rakyat serta wilayah; I dan II betul, bukan naungan negara lain. Rujukan skema: T5 ms.8–9."
F5 Chp 1,radio,Mrsm_Q22,A,B,C,D,D,MRSM/Picture22.png,"中文：政府更新军事装备，人民加入安全部队，共同加强国防，因此D配对正确。 答案纸参考：F5第15页。
Bahasa Melayu: Pemerintah memodenkan aset ketenteraan dan rakyat menganggotai pasukan keselamatan untuk memperkukuh pertahanan; pasangan D betul. Rujukan skema: T5 ms.15."
F5 Chp 1,radio,N_Q22,A,B,C,D,A,N9/Picture22.png,"中文：领袖更新军事装备及签订防务协议，提高防御能力和安全合作，所以I、II正确。 答案纸参考：F5第15页。
Bahasa Melayu: Pemimpin memodenkan aset ketenteraan serta mengadakan perjanjian pertahanan untuk meningkatkan keupayaan dan kerjasama keselamatan; I dan II betul. Rujukan skema: T5 ms.15."
F5 Chp 1,radio,Pahang_Q22,A,B,C,D,D,Pahang/Picture22.png,"中文：D：尊重国家象征和促进种族合作能培养共同认同并保护主权，因此III与IV正确；个人利益不应凌驾国家利益。答案纸参考：F5第12、14页。
Bahasa Melayu: D: Menghormati lambang negara dan memupuk kerjasama kaum mengukuhkan identiti serta kedaulatan negara. III dan IV tepat; kepentingan peribadi tidak mengatasi kepentingan negara. Rujukan skema: T5 ms. 12, 14."
F5 Chp 1,radio,Perak_Q22,A,B,C,D,A,Perak/Picture22.png,"中文：主权国家具有有组织的政府与明确疆界，所以I和II正确。多元族群不是每个主权国家必有的条件，制定法律也不是法官的主要职能。答案纸参考：F5，第8至9页。
Bahasa Melayu: Negara berdaulat mempunyai pemerintahan yang teratur dan sempadan yang jelas, maka I dan II tepat. Kepelbagaian kaum bukan syarat semua negara, manakala hakim bukan pihak utama menggubal undang-undang. Rujukan skema: F5, halaman 8–9."
F5 Chp 1,radio,Perlis_Q22,A,B,C,D,C,Perlis/Picture22.png,"中文：政府、法律、人民及疆界构成主权国家的基本特征，因此X是疆界，说明国家行使权力的地域。答案纸参考：F5，第8页。
Bahasa Melayu: Pemerintahan, perundangan, rakyat dan sempadan ialah ciri negara berdaulat. X ialah sempadan yang menentukan kawasan kuasa negara. Rujukan skema: F5, halaman 8."
F5 Chp 1,radio,PulauPinang_Q22,A,B,C,D,C,Pulau Pinang/Picture22.png,"中文：军事装备现代化提高防卫能力，让安全部队更有效应对威胁；单靠确定边界不会提升作战能力。答案纸参考：F5，第15页。
Bahasa Melayu: Pemodenan aset ketenteraan meningkatkan keupayaan pasukan mempertahankan negara dan menghadapi ancaman keselamatan. Rujukan skema: F5, halaman 15."
F5 Chp 1,radio,PutrajayaSet_Q22,A,B,C,D,B,Putrajaya set 1/Picture22.png,"中文：高效行政促进政治稳定，公平分配财富促进经济繁荣及社会信任，故I和IV符合题目列出的两项目标。答案纸参考：F5，第12页。
Bahasa Melayu: Pentadbiran cekap menyokong kestabilan politik, manakala pengagihan kekayaan yang adil menyokong kemakmuran ekonomi. Maka I dan IV tepat. Rujukan skema: F5, halaman 12."
F5 Chp 1,radio,PutrajayaSet_Q22,A,B,C,D,B,Putrajaya set 2/Picture22.png,"中文：尊重国徽、国歌及国旗培养对国家的归属、忠诚及自豪感，直接强化爱国精神。答案纸参考：F5，第14页。
Bahasa Melayu: Menghormati jata, lagu dan bendera negara membina rasa bangga, kesetiaan serta cinta akan negara, lalu mengukuhkan patriotisme. Rujukan skema: F5, halaman 14."
F5 Chp 1,radio,Sabah_Q22,A,B,C,D,A,Sabah/Picture22.png,"中文：A：非联邦马来州通过Majlis Negeri制定各州法律，保留州级法律机制。
Bahasa Melayu: A: Undang-undang Negeri-negeri Melayu Tidak Bersekutu digubal melalui Majlis Negeri."
F5 Chp 1,radio,Sabk_Q22,A,B,C,D,C,SABK/Picture22.png,"中文：国家文化政策促进共同文化认同，并与整合及团结活动一起加强各族联系。答案纸参考：F5，第13页。
Bahasa Melayu: Dasar berkaitan kebudayaan membina identiti bersama serta melengkapi integrasi nasional dan kempen perpaduan. Rujukan skema: F5, halaman 13."
F5 Chp 1,radio,Sbp_Q22,A,B,C,D,A,SBP/Picture22.png,"中文：A：经济繁荣政策发展生产及就业，让人民获得收入，最终提高生活水平。【答案纸参考：10；书页内容待逐页确认。】
Bahasa Melayu: A: Dasar kemakmuran ekonomi mengembangkan kegiatan ekonomi dan peluang pekerjaan untuk meningkatkan pendapatan serta taraf hidup rakyat. [Rujukan skema: 10; kandungan halaman buku belum disahkan satu demi satu.]"
F5 Chp 1,radio,Selangor_Q22,A,B,C,D,A,Selangor/Picture22.png,"中文：A：更新军事资产直接提升国防能力，使军队能更有效保护国家主权。【答案纸参考：B1T5M15；书页内容待逐页确认。】
Bahasa Melayu: A: Pemodenan aset ketenteraan memperkukuh keupayaan pertahanan untuk melindungi kedaulatan negara. [Rujukan skema: B1T5M15; kandungan halaman buku belum disahkan satu demi satu.]"
F5 Chp 1,radio,Smka_Q22,A,B,C,D,A,SMKA/Picture22.png,"中文：A：现代化军事装备直接提升国防能力，让军队更有效保护主权与安全。【答案纸参考：T5  Hal.15；书页内容待逐页确认。】
Bahasa Melayu: A: Pemodenan aset ketenteraan meningkatkan keupayaan pertahanan untuk melindungi keselamatan dan kedaulatan negara. [Rujukan skema: T5  Hal.15; kandungan halaman buku belum disahkan satu demi satu.]"
F5 Chp 1,radio,Terengganu_Q22,A,B,C,D,C,Terengganu/Picture22.png,"中文：题库及答案纸写C，但按课本应为A（I、II）：系统化政府及明确边界是主权国家特征。“多元族群”不是必备条件，受外国保护亦非主权特征。【答案纸参考：BAB 1- MS 8 & 9；书页内容待逐页确认。】
Bahasa Melayu: Kunci dan skema mencatat C, tetapi buku teks menyokong A (I dan II): pemerintahan sistematik dan sempadan jelas ialah ciri negara berdaulat. Rakyat berbilang kaum bukan syarat wajib, manakala naungan asing bukan ciri kedaulatan. [Rujukan skema: BAB 1- MS 8 & 9; kandungan halaman buku belum disahkan satu demi satu.]"
F5 Chp 10,radio,JohorBahru_Q39,A,B,C,D,D,Johor Bahru/Picture39.png,"中文：CGM 向 Gaza 居民提供人道援助；课本列出的项目包括医疗援助，所以四项中选D，而非派军队。（答案纸参考：F5，第234页。）
Bahasa Melayu: CGM menyalurkan bantuan kemanusiaan kepada penduduk Gaza; projek dalam buku teks merangkumi bantuan perubatan, maka D tepat, bukannya penghantaran tentera. Rujukan skema: Tingkatan 5, m.s. 234."
F5 Chp 10,radio,JohorKulaiSet_Q39,A,B,C,D,C,Johor Kulai Set 1/Picture39.png,"中文：人民可通过食品援助及捐款基金支持受难的巴勒斯坦居民；II、III属于人道援助，对应C。（答案纸参考：F5，第235页。）
Bahasa Melayu: Rakyat membantu penduduk Palestin melalui bantuan makanan dan tabung sumbangan; II dan III merupakan bantuan kemanusiaan, memberikan C. Rujukan skema: Tingkatan 5, m.s. 235."
F5 Chp 10,radio,JohorKulaiSet_Q39,A,B,C,D,B,Johor Kulai Set 2/Picture39.png,"中文：Aman Palestin 与 CGM 提供福利援助，CGM 项目亦包括 Quran 学习，I、IV对应B，参与安全部队不是这些援助的内容。（答案纸参考：F5，第234页。）
Bahasa Melayu: Aman Palestin menyalurkan bantuan kebajikan dan projek CGM turut merangkumi pengajian al-Quran; I dan IV memberikan B, bukan penyertaan pasukan keselamatan. Rujukan skema: Tingkatan 5, m.s. 234."
F5 Chp 10,radio,JohorMuar_Q39,A,B,C,D,C,Johor Muar/Picture39.png,"中文：Freedom Flotilla向巴勒斯坦运送食物与医疗物资，但参与者面对以色列拦截及扣押船只的危险。题目问任务遭遇的挑战，因此选C。（答案纸参考：F5，第234页。）
Bahasa Melayu: Misi Freedom Flotilla membawa makanan dan bantuan perubatan ke Palestin. Cabaran yang dihadapi termasuk kapal ditawan oleh pihak Israel, maka C tepat. Rujukan skema: Tingkatan 5, m.s. 234."
F5 Chp 10,radio,JohorPasirGudang_Q39,A,B,C,D,D,Johor Pasir Gudang/Picture39.png,"中文：马来西亚支持巴勒斯坦人民权利，反对以色列政权的残酷行动，强调人道和公正。因此题目所问促使马来西亚争取公义的因素是D。（答案纸参考：F5，第234页。）
Bahasa Melayu: Malaysia mempertahankan hak rakyat Palestin atas prinsip kemanusiaan dan keadilan serta menentang kekejaman rejim Zionis Israel. Oleh itu, D tepat. Rujukan skema: Tingkatan 5, m.s. 234."
F5 Chp 10,radio,JohorSegamatSet_Q39,A,B,C,D,A,Johor Segamat Set 1/Picture39.png,"中文：课本描述Aman Palestin于2006年正式成立，以有组织和持续方式向巴勒斯坦人民提供援助及转交公众捐款。因此按题目所给历史资料选A。（答案纸参考：F5，第234页。）
Bahasa Melayu: Menurut maklumat sejarah dalam buku teks, Aman Palestin ditubuhkan secara rasmi pada tahun 2006 untuk menyalurkan bantuan secara kolektif, sistematik dan berterusan kepada rakyat Palestin. Oleh itu, A tepat dalam konteks soalan. Rujukan skema: Tingkatan 5, m.s. 234."
F5 Chp 10,radio,JohorSegamatSet_Q39,A,B,C,D,D,Johor Segamat Set 2/Picture39.png,"中文：向战争及灾害受害者提供援助，体现关心他人苦难、愿意协助的Prihatin精神。因此选D。（答案纸参考：F5，第237页。）
Bahasa Melayu: Penglibatan dalam bantuan Palestin, Syria dan Aceh menunjukkan keprihatinan terhadap penderitaan mangsa perang serta bencana. Oleh itu, nilai yang paling sesuai ialah D. Rujukan skema: Tingkatan 5, m.s. 237."
F5 Chp 10,radio,Kedah_Q39,A,B,C,D,A,Kedah/Picture39.png,"中文：Lusaka宣言表达不结盟国家推动禁止核武器的承诺，符合马来西亚支持和平的立场。答案纸参考：F5第213页。
Bahasa Melayu: Perisytiharan Lusaka menyatakan iltizam NAM mendesak pengharaman senjata nuklear, selaras pendirian keamanan Malaysia. Rujukan skema: T5 ms.213."
F5 Chp 10,radio,Kelantan_Q39,A,B,C,D,B,Kelantan/Picture39.png,"中文：东盟高级官员会议讨论毒品问题，协调成员国防止滥用与跨境贩运。 答案纸参考：F5第226页。
Bahasa Melayu: Mesyuarat pegawai kanan ASEAN membincangkan dadah untuk menyelaraskan pencegahan penyalahgunaan dan pengedaran rentas sempadan. Rujukan skema: T5 ms.226."
F5 Chp 10,radio,KualaLumpur_Q39,A,B,C,D,C,Kuala Lumpur/Picture39.png,"中文：马来西亚固定马币汇率以减少汇率波动、稳定经济，并采取资本管制应对金融危机。 答案纸参考：F5第232页。
Bahasa Melayu: Malaysia menambat kadar pertukaran ringgit untuk mengurangkan turun naik dan menstabilkan ekonomi, bersama kawalan modal ketika krisis. Rujukan skema: T5 ms.232."
F5 Chp 10,radio,Melaka_Q39,A,B,C,D,C,Melaka/Picture39.png,"中文：马来西亚以谈判、论坛等外交手段处理Spratly争议，启示和平解决分歧的重要性。 答案纸参考：F5第229页。
Bahasa Melayu: Malaysia menggunakan rundingan dan forum diplomatik bagi tuntutan Spratly, menunjukkan kepentingan penyelesaian pertikaian secara aman. Rujukan skema: T5 ms.229."
F5 Chp 10,radio,Mrsm_Q39,A,B,C,D,B,MRSM/Picture39.png,"中文：持续健康检查有助及早发现HIV感染并安排治疗与预防，是支持减少AIDS的措施。 答案纸参考：F5第229页。
Bahasa Melayu: Pemeriksaan kesihatan berterusan membantu pengesanan HIV awal serta rawatan dan pencegahan untuk mengurangkan AIDS. Rujukan skema: T5 ms.229."
F5 Chp 10,radio,N_Q39,A,B,C,D,B,N9/Picture39.png,"中文：AFTA通过降低贸易壁垒增加区域贸易与投资，强化东盟经济合作。 答案纸参考：F5第230页。
Bahasa Melayu: AFTA mengurangkan halangan perdagangan untuk meningkatkan perdagangan, pelaburan dan kerjasama ekonomi ASEAN. Rujukan skema: T5 ms.230."
F5 Chp 10,radio,Perak_Q39,A,B,C,D,C,Perak/Picture39.png,"中文：南沙群岛接近重要海上贸易路线，并具有战略位置，因此II和III是争议的重要原因。答案纸参考：F5，第227页。
Bahasa Melayu: Kepulauan Spratly berdekatan laluan perdagangan penting dan mempunyai kedudukan geostrategik, maka II dan III menjelaskan kepentingannya. Rujukan skema: F5, halaman 227."
F5 Chp 10,radio,Perlis_Q39,A,B,C,D,A,Perlis/Picture39.png,"中文：疆界与领土主张重叠涉及多个国家，需要外交及国际合作处理，是我国面对的全球议题之一。答案纸参考：F5，第227页。
Bahasa Melayu: Pertindihan sempadan dan tuntutan wilayah melibatkan beberapa negara serta memerlukan diplomasi dan kerjasama antarabangsa. Rujukan skema: F5, halaman 227."
F5 Chp 10,radio,PulauPinang_Q39,A,B,C,D,A,Pulau Pinang/Picture39.png,"中文：政府通过相关反贩卖人口法律及执法行动，调查、检控犯罪并保护受害者；取消所有旅游签证并非对应措施。答案纸参考：F5，第229页。
Bahasa Melayu: Kerajaan menguatkuasakan undang-undang antipemerdagangan orang untuk menyiasat, mendakwa penjenayah dan melindungi mangsa. Rujukan skema: F5, halaman 229."
F5 Chp 10,radio,PutrajayaSet_Q39,A,B,C,D,C,Putrajaya set 1/Picture39.png,"中文：课本在援助巴勒斯坦的NGO名单中列出Muslim Care Malaysia，因此C符合本题课本分类；其他机构也可能参与人道援助，不能据此断言从未支援巴勒斯坦。课本参考：F5，第234页。
Bahasa Melayu: Muslim Care Malaysia disenaraikan oleh buku teks sebagai NGO membantu Palestin, maka C menepati pengelasan soalan. Ini tidak bermaksud organisasi lain tidak pernah memberi bantuan kemanusiaan. Rujukan buku teks: F5, halaman 234."
F5 Chp 10,radio,PutrajayaSet_Q39,A,B,C,D,C,Putrajaya set 2/Picture39.png,"中文：课本把反棕油运动与植物油市场竞争联系起来：棕油与大豆油竞争，影响其他生产国的经济利益。答案纸参考：F5，第228页。
Bahasa Melayu: Buku teks mengaitkan kempen antiminyak sawit dengan persaingan pasaran minyak sayuran, khususnya minyak sawit yang menyaingi minyak kacang soya. Rujukan skema: F5, halaman 228."
F5 Chp 10,radio,Sabah_Q39,A,B,C,D,B,Sabah/Picture39.png,"中文：B：推广中庸价值，强调和平、包容和相互尊重，可反驳把伊斯兰与暴力等负面形象相连的指责。
Bahasa Melayu: B: Nilai kesederhanaan menekankan keamanan, toleransi dan saling menghormati untuk menangkis tohmahan bahawa Islam dikaitkan dengan keganasan serta kemunduran."
F5 Chp 10,radio,Sbp_Q39,A,B,C,D,D,SBP/Picture39.png,"中文：D：课本把经济繁荣列为人口贩运活动利用马来西亚的因素之一；繁荣经济带来就业吸引力与人员流动。【答案纸参考：229；书页内容待逐页确认。】
Bahasa Melayu: D: Buku teks mengaitkan kemakmuran ekonomi Malaysia dengan kegiatan pemerdagangan orang kerana peluang pekerjaan dan pergerakan manusia dimanfaatkan oleh sindiket. [Rujukan skema: 229; kandungan halaman buku belum disahkan satu demi satu.]"
F5 Chp 10,radio,Selangor_Q39,A,B,C,D,A,Selangor/Picture39.png,"中文：A：货币投机使马币承压并影响金融市场，是1997—1998年经济危机的重要因素。【答案纸参考：B10T5M232；书页内容待逐页确认。】
Bahasa Melayu: A: Spekulasi mata wang memberi tekanan terhadap ringgit dan pasaran kewangan, lalu menjadi faktor utama krisis 1997–1998. [Rujukan skema: B10T5M232; kandungan halaman buku belum disahkan satu demi satu.]"
F5 Chp 10,radio,Smka_Q39,A,B,C,D,C,SMKA/Picture39.png,"中文：C：INCEIF培养伊斯兰金融专业人才及发展相关教育，支持伊斯兰金融体系扩展。【答案纸参考：T5 Hal.232；书页内容待逐页确认。】
Bahasa Melayu: C: INCEIF menyediakan pendidikan dan melahirkan tenaga pakar untuk menyokong perkembangan kewangan Islam. [Rujukan skema: T5 Hal.232; kandungan halaman buku belum disahkan satu demi satu.]"
F5 Chp 10,radio,Terengganu_Q39,A,B,C,D,C,Terengganu/Picture39.png,"中文：C：Spratly靠近重要海上贸易路线，具有地缘战略位置，因此引发主权争夺。【答案纸参考：BAB 10- MS 227；书页内容待逐页确认。】
Bahasa Melayu: C: Kepulauan Spratly terletak berhampiran laluan perdagangan laut penting dan mempunyai kedudukan geostrategik yang menjadi rebutan. [Rujukan skema: BAB 10- MS 227; kandungan halaman buku belum disahkan satu demi satu.]"
F5 Chp 10,radio,JohorBahru_Q40,A,B,C,D,C,Johor Bahru/Picture40.png,"中文：区域合作、无核区及粮食安全分别保障稳定、安全和基本生活需要，共同目标是人民福祉，选C。（答案纸参考：F5，第242页。）
Bahasa Melayu: Kerjasama serantau, zon bebas nuklear dan keselamatan makanan menjamin kestabilan, keselamatan serta keperluan hidup untuk kesejahteraan rakyat, maka C tepat. Rujukan skema: Tingkatan 5, m.s. 242."
F5 Chp 10,radio,JohorKulaiSet_Q40,A,B,C,D,A,Johor Kulai Set 1/Picture40.png,"中文：东南亚连接重要海上通道并靠近大国战略区域，使其受大国核武与安全竞争影响，选A。（答案纸参考：F5，第244页。）
Bahasa Melayu: Kedudukan Asia Tenggara pada laluan dan kawasan strategik menyebabkan rantau ini terlibat dalam persaingan keselamatan serta senjata nuklear kuasa besar, maka A tepat. Rujukan skema: Tingkatan 5, m.s. 244."
F5 Chp 10,radio,JohorKulaiSet_Q40,A,B,C,D,A,Johor Kulai Set 2/Picture40.png,"中文：东南亚无核区禁止有关核武活动，包括测试与使用，以降低军备竞争和核威胁，选A；和平核研究与核武须区分。（答案纸参考：F5，第244页。）
Bahasa Melayu: Zon bebas nuklear melarang kegiatan senjata nuklear termasuk ujian dan penggunaan untuk mengurangkan ancaman, maka A tepat; penyelidikan nuklear aman berbeza daripada senjata nuklear. Rujukan skema: Tingkatan 5, m.s. 244."
F5 Chp 10,radio,JohorMuar_Q40,A,B,C,D,B,Johor Muar/Picture40.png,"中文：Langkawi奖表扬马来西亚公民对环境保护所作的重要贡献，鼓励维护生态并让下一代继承良好环境。因此选B。（答案纸参考：F5，第238页。）
Bahasa Melayu: Anugerah Langkawi menghargai warganegara Malaysia yang memberikan sumbangan besar dalam bidang alam sekitar. Pengiktirafan ini menggalakkan pemeliharaan alam dan kelestarian untuk generasi akan datang, maka B tepat. Rujukan skema: Tingkatan 5, m.s. 238."
F5 Chp 10,radio,JohorPasirGudang_Q40,A,B,C,D,A,Johor Pasir Gudang/Picture40.png,"中文：东盟粮食储备在危机、灾害或供应不足时提供应急粮食，保障人民基本需要。因此重点是紧急情况下使用，选A。（答案纸第234页与粮食安全内容不对应，未采用该页码。）
Bahasa Melayu: Rizab makanan ASEAN menyediakan bekalan yang boleh digunakan ketika kecemasan, bencana atau kekurangan makanan. Tujuannya menjamin keperluan makanan, maka A tepat. Halaman 234 dalam skema tidak sepadan dengan topik sekuriti makanan, maka rujukan halaman itu tidak digunakan."
F5 Chp 10,radio,JohorSegamatSet_Q40,A,B,C,D,C,Johor Segamat Set 1/Picture40.png,"中文：东盟共同体、无核区及粮食安全分别促进合作、安全和基本生活保障，共同目标是人民福祉。因此最全面的答案是C。（答案纸参考：F5，第242-244页。）
Bahasa Melayu: Komuniti ASEAN, zon bebas nuklear dan keselamatan makanan menyokong kerjasama, keamanan serta keperluan asas rakyat. Matlamat menyeluruhnya ialah kesejahteraan rakyat, maka C tepat. Rujukan skema: Tingkatan 5, m.s. 242-244."
F5 Chp 10,radio,JohorSegamatSet_Q40,A,B,C,D,C,Johor Segamat Set 2/Picture40.png,"中文：否决权集中在少数大国手中，可能阻止对国际和平有益的决议。马来西亚反对滥用这种权力，推动更公平的决策，因此选C。（答案纸参考：F5，第244页。）
Bahasa Melayu: Kuasa veto boleh disalahgunakan oleh kuasa besar untuk menyekat keputusan yang penting bagi masyarakat antarabangsa. Malaysia mahu mengurangkan penyalahgunaan kuasa dan meningkatkan keadilan, maka C tepat. Rujukan skema: Tingkatan 5, m.s. 244."
F5 Chp 10,radio,Kedah_Q40,A,B,C,D,C,Kedah/Picture40.png,"中文：AFTA降低成员间商品关税，减少贸易成本并促进东盟区域贸易与经济。答案纸参考：F5第230页。
Bahasa Melayu: AFTA mengurangkan tarif barangan antara anggota, menurunkan kos perdagangan dan menggalakkan ekonomi serantau ASEAN. Rujukan skema: T5 ms.230."
F5 Chp 10,radio,Kelantan_Q40,A,B,C,D,B,Kelantan/Picture40.png,"中文：Agenda 21是管理人类活动、促进可持续发展的行动方案，兼顾发展与环境保护。 答案纸参考：F5第239页。
Bahasa Melayu: Agenda 21 ialah pelan tindakan mengurus aktiviti manusia untuk pembangunan mampan dengan menyeimbangkan pembangunan dan perlindungan alam. Rujukan skema: T5 ms.239."
F5 Chp 10,radio,KualaLumpur_Q40,A,B,C,D,B,Kuala Lumpur/Picture40.png,"中文：Agenda 21强调可持续发展，Kyoto Protocol减少温室气体排放，两者都针对环境可持续性。 答案纸参考：F5第239页。
Bahasa Melayu: Agenda 21 menekankan pembangunan mampan dan Protokol Kyoto mengurangkan pelepasan gas rumah hijau; kedua-duanya menjaga kelestarian alam. Rujukan skema: T5 ms.239."
F5 Chp 10,radio,Melaka_Q40,A,B,C,D,B,Melaka/Picture40.png,"中文：东盟共同体促进区域经济增长及安全合作，故I、IV正确，不以统一货币为目标。 答案纸参考：F5第242页。
Bahasa Melayu: Komuniti ASEAN menggalakkan pertumbuhan ekonomi dan keselamatan serantau; I dan IV betul, bukan penetapan mata wang tunggal. Rujukan skema: T5 ms.242."
F5 Chp 10,radio,Mrsm_Q40,A,B,C,D,B,MRSM/Picture40.png,"中文：东盟紧急稻米储备在天灾及供应短缺时提供粮食援助，保障粮食安全。 答案纸参考：F5第242–243页。
Bahasa Melayu: Simpanan Beras Kecemasan ASEAN menyediakan bantuan ketika bencana atau kekurangan bekalan untuk menjamin keselamatan makanan. Rujukan skema: T5 ms.242–243."
F5 Chp 10,radio,N_Q40,A,B,C,D,D,N9/Picture40.png,"中文：Yayasan Restu在Aceh提供免费教育和建设孤儿院，协助受灾儿童恢复生活，故III、IV正确。 答案纸参考：F5第237页。
Bahasa Melayu: Yayasan Restu menyediakan pendidikan percuma dan membangunkan rumah anak yatim di Aceh untuk membantu kanak-kanak terjejas; III dan IV betul. Rujukan skema: T5 ms.237."
F5 Chp 10,radio,Pahang_Q40,A,B,C,D,A,Pahang/Picture40.png,"中文：A：Langkawi奖项表扬个人或机构对环保的贡献，鼓励社会持续保护自然环境。答案纸参考：F5第238页。
Bahasa Melayu: A: Anugerah Langkawi menghargai sumbangan individu atau organisasi dalam pemeliharaan alam sekitar dan menggalakkan usaha tersebut diteruskan. Rujukan skema: T5 ms. 238."
F5 Chp 10,radio,Perak_Q40,A,B,C,D,D,Perak/Picture40.png,"中文：东盟自由贸易区降低成员国之间的货物关税，促进区域贸易及经济合作。答案纸参考：F5，第230页。
Bahasa Melayu: AFTA mengurangkan tarif barangan antara negara anggota ASEAN untuk meningkatkan perdagangan dan kerjasama ekonomi serantau. Rujukan skema: F5, halaman 230."
F5 Chp 10,radio,Perlis_Q40,A,B,C,D,D,Perlis/Picture40.png,"中文：课本把京都议定书及相关环保会议与减少温室气体、鼓励太阳能等新能源联系起来，因此D符合课本重点。课本参考：F5，第239页。
Bahasa Melayu: Buku teks mengaitkan Protokol Kyoto dan persidangan alam sekitar dengan pengurangan gas rumah hijau serta galakan tenaga baharu seperti solar. Oleh itu, D menepati fokus buku teks. Rujukan buku teks: F5, halaman 239."
F5 Chp 10,radio,PulauPinang_Q40,A,B,C,D,B,Pulau Pinang/Picture40.png,"中文：马来西亚主张南极属于全人类共同遗产，并交由联合国管理，避免少数国家独占，所以I和IV正确。答案纸参考：F5，第240页。
Bahasa Melayu: Malaysia mencadangkan Antartika sebagai warisan manusia sejagat dan ditadbir PBB supaya tidak dimonopoli beberapa negara. Maka I dan IV tepat. Rujukan skema: F5, halaman 240."
F5 Chp 10,radio,PutrajayaSet_Q40,A,B,C,D,D,Putrajaya set 1/Picture40.png,"中文：东盟粮食安全储备建立紧急稻米库存，在成员国供应受影响时提供支援，重点是粮食保障而非剩余销售。答案纸参考：F5，第243页。
Bahasa Melayu: Rizab Sekuriti Makanan ASEAN membentuk Simpanan Beras Kecemasan untuk membantu negara anggota ketika bekalan makanan terjejas. Rujukan skema: F5, halaman 243."
F5 Chp 10,radio,PutrajayaSet_Q40,A,B,C,D,D,Putrajaya set 2/Picture40.png,"中文：减少温室气体及环境破坏有助维持生态，让下一代仍享有良好环境，这是环保国际合作的长远目标。答案纸参考：F5，第239页。
Bahasa Melayu: Mengurangkan gas rumah hijau dan kemerosotan ekosistem memastikan alam sekitar dapat diwariskan kepada generasi baharu. Rujukan skema: F5, halaman 239."
F5 Chp 10,radio,Sabah_Q40,A,B,C,D,C,Sabah/Picture40.png,"中文：C：Spratly附近位于重要海上贸易路线，具有战略及经济价值，因此被多个国家争夺。
Bahasa Melayu: C: Kepulauan Spratly mempunyai kepentingan strategik kerana berhampiran laluan perdagangan laut utama, lalu menjadi rebutan beberapa negara."
F5 Chp 10,radio,Sabk_Q40,A,B,C,D,C,SABK/Picture40.png,"中文：AFTA减少东盟成员之间的贸易障碍与关税，扩大货物交易，因此主要目的是促进贸易。答案纸参考：F5，第230页。
Bahasa Melayu: AFTA mengurangkan halangan dan tarif perdagangan antara anggota ASEAN untuk memajukan perdagangan serantau. Rujukan skema: F5, halaman 230."
F5 Chp 10,radio,SarawakSibu_Q40,A,B,C,D,B,Sarawak Sibu/Picture40.png,"中文：B：Anugerah Langkawi表扬个人或组织对环境保护的贡献，鼓励爱护自然。【答案纸参考：238；书页内容待逐页确认。】
Bahasa Melayu: B: Anugerah Langkawi menghargai sumbangan individu atau organisasi dalam pemeliharaan alam sekitar. [Rujukan skema: 238; kandungan halaman buku belum disahkan satu demi satu.]"
F5 Chp 10,radio,Sbp_Q40,A,B,C,D,C,SBP/Picture40.png,"中文：C：马来西亚固定马币兑美元汇率，并控制资本流动，以稳定1997—1998年危机中的金融及经济。【答案纸参考：232；书页内容待逐页确认。】
Bahasa Melayu: C: Malaysia menambat kadar pertukaran ringgit kepada dolar Amerika Syarikat dan mengawal aliran modal untuk menstabilkan kewangan semasa krisis 1997–1998. [Rujukan skema: 232; kandungan halaman buku belum disahkan satu demi satu.]"
F5 Chp 10,radio,Selangor_Q40,A,B,C,D,D,Selangor/Picture40.png,"中文：D（III、IV）：Agenda 21推动可持续发展，着重饥饿与贫穷问题及生态系统恶化。【答案纸参考：B10T5M239；书页内容待逐页确认。】
Bahasa Melayu: D (III dan IV): Agenda 21 menumpukan pembangunan lestari, termasuk penyelesaian kebuluran serta pemulihan kemerosotan ekosistem. [Rujukan skema: B10T5M239; kandungan halaman buku belum disahkan satu demi satu.]"
F5 Chp 10,radio,Smka_Q40,A,B,C,D,D,SMKA/Picture40.png,"中文：D：相关法令提供法律机制，打击人口贩运及偷运移民，并保护受害者。【答案纸参考：T5 Hal.245；书页内容待逐页确认。】
Bahasa Melayu: D: Akta Antipemerdagangan Orang dan Antipenyeludupan Migran menyediakan tindakan undang-undang untuk membanteras kegiatan tersebut serta melindungi mangsa. [Rujukan skema: T5 Hal.245; kandungan halaman buku belum disahkan satu demi satu.]"
F5 Chp 10,radio,Terengganu_Q40,A,B,C,D,D,Terengganu/Picture40.png,"中文：D：推动新能源及较洁净能源，减少对高排放化石燃料的依赖，有助降低温室气体排放。【答案纸参考：BAB 10- MS 239；书页内容待逐页确认。】
Bahasa Melayu: D: Penggunaan tenaga baharu dan lebih bersih mengurangkan pergantungan pada bahan api fosil serta membantu mengurangkan pelepasan gas rumah hijau. [Rujukan skema: BAB 10- MS 239; kandungan halaman buku belum disahkan satu demi satu.]"
F5 Chp 2,radio,SarawakSibu_Q22,A,B,C,D,D,Sarawak Sibu/Picture22.png,"中文：D：宪法规定国家治理原则、机构及权力范围，确定行政方向并防止滥权。【答案纸参考：22；书页内容待逐页确认。】
Bahasa Melayu: D: Perlembagaan menetapkan prinsip, institusi dan bidang kuasa pemerintahan untuk menentukan hala tuju negara serta mengelakkan penyalahgunaan kuasa. [Rujukan skema: 22; kandungan halaman buku belum disahkan satu demi satu.]"
F5 Chp 2,radio,JohorBahru_Q23,A,B,C,D,A,Johor Bahru/Picture23.png,"中文：课本把独立后实行的 Westminster 制度与成文宪法联系起来；I、II对应A，口头法律及划定边界并非这里的特征。（答案纸参考：F5，第27页。）
Bahasa Melayu: Model Westminster yang dilaksanakan selepas merdeka berasaskan perlembagaan bertulis; I dan II memberikan A, bukannya undang-undang lisan atau penetapan sempadan. Rujukan skema: Tingkatan 5, m.s. 27."
F5 Chp 2,radio,JohorKulaiSet_Q23,A,B,C,D,D,Johor Kulai Set 1/Picture23.png,"中文：Perak 州议会讨论并制定州内行政相关法律，是本国成文法律发展的阶段，选D。（答案纸参考：F5，第25页。）
Bahasa Melayu: Majlis Negeri Perak membincangkan dan menggubal undang-undang berkaitan pentadbiran negeri, maka D tepat. Rujukan skema: Tingkatan 5, m.s. 25."
F5 Chp 2,radio,JohorKulaiSet_Q23,A,B,C,D,B,Johor Kulai Set 2/Picture23.png,"中文：1957年宪制的重要要求是为联邦居民建立共同的公民资格，适用于同一国家的人民，选B。（答案纸参考：F5，第27页。）
Bahasa Melayu: Salah satu terma rujukan utama ialah mewujudkan kewarganegaraan yang sama bagi penduduk Persekutuan, maka B tepat. Rujukan skema: Tingkatan 5, m.s. 27."
F5 Chp 2,radio,JohorMuar_Q23,A,B,C,D,B,Johor Muar/Picture23.png,"中文：第二份Charter of Justice于1826年把新加坡、马六甲和槟城的法院结合。题目中缺少的阶段属于这次司法制度发展，所以选B。（答案纸参考：F5，第24页。）
Bahasa Melayu: Charter of Justice kedua pada tahun 1826 menyatukan mahkamah di Singapura, Melaka dan Pulau Pinang. Oleh itu, peristiwa X merujuk perkembangan tersebut, maka B betul. Rujukan skema: Tingkatan 5, m.s. 24."
F5 Chp 2,radio,JohorPasirGudang_Q23,A,B,C,D,D,Johor Pasir Gudang/Picture23.png,"中文：1948年联合邦协定包含行政、马来统治者权力、立法以及公民权等内容。题目所缺的主要项目是公民权，选D。（答案纸参考：F5，第26页。）
Bahasa Melayu: Perjanjian Persekutuan Tanah Melayu 1948 merangkumi pentadbiran, kuasa Raja-raja Melayu, perundangan dan kewarganegaraan. Oleh itu, X ialah D. Rujukan skema: Tingkatan 5, m.s. 26."
F5 Chp 2,radio,JohorSegamatSet_Q23,A,B,C,D,B,Johor Segamat Set 1/Picture23.png,"中文：里德委员会负责草拟1957年联邦宪法，并审阅各方意见书。联盟党和统治者提交意见，但不是该委员会本身，所以选B。（答案纸参考：F5，第27页。）
Bahasa Melayu: Suruhanjaya Reid menggubal draf Perlembagaan Persekutuan Tanah Melayu 1957 dengan meneliti memorandum pelbagai pihak. Oleh itu, B tepat. Rujukan skema: Tingkatan 5, m.s. 27."
F5 Chp 2,radio,JohorSegamatSet_Q23,A,B,C,D,C,Johor Segamat Set 2/Picture23.png,"中文：课本把马来联邦各州的立法机构列为Majlis Persekutuan。题目要区分不同州属制度的机关名称，因此选C。（答案纸参考：F5，第26页。）
Bahasa Melayu: Dalam perkembangan perundangan, Negeri-negeri Melayu Bersekutu dikaitkan dengan Majlis Persekutuan sebagai badan menggubal undang-undang. Oleh itu, C tepat. Rujukan skema: Tingkatan 5, m.s. 26."
F5 Chp 2,radio,Kedah_Q23,A,B,C,D,A,Kedah/Picture23.png,"中文：Charter of Justice旨在保护海峡殖民地居民，建立法律与司法保障，故按答案选A。答案纸参考：F5第23–24页。
Bahasa Melayu: Charter of Justice diperkenalkan untuk melindungi penduduk di Negeri-negeri Selat melalui sistem undang-undang dan kehakiman, maka A mengikut skema. Rujukan skema: T5 ms.23–24."
F5 Chp 2,radio,Kelantan_Q23,A,B,C,D,D,Kelantan/Picture23.png,"中文：宪法规定政府结构、权限和基本原则，为国家治理确定方向。 答案纸参考：F5第20页。
Bahasa Melayu: Perlembagaan menetapkan struktur, kuasa dan prinsip pemerintahan, lalu menentukan hala tuju pentadbiran negara. Rujukan skema: T5 ms.20."
F5 Chp 2,radio,KualaLumpur_Q23,A,B,C,D,D,Kuala Lumpur/Picture23.png,"中文：Sarawak的Majlis Negeri由首席秘书主持，并依据Sarawak宪法取得职权。 答案纸参考：F5第24页。
Bahasa Melayu: Majlis Negeri Sarawak dipengerusikan Ketua Setiausaha dan mendapat kuasa daripada Perlembagaan Sarawak. Rujukan skema: T5 ms.24."
F5 Chp 2,radio,Melaka_Q23,A,B,C,D,C,Melaka/Picture23.png,"中文：传统法律规范统治职责与行为，为君主治理国家提供指南。 答案纸参考：F5第22页。
Bahasa Melayu: Undang-undang tradisional mengatur tanggungjawab pemerintahan dan menjadi panduan raja mentadbir negara. Rujukan skema: T5 ms.22."
F5 Chp 2,radio,Mrsm_Q23,A,B,C,D,C,MRSM/Picture23.png,"中文：法律为统治者提供治理指南并保护居民，使行政和司法有规范，因此II、III正确。 答案纸参考：F5第22–24页。
Bahasa Melayu: Undang-undang menjadi panduan pemerintah dan melindungi penduduk melalui peraturan pentadbiran serta kehakiman; II dan III betul. Rujukan skema: T5 ms.22–24."
F5 Chp 2,radio,N_Q23,A,B,C,D,A,N9/Picture23.png,"中文：Charter of Justice设立司法保障以保护海峡殖民地居民，因此按题意选A。 答案纸参考：F5第24页。
Bahasa Melayu: Charter of Justice menyediakan perlindungan kehakiman untuk penduduk Negeri-negeri Selat, maka A menepati soalan. Rujukan skema: T5 ms.24."
F5 Chp 2,radio,Pahang_Q23,A,B,C,D,C,Pahang/Picture23.png,"中文：C：议会民主让人民通过选举选出代表，由获得多数支持的政党组成政府。答案纸参考：F5第29页。
Bahasa Melayu: C: Demokrasi Berparlimen memberi rakyat hak memilih wakil melalui pilihan raya. Parti yang mendapat sokongan majoriti membentuk kerajaan. Rujukan skema: T5 ms. 29."
F5 Chp 2,radio,Perak_Q23,A,B,C,D,C,Perak/Picture23.png,"中文：Charter of Justice建立司法制度，旨在保障当地居民免受不公与压迫；并不是把所有原有法律一律废除。答案纸参考：F5，第24页。
Bahasa Melayu: Charter of Justice mewujudkan sistem kehakiman untuk melindungi penduduk asal daripada ketidakadilan dan penindasan, bukan menghapuskan semua undang-undang sedia ada. Rujukan skema: F5, halaman 24."
F5 Chp 2,radio,Perlis_Q23,A,B,C,D,D,Perlis/Picture23.png,"中文：Charter of Justice通过司法制度保护海峡殖民地居民，避免不公与压迫；它并不是针对共产党或民族主义运动。答案纸参考：F5，第24页。
Bahasa Melayu: Charter of Justice diperkenalkan untuk melindungi penduduk Negeri-negeri Selat daripada penindasan melalui sistem kehakiman, bukan untuk membendung komunis. Rujukan skema: F5, halaman 24."
F5 Chp 2,radio,PulauPinang_Q23,A,B,C,D,D,Pulau Pinang/Picture23.png,"中文：Charter of Justice建立司法制度以保护居民免受压迫；其设立时间早于后来共产主义暴力活动。答案纸参考：F5，第24页。
Bahasa Melayu: Charter of Justice mewujudkan sistem kehakiman untuk mengelakkan penindasan penduduk, dan diperkenalkan lebih awal daripada ancaman komunis. Rujukan skema: F5, halaman 24."
F5 Chp 2,radio,PutrajayaSet_Q23,A,B,C,D,D,Putrajaya set 1/Picture23.png,"中文：19世纪英国干预并引入西方法律，使马来州原有法律制度出现变化。答案纸参考：F5，第23页。
Bahasa Melayu: Campur tangan British dan pengenalan undang-undang Barat pada abad ke-19 membawa perubahan terhadap undang-undang negeri Melayu. Rujukan skema: F5, halaman 23."
F5 Chp 2,radio,PutrajayaSet_Q23,A,B,C,D,C,Putrajaya set 2/Picture23.png,"中文：法律规定权力、责任及处罚，是统治者和大臣处理行政与社会事务的指南。答案纸参考：F5，第22页。
Bahasa Melayu: Undang-undang menetapkan kuasa, tanggungjawab dan hukuman sebagai panduan raja serta pembesar menjalankan pemerintahan. Rujukan skema: F5, halaman 22."
F5 Chp 2,radio,Sabah_Q23,A,B,C,D,A,Sabah/Picture23.png,"中文：A：新加坡于1965年退出马来西亚，因此宪法须删除及调整与新加坡有关的条文。
Bahasa Melayu: A: Pemisahan Singapura daripada Malaysia pada 1965 memerlukan pindaan peruntukan perlembagaan yang berkaitan dengan Singapura."
F5 Chp 2,radio,Sabk_Q23,A,B,C,D,D,SABK/Picture23.png,"中文：1948年联邦协议恢复马来统治者主权及权限，是之后联邦宪政发展的重要基础。答案纸参考：F5，第26页。
Bahasa Melayu: Perjanjian PTM 1948 mengembalikan kedaulatan dan kuasa Raja-raja Melayu sebagai asas perkembangan perlembagaan Persekutuan. Rujukan skema: F5, halaman 26."
F5 Chp 2,radio,SarawakSibu_Q23,A,B,C,D,A,Sarawak Sibu/Picture23.png,"中文：A：新加坡于1965年退出马来西亚，导致宪法中涉及新加坡的条文需要修改。【答案纸参考：31；书页内容待逐页确认。】
Bahasa Melayu: A: Pemisahan Singapura pada 1965 menyebabkan peruntukan perlembagaan yang berkaitan dengannya perlu dipinda. [Rujukan skema: 31; kandungan halaman buku belum disahkan satu demi satu.]"
F5 Chp 2,radio,Sbp_Q23,A,B,C,D,D,SBP/Picture23.png,"中文：D：国会属于立法机构，主要负责制定国家法律；它不是选举国家元首的机构。【答案纸参考：25；书页内容待逐页确认。】
Bahasa Melayu: D: Parlimen ialah badan perundangan yang menggubal undang-undang negara. Pemilihan Yang di-Pertuan Agong ialah fungsi Majlis Raja-Raja. [Rujukan skema: 25; kandungan halaman buku belum disahkan satu demi satu.]"
F5 Chp 2,radio,Selangor_Q23,A,B,C,D,D,Selangor/Picture23.png,"中文：D：Charter of Justice设立司法机制，以保护本地居民并避免压迫。【答案纸参考：B2T5M24；书页内容待逐页确认。】
Bahasa Melayu: D: Charter of Justice menyediakan sistem kehakiman untuk melindungi penduduk asal dan mengelakkan penindasan. [Rujukan skema: B2T5M24; kandungan halaman buku belum disahkan satu demi satu.]"
F5 Chp 2,radio,Smka_Q23,A,B,C,D,A,SMKA/Picture23.png,"中文：A：这些州法律继承马六甲苏丹王朝的法律传统，是本地法制延续的例子。【答案纸参考：T5  Hal.22；书页内容待逐页确认。】
Bahasa Melayu: A: Undang-undang negeri tersebut mewarisi tradisi perundangan Kesultanan Melayu Melaka dan menunjukkan kesinambungan sistem tempatan. [Rujukan skema: T5  Hal.22; kandungan halaman buku belum disahkan satu demi satu.]"
F5 Chp 2,radio,Terengganu_Q23,A,B,C,D,A,Terengganu/Picture23.png,"中文：A：Charter of Justice提供司法制度，以保护本地居民免受压迫。【答案纸参考：BAB 2- MS 22；书页内容待逐页确认。】
Bahasa Melayu: A: Charter of Justice menyediakan sistem kehakiman untuk melindungi penduduk asal dan mengelakkan penindasan. [Rujukan skema: BAB 2- MS 22; kandungan halaman buku belum disahkan satu demi satu.]"
F5 Chp 2,radio,JohorBahru_Q24,A,B,C,D,C,Johor Bahru/Picture24.png,"中文：宪法规范政府权力、人民权利及国家行政，提供稳定、公平的规则以保障人民安宁，选C。（答案纸参考：F5，第29页。）
Bahasa Melayu: Perlembagaan menetapkan kuasa kerajaan, hak rakyat dan aturan pentadbiran untuk mengekalkan kestabilan serta kesejahteraan rakyat, maka C tepat. Rujukan skema: Tingkatan 5, m.s. 29."
F5 Chp 2,radio,JohorKulaiSet_Q24,A,B,C,D,C,Johor Kulai Set 1/Picture24.png,"中文：联邦政府、公民制度及议会民主属于现代宪法特征；伊斯兰、马来语及马来人地位属于传统特征，选C。（答案纸参考：F5，第28页。）
Bahasa Melayu: Kerajaan Persekutuan ialah ciri moden, manakala agama Islam, bahasa Melayu dan kedudukan orang Melayu ialah ciri tradisional, maka C tepat. Rujukan skema: Tingkatan 5, m.s. 28."
F5 Chp 2,radio,JohorKulaiSet_Q24,A,B,C,D,B,Johor Kulai Set 2/Picture24.png,"中文：联邦政府是现代宪法特征；马来君主及马来语的地位延续传统制度，所以选B。（答案纸参考：F5，第28-29页。）
Bahasa Melayu: Kerajaan Persekutuan ialah ciri moden, manakala kesultanan dan kedudukan bahasa Melayu ialah ciri tradisional, maka B tepat. Rujukan skema: Tingkatan 5, m.s. 28-29."
F5 Chp 2,radio,JohorMuar_Q24,A,B,C,D,D,Johor Muar/Picture24.png,"中文：联邦宪法的现代特征包括联邦制度、民主政府与公民权。沙巴和砂拉越在加入联邦时享有部分自主权限，体现联邦制度，因此选D。（答案纸参考：F5，第28页。）
Bahasa Melayu: Ciri moden Perlembagaan Persekutuan termasuk sistem persekutuan, demokrasi dan kewarganegaraan. Autonomi tertentu kepada Sabah dan Sarawak mencerminkan sistem persekutuan, maka D tepat. Rujukan skema: Tingkatan 5, m.s. 28."
F5 Chp 2,radio,JohorPasirGudang_Q24,A,B,C,D,C,Johor Pasir Gudang/Picture24.png,"中文：1965年新加坡脱离马来西亚后，宪法修订删除与新加坡相关的条款，以适应新的联邦组成。因此选C。（答案纸参考：F5，第31页。）
Bahasa Melayu: Pindaan Perlembagaan 1965 dibuat selepas pemisahan Singapura daripada Malaysia. Semua perkara berkaitan Singapura dimansuhkan bagi menyesuaikan perlembagaan dengan perubahan tersebut, maka C tepat. Rujukan skema: Tingkatan 5, m.s. 31."
F5 Chp 2,radio,JohorSegamatSet_Q24,A,B,C,D,C,Johor Segamat Set 1/Picture24.png,"中文：国家元首负责维护马来人和沙巴、砂拉越土著的特殊地位，同时保障其他族群的合法利益。这体现宪法保障的平衡，因此选C。（答案纸参考：F5，第29页。）
Bahasa Melayu: Yang di-Pertuan Agong bertanggungjawab memelihara kedudukan istimewa orang Melayu dan bumiputera Sabah serta Sarawak, di samping kepentingan sah kaum lain. Oleh itu, C tepat. Rujukan skema: Tingkatan 5, m.s. 29."
F5 Chp 2,radio,JohorSegamatSet_Q24,A,B,C,D,B,Johor Segamat Set 2/Picture24.png,"中文：宪法保留君主制度、伊斯兰、马来语及马来人特殊地位等传统特征，以延续国家历史与民族遗产。因此选B。（答案纸参考：F5，第28页。）
Bahasa Melayu: Ciri tradisional seperti institusi beraja, agama Islam, bahasa Melayu dan kedudukan istimewa orang Melayu mengekalkan warisan sejarah bangsa. Oleh itu, B tepat. Rujukan skema: Tingkatan 5, m.s. 28."
F5 Chp 2,radio,Kedah_Q24,A,B,C,D,C,Kedah/Picture24.png,"中文：Sabah、Sarawak等区域加入马来西亚，必须修改宪法以配合新联邦结构与行政安排。答案纸参考：F5第30页。
Bahasa Melayu: Penggabungan wilayah seperti Sabah dan Sarawak dalam Malaysia memerlukan pindaan perlembagaan bagi menyesuaikan struktur serta pentadbiran persekutuan. Rujukan skema: T5 ms.30."
F5 Chp 2,radio,Kelantan_Q24,A,B,C,D,D,Kelantan/Picture24.png,"中文：议会民主让人民通过选举代表参与治理，而不是法庭立法或君主直接掌管行政。 答案纸参考：F5第29页。
Bahasa Melayu: Demokrasi Berparlimen membolehkan rakyat terlibat dalam pemerintahan melalui pemilihan wakil, bukan mahkamah menggubal undang-undang. Rujukan skema: T5 ms.29."
F5 Chp 2,radio,KualaLumpur_Q24,A,B,C,D,B,Kuala Lumpur/Picture24.png,"中文：伊斯兰和马来语承继独立前的传统，属宪法传统特征；联邦政府和议会民主属于现代特征。 答案纸参考：F5第29页。
Bahasa Melayu: Islam dan bahasa Melayu ialah ciri tradisional yang diwarisi; kerajaan persekutuan dan Demokrasi Berparlimen ialah ciri moden. Rujukan skema: T5 ms.29."
F5 Chp 2,radio,Melaka_Q24,A,B,C,D,D,Melaka/Picture24.png,"中文：1963年成立马来西亚及1965年新加坡分离改变联邦结构，须修改宪法配合现实需求。 答案纸参考：F5第30–31页。
Bahasa Melayu: Pembentukan Malaysia 1963 dan pemisahan Singapura 1965 mengubah struktur persekutuan, maka perlembagaan dipinda mengikut keperluan semasa. Rujukan skema: T5 ms.30–31."
F5 Chp 2,radio,Mrsm_Q24,A,B,C,D,A,MRSM/Picture24.png,"中文：1965年宪法修改配合新加坡脱离马来西亚，删除或调整涉及新加坡的条文。 答案纸参考：F5第31页。
Bahasa Melayu: Pindaan 1965 berkaitan pemisahan Singapura daripada Malaysia dengan memansuhkan atau menyesuaikan peruntukan mengenainya. Rujukan skema: T5 ms.31."
F5 Chp 2,radio,N_Q24,A,B,C,D,C,N9/Picture24.png,"中文：1963年调整高等法院体系；1965年删除与新加坡有关的移民、国防等条款，C配对正确。 答案纸参考：F5第30–31页。
Bahasa Melayu: Pindaan 1963 mengubah struktur mahkamah atasan; pindaan 1965 memansuhkan perkara berkaitan Singapura seperti imigresen dan pertahanan, maka C betul. Rujukan skema: T5 ms.30–31."
F5 Chp 2,radio,Pahang_Q24,A,B,C,D,A,Pahang/Picture24.png,"中文：A：1963年马来西亚成立，需要把沙巴、砂拉越和新加坡纳入联邦制度，因此修订原1957年宪法。答案纸参考：F5第30页。
Bahasa Melayu: A: Pembentukan Malaysia pada 1963 memerlukan pindaan bagi memasukkan Sabah, Sarawak dan Singapura ke dalam sistem Persekutuan. Rujukan skema: T5 ms. 30."
F5 Chp 2,radio,Perak_Q24,A,B,C,D,A,Perak/Picture24.png,"中文：1963年成立马来西亚及1965年新加坡退出都改变国家组成，因此需要修改宪法，所以I和II正确。答案纸参考：F5，第30至31页。
Bahasa Melayu: Pembentukan Malaysia pada 1963 dan pemisahan Singapura pada 1965 mengubah susunan negara serta memerlukan pindaan Perlembagaan. Maka I dan II tepat. Rujukan skema: F5, halaman 30–31."
F5 Chp 2,radio,Perlis_Q24,A,B,C,D,B,Perlis/Picture24.png,"中文：1965年的宪法修订与新加坡退出马来西亚有关；1963年修订才涉及马来西亚成立。答案纸参考：F5，第30至31页。
Bahasa Melayu: Pindaan Perlembagaan 1965 berkaitan pemisahan Singapura daripada Malaysia, manakala pembentukan Malaysia berkaitan pindaan 1963. Rujukan skema: F5, halaman 30–31."
F5 Chp 2,radio,PulauPinang_Q24,A,B,C,D,C,Pulau Pinang/Picture24.png,"中文：1963年成立马来西亚，国家加入新成员并调整制度，因此宪法必须修订；新加坡退出是1965年的事件。答案纸参考：F5，第30页。
Bahasa Melayu: Pembentukan Malaysia pada 1963 memerlukan pindaan Perlembagaan untuk memasukkan negeri baharu dan menyesuaikan sistem negara. Pemisahan Singapura berlaku pada 1965. Rujukan skema: F5, halaman 30."
F5 Chp 2,radio,PutrajayaSet_Q24,A,B,C,D,C,Putrajaya set 1/Picture24.png,"中文：1948年联邦安排将符合条件的“统治者臣民”与“英国臣民”纳入联邦公民权制度。答案纸参考：F5，第28页。
Bahasa Melayu: Persekutuan Tanah Melayu 1948 memperkenalkan kewarganegaraan Persekutuan melibatkan rakyat Raja dan rakyat British yang memenuhi syarat. Rujukan skema: F5, halaman 28."
F5 Chp 2,radio,PutrajayaSet_Q24,A,B,C,D,B,Putrajaya set 2/Picture24.png,"中文：君主制度及马来人特殊地位是宪法的传统特征；公民权及议会民主属于现代特征，故I和IV正确。答案纸参考：F5，第28至29页。
Bahasa Melayu: Pemerintahan beraja dan kedudukan istimewa orang Melayu ialah ciri tradisional, manakala kewarganegaraan dan demokrasi berparlimen ialah ciri moden. Maka I dan IV tepat. Rujukan skema: F5, halaman 28–29."
F5 Chp 2,radio,Sabah_Q24,A,B,C,D,C,Sabah/Picture24.png,"中文：C：国家元首任命驻外外交官，代表国家处理正式外交事务。
Bahasa Melayu: C: Yang di-Pertuan Agong melantik diplomat ke luar negara untuk mewakili Malaysia dalam hubungan diplomatik rasmi."
F5 Chp 2,radio,Sabk_Q24,A,B,C,D,C,SABK/Picture24.png,"中文：新加坡于1965年退出马来西亚，国家组成改变，东姑提出修改宪法以落实分离。答案纸参考：F5，第31页。
Bahasa Melayu: Pemisahan Singapura pada 1965 mengubah susunan Persekutuan dan memerlukan pindaan Perlembagaan yang diusulkan Tunku. Rujukan skema: F5, halaman 31."
F5 Chp 2,radio,SarawakSibu_Q24,A,B,C,D,D,Sarawak Sibu/Picture24.png,"中文：D：Charter of Justice建立司法安排，目的包括保护居民，避免受到压迫。【答案纸参考：24；书页内容待逐页确认。】
Bahasa Melayu: D: Charter of Justice mewujudkan susunan kehakiman untuk melindungi penduduk dan mengelakkan penindasan. [Rujukan skema: 24; kandungan halaman buku belum disahkan satu demi satu.]"
F5 Chp 2,radio,Sbp_Q24,A,B,C,D,A,SBP/Picture24.png,"中文：A：选举让人民自由选择代表，体现议会民主中人民参与决定政府的原则。【答案纸参考：29；书页内容待逐页确认。】
Bahasa Melayu: A: Pilihan raya membolehkan rakyat bebas memilih wakil pemimpin, selaras dengan penyertaan rakyat dalam sistem Demokrasi Berparlimen. [Rujukan skema: 29; kandungan halaman buku belum disahkan satu demi satu.]"
F5 Chp 2,radio,Selangor_Q24,A,B,C,D,B,Selangor/Picture24.png,"中文：B：1965年新加坡分离，宪法须调整联邦成员及删除涉及新加坡的条文。【答案纸参考：B2T5M31；书页内容待逐页确认。】
Bahasa Melayu: B: Pemisahan Singapura pada 1965 memerlukan perubahan keanggotaan Persekutuan dan peruntukan yang berkaitan dengannya. [Rujukan skema: B2T5M31; kandungan halaman buku belum disahkan satu demi satu.]"
F5 Chp 2,radio,Smka_Q24,A,B,C,D,D,SMKA/Picture24.png,"中文：D：1963年马来西亚成立，宪法须调整联邦成员、行政及相关制度；新加坡分离属于1965年修宪。【答案纸参考：T5 Hal.30；书页内容待逐页确认。】
Bahasa Melayu: D: Pembentukan Malaysia pada 1963 memerlukan pindaan susunan Persekutuan dan pentadbiran. Pemisahan Singapura berkaitan pindaan 1965. [Rujukan skema: T5 Hal.30; kandungan halaman buku belum disahkan satu demi satu.]"
F5 Chp 2,radio,Terengganu_Q24,A,B,C,D,D,Terengganu/Picture24.png,"中文：D：宪法规定国家机构、权力及治理原则，成为国家行政方向的基础。【答案纸参考：BAB 2- MS 24；书页内容待逐页确认。】
Bahasa Melayu: D: Perlembagaan menetapkan institusi, kuasa dan prinsip pemerintahan sebagai asas hala tuju pentadbiran negara. [Rujukan skema: BAB 2- MS 24; kandungan halaman buku belum disahkan satu demi satu.]"
F5 Chp 3,radio,JohorBahru_Q25,A,B,C,D,A,Johor Bahru/Picture25.png,"中文：1897年的 Durbar 是马来统治者会议，讨论与州行政有关的事务；I、II对应A。（答案纸参考：F5，第43页。）
Bahasa Melayu: Durbar 1897 ialah Majlis Persidangan Raja-raja Melayu untuk membincangkan hal pentadbiran negeri; I dan II memberikan A. Rujukan skema: Tingkatan 5, m.s. 43."
F5 Chp 3,radio,JohorKulaiSet_Q25,A,B,C,D,B,Johor Kulai Set 1/Picture25.png,"中文：Malayan Union 的苏丹理事会可向总督提供意见，并讨论伊斯兰法律，不具备题列任命要职等权力；I、IV对应B。（答案纸参考：F5，第43页。）
Bahasa Melayu: Majlis Sultan-Sultan dalam Malayan Union menasihati Gabenor dan membincangkan undang-undang Islam; I dan IV memberikan B. Rujukan skema: Tingkatan 5, m.s. 43."
F5 Chp 3,radio,JohorKulaiSet_Q25,A,B,C,D,A,Johor Kulai Set 2/Picture25.png,"中文：今日统治者会议选出国家元首，并对涉及受保障事项的宪法修改给予同意；I、II对应A，不负责举办选举或任命首相。（答案纸参考：F5，第44-45页。）
Bahasa Melayu: Majlis Raja-Raja memilih Yang di-Pertuan Agong dan memperkenankan pindaan bagi perkara tertentu yang dilindungi; I dan II memberikan A, bukan pengurusan pilihan raya atau pelantikan Perdana Menteri. Rujukan skema: Tingkatan 5, m.s. 44-45."
F5 Chp 3,radio,JohorMuar_Q25,A,B,C,D,C,Johor Muar/Picture25.png,"中文：Durbar成员包括马来联邦各州统治者、英国驻扎官及其他英国高级官员，由高级专员主持。选项C的马来联邦英国驻扎官属于成员，因此选C。（答案纸参考：F5，第42页。）
Bahasa Melayu: Durbar dipengerusikan oleh Pesuruhjaya Tinggi dan dianggotai Raja-raja Melayu Negeri-negeri Melayu Bersekutu serta pegawai British, termasuk Residen British. Oleh itu, C ialah anggota yang tepat. Rujukan skema: Tingkatan 5, m.s. 42."
F5 Chp 3,radio,JohorPasirGudang_Q25,A,B,C,D,C,Johor Pasir Gudang/Picture25.png,"中文：柔佛—廖内、彭亨和霹雳苏丹国继承马六甲苏丹国的王权、制度与传统，体现历史延续。因此共同点是继承马六甲遗产，选C。（答案纸参考：F5，第38页。）
Bahasa Melayu: Kesultanan Johor-Riau, Pahang dan Perak meneruskan legasi Kesultanan Melayu Melaka melalui tradisi, institusi beraja dan pemerintahan. Oleh itu, C tepat. Rujukan skema: Tingkatan 5, m.s. 38."
F5 Chp 3,radio,JohorSegamatSet_Q25,A,B,C,D,D,Johor Segamat Set 1/Picture25.png,"中文：1948年统治者会议由马来统治者自行主持与处理事务，英国高级专员仅在需要时参与，区别于英国主导的Durbar。因此选D。（答案纸参考：F5，第43页。）
Bahasa Melayu: Majlis Raja-raja 1948 dikendalikan sepenuhnya oleh Raja-raja Melayu, berbeza daripada Durbar yang dipengerusikan pegawai British. Oleh itu, D tepat. Rujukan skema: Tingkatan 5, m.s. 43."
F5 Chp 3,radio,JohorSegamatSet_Q25,A,B,C,D,D,Johor Segamat Set 2/Picture25.png,"中文：独立后的统治者会议成员包括马来统治者及无苏丹州的州元首，如马六甲、槟城。首相和州务大臣陪同参与事务，但不是该会议成员，所以选III和IV，即D。（答案纸参考：F5，第44页。）
Bahasa Melayu: Majlis Raja-raja dianggotai Raja-raja Melayu dan Yang di-Pertua Negeri seperti Melaka serta Pulau Pinang. Perdana Menteri dan Menteri Besar bukan anggota, maka III dan IV, iaitu D. Rujukan skema: Tingkatan 5, m.s. 44."
F5 Chp 3,radio,Kedah_Q25,A,B,C,D,B,Kedah/Picture25.png,"中文：涉及君主地位等特定事项的宪法修改须获统治者会议同意，体现其保障宪法重要原则的作用。答案纸参考：F5第44页。
Bahasa Melayu: Pindaan perlembagaan bagi perkara tertentu seperti kedudukan raja memerlukan perkenan Majlis Raja-Raja, yang melindungi prinsip penting perlembagaan. Rujukan skema: T5 ms.44."
F5 Chp 3,radio,Kelantan_Q25,A,B,C,D,A,Kelantan/Picture25.png,"中文：州层面的最高元首是Sultan；Menteri Besar是政府行政首长，两者角色不同。 答案纸参考：F5第41页。
Bahasa Melayu: Sultan ialah ketua utama negeri; Menteri Besar mengetuai pentadbiran kerajaan negeri, maka peranannya berbeza. Rujukan skema: T5 ms.41."
F5 Chp 3,radio,KualaLumpur_Q25,A,B,C,D,B,Kuala Lumpur/Picture25.png,"中文：Durbar让马来君主与英国官员共同讨论联邦马来州行政事务。 答案纸参考：F5第42页。
Bahasa Melayu: Durbar menyediakan ruang Raja-raja Melayu dan pegawai British membincangkan hal ehwal pentadbiran NNMB. Rujukan skema: T5 ms.42."
F5 Chp 3,radio,Melaka_Q25,A,B,C,D,A,Melaka/Picture25.png,"中文：按课本分类，召集或解散国会及担任题述地区伊斯兰领袖列在国家元首的立法权部分，因此选A。 答案纸参考：F5第49页。
Bahasa Melayu: Menurut pengelasan buku teks, memanggil atau membubarkan Parlimen dan menjadi ketua agama Islam di kawasan dinyatakan dihuraikan dalam kuasa perundangan YDPA, A. Rujukan skema: T5 ms.49."
F5 Chp 3,radio,Mrsm_Q25,A,B,C,D,A,MRSM/Picture25.png,"中文：改变州边界须获得有关州及统治者会议的同意，体现其宪法保障作用。 答案纸参考：F5第44–45页。
Bahasa Melayu: Perubahan sempadan negeri memerlukan persetujuan negeri berkenaan dan perkenan Majlis Raja-Raja menurut perlembagaan. Rujukan skema: T5 ms.44–45."
F5 Chp 3,radio,N_Q25,A,B,C,D,C,N9/Picture25.png,"中文：内阁属于行政机关，制定及执行政策、落实发展计划；立法和裁判分别属其他机关。 答案纸参考：F5第54页。
Bahasa Melayu: Jemaah Menteri ialah eksekutif yang menetapkan serta melaksanakan dasar dan pembangunan; perundangan dan pengadilan tugas badan lain. Rujukan skema: T5 ms.54."
F5 Chp 3,radio,Pahang_Q25,A,B,C,D,B,Pahang/Picture25.png,"中文：B：统治者会议在九位马来统治者中选出最高元首。召集国会与颁布紧急状态属于最高元首的宪法职权。答案纸参考：F5第44–45页。
Bahasa Melayu: B: Majlis Raja-Raja memilih Yang di-Pertuan Agong daripada sembilan Raja Melayu. Memanggil Parlimen dan mengisytiharkan darurat merupakan bidang kuasa Yang di-Pertuan Agong. Rujukan skema: T5 ms. 44–45."
F5 Chp 3,radio,Perak_Q25,A,B,C,D,A,Perak/Picture25.png,"中文：国家元首是马六甲、槟城及联邦直辖区等没有本州苏丹地区的伊斯兰教领袖。其他选项不是题目所问的宗教职权。答案纸参考：F5，第49页。
Bahasa Melayu: Yang di-Pertuan Agong menjadi Ketua Agama Islam bagi Melaka, Pulau Pinang dan Wilayah Persekutuan. Pilihan lain bukan kuasa agama yang ditanya. Rujukan skema: F5, halaman 49."
F5 Chp 3,radio,Perlis_Q25,A,B,C,D,D,Perlis/Picture25.png,"中文：国家元首是联邦的最高国家领导，首相则领导行政政府，两者职能不同。答案纸参考：F5，第41页。
Bahasa Melayu: Yang di-Pertuan Agong ialah Ketua Utama Negara bagi Persekutuan, sementara Perdana Menteri mengetuai pentadbiran kerajaan. Rujukan skema: F5, halaman 41."
F5 Chp 3,radio,PulauPinang_Q25,A,B,C,D,B,Pulau Pinang/Picture25.png,"中文：任命武装部队总司令属于国家元首行政权限；批准法案及解散国会则归入立法方面的职权。答案纸参考：F5，第48页。
Bahasa Melayu: Pelantikan Panglima Angkatan Tentera ialah kuasa eksekutif YDPA, sementara perkenan rang undang-undang dan pembubaran Parlimen berkaitan perundangan. Rujukan skema: F5, halaman 48."
F5 Chp 3,radio,PutrajayaSet_Q25,A,B,C,D,A,Putrajaya set 1/Picture25.png,"中文：国家元首宣告紧急状态及解散国会在课本归入立法权限，所以I和II正确；任命内阁与领导武装部队属于行政方面。答案纸参考：F5，第49页。
Bahasa Melayu: Pengisytiharan darurat dan pembubaran Parlimen dikelaskan sebagai kuasa perundangan YDPA dalam buku teks. Maka I dan II tepat; pelantikan kabinet dan ketenteraan berkaitan eksekutif. Rujukan skema: F5, halaman 49."
F5 Chp 3,radio,PutrajayaSet_Q25,A,B,C,D,D,Putrajaya set 2/Picture25.png,"中文：人民通过选举选择代表及国家领导，是议会民主的主要政治权利；国家元首由统治者会议选出。答案纸参考：F5，第50页。
Bahasa Melayu: Rakyat memilih wakil dan pemimpin melalui pilihan raya dalam demokrasi berparlimen. YDPA dipilih oleh Majlis Raja-Raja. Rujukan skema: F5, halaman 50."
F5 Chp 3,radio,Sabah_Q25,A,B,C,D,B,Sabah/Picture25.png,"中文：B（I、IV）：人民通过选举组成政府，同时国王发挥民主制衡作用；宪法保障的自由并非毫无限制。
Bahasa Melayu: B (I dan IV): Rakyat membentuk kerajaan melalui pilihan raya, manakala kuasa raja mengimbangi demokrasi. Kebebasan dalam perlembagaan bukan kebebasan mutlak."
F5 Chp 3,radio,Sabk_Q25,A,B,C,D,A,SABK/Picture25.png,"中文：日本占领时统治者保留伊斯兰教及马来习俗方面地位，实际行政与军事权则由日军控制。答案纸参考：F5，第40页。
Bahasa Melayu: Semasa pendudukan Jepun, raja mengekalkan kuasa hal ehwal Islam dan adat Melayu, sementara pentadbiran serta ketenteraan dikuasai Jepun. Rujukan skema: F5, halaman 40."
F5 Chp 3,radio,SarawakSibu_Q25,A,B,C,D,A,Sarawak Sibu/Picture25.png,"中文：A：马来西亚国会由国家元首、下议院及上议院组成，所以X是Dewan Negara。【答案纸参考：41；书页内容待逐页确认。】
Bahasa Melayu: A: Parlimen Malaysia terdiri daripada Yang di-Pertuan Agong, Dewan Rakyat dan Dewan Negara; maka X ialah Dewan Negara. [Rujukan skema: 41; kandungan halaman buku belum disahkan satu demi satu.]"
F5 Chp 3,radio,Sbp_Q25,A,B,C,D,C,SBP/Picture25.png,"中文：C（II、III）：课本列明统治者会议选举国家元首及副元首，并在特定案件中充任赦免委员会；注意是“特定案件”。【答案纸参考：44；书页内容待逐页确认。】
Bahasa Melayu: C (II dan III): Buku teks menyatakan Majlis Raja-Raja memilih Yang di-Pertuan Agong dan menjadi Lembaga Pengampunan bagi kes-kes tertentu, bukan semua kes. [Rujukan skema: 44; kandungan halaman buku belum disahkan satu demi satu.]"
F5 Chp 3,radio,Selangor_Q25,A,B,C,D,C,Selangor/Picture25.png,"中文：C：柔佛及登嘉楼的州宪法以法律规范王权，形成君主立宪治理的基础。题干柔佛“1985”是笔误，应为1895年。【答案纸参考：B3T5M39；书页内容待逐页确认。】
Bahasa Melayu: C: Undang-undang tubuh Johor dan Terengganu mengatur kuasa raja melalui perlembagaan. Tahun “1985” bagi Johor dalam soalan ialah kesilapan; tahun yang betul ialah 1895. [Rujukan skema: B3T5M39; kandungan halaman buku belum disahkan satu demi satu.]"
F5 Chp 3,radio,Smka_Q25,A,B,C,D,B,SMKA/Picture25.png,"中文：B：统治者会议对重要职位任命提供意见，在民主制度中发挥制衡作用。【答案纸参考：T5 Hal.45；书页内容待逐页确认。】
Bahasa Melayu: B: Majlis Raja-Raja memberikan nasihat tentang pelantikan jawatan penting sebagai pengimbang dalam sistem demokrasi. [Rujukan skema: T5 Hal.45; kandungan halaman buku belum disahkan satu demi satu.]"
F5 Chp 3,radio,Terengganu_Q25,A,B,C,D,D,Terengganu/Picture25.png,"中文：D：人民通过选举选择代表及领导人，体现议会民主；国家元首由统治者会议选举。【答案纸参考：BAB 3- MS 50；书页内容待逐页确认。】
Bahasa Melayu: D: Rakyat memilih wakil dan pemimpin melalui pilihan raya dalam Demokrasi Berparlimen, manakala Yang di-Pertuan Agong dipilih oleh Majlis Raja-Raja. [Rujukan skema: BAB 3- MS 50; kandungan halaman buku belum disahkan satu demi satu.]"
F5 Chp 3,radio,JohorBahru_Q26,A,B,C,D,C,Johor Bahru/Picture26.png,"中文：Dewan Negara 与 Dewan Rakyat 同属国会，参与讨论和通过法案，职责是制定法律，选C；解释宪法属于司法工作。（答案纸参考：F5，第53页。）
Bahasa Melayu: Dewan Negara dan Dewan Rakyat membentuk Parlimen yang membahaskan serta meluluskan rang undang-undang, maka C tepat; tafsiran perlembagaan berkaitan kehakiman. Rujukan skema: Tingkatan 5, m.s. 53."
F5 Chp 3,radio,JohorKulaiSet_Q26,A,B,C,D,A,Johor Kulai Set 1/Picture26.png,"中文：司法机构在案件中应用法律、作出裁判及执行司法职能，因此答案A的“实行法律”须理解为司法审判，而非行政执法。（答案纸参考：F5，第55页。）
Bahasa Melayu: Badan kehakiman mengaplikasikan undang-undang dalam perbicaraan dan membuat keputusan; A difahami sebagai pelaksanaan fungsi kehakiman, bukan tugas penguatkuasaan eksekutif. Rujukan skema: Tingkatan 5, m.s. 55."
F5 Chp 3,radio,JohorKulaiSet_Q26,A,B,C,D,D,Johor Kulai Set 2/Picture26.png,"中文：立法、行政、司法分别承担不同职能，形成分权，避免权力集中于同一机构，选D。（答案纸参考：F5，第52页。）
Bahasa Melayu: Pembahagian fungsi kepada badan perundangan, eksekutif dan kehakiman menunjukkan pengasingan kuasa, maka D tepat. Rujukan skema: Tingkatan 5, m.s. 52."
F5 Chp 3,radio,JohorMuar_Q26,A,B,C,D,A,Johor Muar/Picture26.png,"中文：三权分立包括立法、行政和司法。选项中I立法与II司法属于这三大机构；统治者顾问不是另一项独立权力，所以选A。（答案纸参考：F5，第52页。）
Bahasa Melayu: Pengasingan kuasa melibatkan badan perundangan, eksekutif dan kehakiman. Dalam senarai, I dan II ialah dua badan utama tersebut, maka A tepat. Rujukan skema: Tingkatan 5, m.s. 52."
F5 Chp 3,radio,JohorPasirGudang_Q26,A,B,C,D,A,Johor Pasir Gudang/Picture26.png,"中文：司法独立让法官依据法律和证据裁决，不受政治压力或有势力人士左右，从而维护公正。因此选A。（答案纸参考：F5，第55页。）
Bahasa Melayu: Kehakiman yang bebas membolehkan hakim membuat keputusan berdasarkan undang-undang dan bukti tanpa tekanan politik. Hal ini memastikan keadilan ditegakkan, maka A tepat. Rujukan skema: Tingkatan 5, m.s. 55."
F5 Chp 3,radio,JohorSegamatSet_Q26,A,B,C,D,C,Johor Segamat Set 1/Picture26.png,"中文：基本自由需要适当法律限制，以保障其他人的权利以及社会秩序、安全和福祉。自由不是可以损害他人的无限权力，因此选C。（答案纸参考：F5，第51页。）
Bahasa Melayu: Sekatan tertentu terhadap kebebasan asasi diperlukan untuk melindungi hak orang lain, ketenteraman dan kesejahteraan negara. Kebebasan tidak bermaksud hak tanpa batas, maka C tepat. Rujukan skema: Tingkatan 5, m.s. 51."
F5 Chp 3,radio,JohorSegamatSet_Q26,A,B,C,D,A,Johor Segamat Set 2/Picture26.png,"中文：基本自由需要法律限制，以防损害其他人的权利、公共安全与社会福祉。限制的目的不是让执政者永远掌权，所以选A。（答案纸参考：F5，第51页。）
Bahasa Melayu: Sekatan terhadap kebebasan asasi bertujuan menjaga keamanan, kesejahteraan awam dan hak orang lain. Tujuannya bukan mengekalkan pemerintah selama-lamanya, maka A tepat. Rujukan skema: Tingkatan 5, m.s. 51."
F5 Chp 3,radio,Kedah_Q26,A,B,C,D,B,Kedah/Picture26.png,"中文：宗教自由是基本自由之一，人民可信奉及实践各自宗教，但仍受宪法规定约束。答案纸参考：F5第51页。
Bahasa Melayu: Kebebasan beragama ialah kebebasan asasi; rakyat boleh menganut dan mengamalkan agama masing-masing tertakluk pada perlembagaan. Rujukan skema: T5 ms.51."
F5 Chp 3,radio,Kelantan_Q26,A,B,C,D,B,Kelantan/Picture26.png,"中文：国家元首任命被认为获得下议院多数信任的首相，属于行政权。 答案纸参考：F5第48页。
Bahasa Melayu: YDPA melantik Perdana Menteri yang pada hemat baginda mendapat kepercayaan majoriti Dewan Rakyat, suatu kuasa eksekutif. Rujukan skema: T5 ms.48."
F5 Chp 3,radio,KualaLumpur_Q26,A,B,C,D,D,Kuala Lumpur/Picture26.png,"中文：国家元首依建议任命总检察长，属于行政权；召集国会等归于立法方面。 答案纸参考：F5第48页。
Bahasa Melayu: YDPA melantik Peguam Negara atas nasihat, suatu kuasa eksekutif; memanggil Parlimen bersidang berkaitan kuasa perundangan. Rujukan skema: T5 ms.48."
F5 Chp 3,radio,Melaka_Q26,A,B,C,D,C,Melaka/Picture26.png,"中文：行政、立法、司法分工并互相制衡，减少权力滥用，促进公平治理。 答案纸参考：F5第55页。
Bahasa Melayu: Pembahagian eksekutif, perundangan dan kehakiman mewujudkan semak imbang untuk mengurangkan penyalahgunaan kuasa dan menjamin pemerintahan adil. Rujukan skema: T5 ms.55."
F5 Chp 3,radio,Mrsm_Q26,A,B,C,D,D,MRSM/Picture26.png,"中文：司法机关依据宪法裁决联邦和州之间的权限争议，以维护法律。 答案纸参考：F5第55页。
Bahasa Melayu: Badan kehakiman menyelesaikan pertikaian kuasa antara negeri dan persekutuan berdasarkan perlembagaan. Rujukan skema: T5 ms.55."
F5 Chp 3,radio,N_Q26,A,B,C,D,C,N9/Picture26.png,"中文：君主政治中立并具有平衡作用，可缓和不同理念政党之间的冲突，是制衡机制的作用之一。 答案纸参考：F5第56页。
Bahasa Melayu: Raja berkecuali dalam politik dan mempunyai kuasa pengimbang untuk meredakan pertikaian parti pelbagai ideologi, suatu fungsi semak imbang. Rujukan skema: T5 ms.56."
F5 Chp 3,radio,Pahang_Q26,A,B,C,D,A,Pahang/Picture26.png,"中文：A：跨族群政党结盟、共享政治权力，能在议会民主中争取较广泛支持并组成政府。图中年份是联盟成立阶段，并不表示每个联盟当年已经执政。答案纸参考：F5第57页。
Bahasa Melayu: A: Gabungan parti pelbagai kaum berkongsi kuasa dan mendapatkan sokongan luas untuk membentuk kerajaan. Tahun dalam rajah menunjukkan penubuhan gabungan, bukan semuanya sudah memerintah pada tahun tersebut. Rujukan skema: T5 ms. 57."
F5 Chp 3,radio,Perak_Q26,A,B,C,D,B,Perak/Picture26.png,"中文：议会民主让人民通过选举选择有能力、可信赖的代表与领袖，并让领导接受人民的政治监督。答案纸参考：F5，第50页。
Bahasa Melayu: Demokrasi berparlimen membolehkan rakyat memilih pemimpin yang berwibawa melalui pilihan raya dan menilai kepimpinan mereka. Rujukan skema: F5, halaman 50."
F5 Chp 3,radio,Perlis_Q26,A,B,C,D,A,Perlis/Picture26.png,"中文：制衡机制让君主与民选政府在各自宪政权限内互相平衡，帮助缓和政治冲突，避免权力过度集中。答案纸参考：F5，第56页。
Bahasa Melayu: Mekanisme semak dan imbang melalui peranan raja serta kerajaan yang dipilih membantu meredakan konflik politik dan mengelakkan pemusatan kuasa. Rujukan skema: F5, halaman 56."
F5 Chp 3,radio,PulauPinang_Q26,A,B,C,D,C,Pulau Pinang/Picture26.png,"中文：君主保持政治中立并协助缓和争端，可以平衡政党竞争，故II和III正确；君主没有全面掌控日常行政。答案纸参考：F5，第56页。
Bahasa Melayu: Raja bersikap berkecuali dan membantu meredakan konflik, maka II dan III tepat sebagai imbangan terhadap demokrasi. Raja tidak mempunyai kuasa penuh dalam pentadbiran harian. Rujukan skema: F5, halaman 56."
F5 Chp 3,radio,PutrajayaSet_Q26,A,B,C,D,B,Putrajaya set 1/Picture26.png,"中文：内阁承担集体责任，部长必须支持共同决定；若不能接受政府政策，应辞去部长职位。课本参考：F5，第54页。
Bahasa Melayu: Jemaah Menteri bertanggungjawab secara kolektif. Menteri yang tidak bersetuju dan tidak dapat mempertahankan dasar kerajaan hendaklah meletakkan jawatan. Rujukan buku teks: F5, halaman 54."
F5 Chp 3,radio,PutrajayaSet_Q26,A,B,C,D,A,Putrajaya set 2/Picture26.png,"中文：君主保持中立，按宪法发挥平衡作用，协助缓和政治纷争及维护制度稳定。答案纸参考：F5，第56页。
Bahasa Melayu: Raja bersikap berkecuali dan menjalankan kuasa pengimbang menurut Perlembagaan untuk meredakan pertikaian politik. Rujukan skema: F5, halaman 56."
F5 Chp 3,radio,Sabah_Q26,A,B,C,D,A,Sabah/Picture26.png,"中文：A：土地、农业、林业及州假日是州权限；国防及外交属于联邦。
Bahasa Melayu: A: Tanah, pertanian, perhutanan dan hari kelepasan negeri ialah bidang kuasa negeri, manakala pertahanan dan hal ehwal luar ialah urusan Persekutuan."
F5 Chp 3,radio,Sabk_Q26,A,B,C,D,A,SABK/Picture26.png,"中文：君主中立的平衡角色可缓和政党政治争端，避免冲突危及国家稳定；并非亲自负责全部立法行政。答案纸参考：F5，第56页。
Bahasa Melayu: Kuasa pengimbang raja yang berkecuali membantu meredakan konflik parti politik dan menjaga kestabilan, bukan mengambil alih seluruh pentadbiran. Rujukan skema: F5, halaman 56."
F5 Chp 3,radio,SarawakSibu_Q26,A,B,C,D,D,Sarawak Sibu/Picture26.png,"中文：D：议会民主通过选举让人民选择领导人与代表，不由人民直接选举国家元首。【答案纸参考：50；书页内容待逐页确认。】
Bahasa Melayu: D: Demokrasi Berparlimen membolehkan rakyat memilih pemimpin dan wakil melalui pilihan raya, bukan memilih Yang di-Pertuan Agong secara langsung. [Rujukan skema: 50; kandungan halaman buku belum disahkan satu demi satu.]"
F5 Chp 3,radio,Sbp_Q26,A,B,C,D,A,SBP/Picture26.png,"中文：A：司法机构解释法律及裁决法律争议，因此可处理立法与行政机构之间涉及法律的冲突。【答案纸参考：56；书页内容待逐页确认。】
Bahasa Melayu: A: Badan kehakiman mentafsir undang-undang dan mengadili pertikaian undang-undang antara badan perundangan dengan badan eksekutif. [Rujukan skema: 56; kandungan halaman buku belum disahkan satu demi satu.]"
F5 Chp 3,radio,Selangor_Q26,A,B,C,D,D,Selangor/Picture26.png,"中文：D（III、IV）：统治者会议在特定案件中充任赦免委员会，并在取得有关统治者同意后批准州边界变更。【答案纸参考：B3T5M44-45；书页内容待逐页确认。】
Bahasa Melayu: D (III dan IV): Majlis Raja-Raja menjadi Lembaga Pengampunan bagi kes tertentu dan memperkenankan perubahan sempadan selepas mendapat perkenan raja negeri berkenaan. [Rujukan skema: B3T5M44-45; kandungan halaman buku belum disahkan satu demi satu.]"
F5 Chp 3,radio,Smka_Q26,A,B,C,D,B,SMKA/Picture26.png,"中文：B（I、IV）：伊斯兰是联邦宗教，同时其他宗教信徒可自由实践各自宗教，体现宪法保障的宗教自由。【答案纸参考：T5 Hal.51；书页内容待逐页确认。】
Bahasa Melayu: B (I dan IV): Islam ialah agama Persekutuan, manakala penganut agama lain bebas mengamalkan agama masing-masing, selaras dengan kebebasan beragama. [Rujukan skema: T5 Hal.51; kandungan halaman buku belum disahkan satu demi satu.]"
F5 Chp 3,radio,Terengganu_Q26,A,B,C,D,B,Terengganu/Picture26.png,"中文：B：国会包括国家元首、Dewan Negara及Dewan Rakyat，所以X为下议院。【答案纸参考：BAB 3- MS 53；书页内容待逐页确认。】
Bahasa Melayu: B: Parlimen terdiri daripada Yang di-Pertuan Agong, Dewan Negara dan Dewan Rakyat; maka X ialah Dewan Rakyat. [Rujukan skema: BAB 3- MS 53; kandungan halaman buku belum disahkan satu demi satu.]"
F5 Chp 4,radio,JohorBahru_Q27,A,B,C,D,B,Johor Bahru/Picture27.png,"中文：Persekutuan 指多个州联合为一个联邦，并按宪法分配中央与州的权力，选B。（答案纸参考：F5，第66页。）
Bahasa Melayu: Persekutuan ialah penyatuan beberapa negeri dengan pembahagian kuasa antara kerajaan Persekutuan dan Negeri menurut perlembagaan, maka B tepat. Rujukan skema: Tingkatan 5, m.s. 66."
F5 Chp 4,radio,JohorKulaiSet_Q27,A,B,C,D,D,Johor Kulai Set 1/Picture27.png,"中文：联邦是多个州联合的政治结构，与只说明君主或民主制度不同，因此选D。（答案纸参考：F5，第66页。）
Bahasa Melayu: Persekutuan ialah penyatuan beberapa negeri dalam satu struktur pemerintahan, bukan sekadar sistem beraja atau demokrasi, maka D tepat. Rujukan skema: Tingkatan 5, m.s. 66."
F5 Chp 4,radio,JohorKulaiSet_Q27,A,B,C,D,B,Johor Kulai Set 2/Picture27.png,"中文：Persekutuan 的基本含义是多个州的联合，并以宪法协调彼此权力，选B。（答案纸参考：F5，第66页。）
Bahasa Melayu: Persekutuan bermaksud penyatuan beberapa negeri dengan kuasa yang diselaraskan melalui perlembagaan, maka B tepat. Rujukan skema: Tingkatan 5, m.s. 66."
F5 Chp 4,radio,JohorMuar_Q27,A,B,C,D,C,Johor Muar/Picture27.png,"中文：州政府权限包括土地、农业、林业及地方政府。国防和教育属于联邦权限，因此题目所问柔佛州政府的事务是农业，选C。（答案纸参考：F5，第70页。）
Bahasa Melayu: Pertanian, tanah, perhutanan dan kerajaan tempatan merupakan antara bidang kuasa kerajaan negeri. Pertahanan dan pendidikan ialah urusan Persekutuan, maka C betul. Rujukan skema: Tingkatan 5, m.s. 70."
F5 Chp 4,radio,JohorPasirGudang_Q27,A,B,C,D,C,Johor Pasir Gudang/Picture27.png,"中文：国防和教育属于联邦权限；土地与伊斯兰事务主要属于州权限。因此II和III正确，选C。（答案纸参考：F5，第69页。）
Bahasa Melayu: Pertahanan dan pelajaran berada dalam Senarai Persekutuan. Hal ehwal tanah serta undang-undang Islam pula terutama bidang kuasa negeri, maka II dan III betul, iaitu C. Rujukan skema: Tingkatan 5, m.s. 69."
F5 Chp 4,radio,JohorSegamatSet_Q27,A,B,C,D,C,Johor Segamat Set 1/Picture27.png,"中文：1927年重组联邦议会的目的，是改进行政并巩固英国在马来州的地位。虽然图片出现马来统治者，改革目标仍应按课本理解，因此选C。（答案纸参考：F5，第67页。）
Bahasa Melayu: Penstrukturan semula Majlis Mesyuarat Persekutuan 1927 bertujuan memperkemas tadbir urus dan mengukuhkan kedudukan British di negeri Melayu. Oleh itu, C tepat. Rujukan skema: Tingkatan 5, m.s. 67."
F5 Chp 4,radio,JohorSegamatSet_Q27,A,B,C,D,C,Johor Segamat Set 2/Picture27.png,"中文：1946年Malayan Union的中央集权及削弱苏丹地位引发统治者与马来人的强烈反对，制度无法持续。因此选C。（答案纸参考：F5，第67页。）
Bahasa Melayu: Malayan Union menerima bantahan Raja-raja Melayu dan orang Melayu kerana menjejaskan kedaulatan serta kedudukan mereka. Penentangan ini menyebabkan sistem kesatuan gagal diteruskan, maka C tepat. Rujukan skema: Tingkatan 5, m.s. 67."
F5 Chp 4,radio,Kedah_Q27,A,B,C,D,C,Kedah/Picture27.png,"中文：房屋事务属于共同清单，由联邦和州政府共同负责；国防、财政和公民权属联邦领域。答案纸参考：F5第70页。
Bahasa Melayu: Perumahan termasuk Senarai Bersama yang melibatkan kerajaan persekutuan dan negeri; pertahanan, kewangan dan kewarganegaraan bidang persekutuan. Rujukan skema: T5 ms.70."
F5 Chp 4,radio,Kelantan_Q27,A,B,C,D,A,Kelantan/Picture27.png,"中文：土地事务属于州清单；教育、卫生和外交主要属于联邦权限。 答案纸参考：F5第70页。
Bahasa Melayu: Tanah termasuk Senarai Negeri; pelajaran, kesihatan dan hal ehwal luar ialah bidang persekutuan. Rujukan skema: T5 ms.70."
F5 Chp 4,radio,KualaLumpur_Q27,A,B,C,D,B,Kuala Lumpur/Picture27.png,"中文：FELDA负责土地开发和居民安置，提升农村经济与生活水平。 答案纸参考：F5第72页。
Bahasa Melayu: FELDA menjalankan pembangunan tanah dan penempatan untuk meningkatkan ekonomi serta taraf hidup luar bandar. Rujukan skema: T5 ms.72."
F5 Chp 4,radio,Melaka_Q27,A,B,C,D,D,Melaka/Picture27.png,"中文：较强中央权力有助统一协调重大政策，保障全国稳定并促进发展，III、IV正确。 答案纸参考：F5第68页。
Bahasa Melayu: Kuasa pusat lebih besar memudahkan penyelarasan dasar utama untuk kestabilan dan kemajuan negara; III dan IV betul. Rujukan skema: T5 ms.68."
F5 Chp 4,radio,Mrsm_Q27,A,B,C,D,B,MRSM/Picture27.png,"中文：1927年重组联邦议会旨在改善治理并巩固英国在马来州的地位。 答案纸参考：F5第67页。
Bahasa Melayu: Penstrukturan Majlis Mesyuarat Persekutuan 1927 memperkemas tadbir urus dan mengukuhkan kedudukan British di negeri Melayu. Rujukan skema: T5 ms.67."
F5 Chp 4,radio,N_Q27,A,B,C,D,A,N9/Picture27.png,"中文：联邦拥有较大权限，能统一协调国家政策和安全事务，保障整体稳定。 答案纸参考：F5第68页。
Bahasa Melayu: Kuasa persekutuan lebih besar membolehkan penyelarasan dasar serta keselamatan negara untuk menjamin kestabilan. Rujukan skema: T5 ms.68."
F5 Chp 4,radio,Pahang_Q27,A,B,C,D,B,Pahang/Picture27.png,"中文：B：奖学金属于联邦与州政府都能处理的共同清单；财务和教育属联邦清单，土地属州清单。答案纸参考：F5第70页。
Bahasa Melayu: B: Biasiswa berada dalam Senarai Bersama dan boleh diurus kedua-dua kerajaan. Kewangan serta pelajaran ialah Senarai Persekutuan, manakala tanah ialah Senarai Negeri. Rujukan skema: T5 ms. 70."
F5 Chp 4,radio,Perak_Q27,A,B,C,D,D,Perak/Picture27.png,"中文：公共福利以及文化和体育属于共同权限，由联邦及州共同负责，所以III和IV正确；财政及公民权属于联邦权限。答案纸参考：F5，第70页。
Bahasa Melayu: Kebajikan masyarakat serta kebudayaan dan sukan termasuk Senarai Bersama, maka III dan IV tepat. Kewangan dan kewarganegaraan ialah bidang Persekutuan. Rujukan skema: F5, halaman 70."
F5 Chp 4,radio,Perlis_Q27,A,B,C,D,D,Perlis/Picture27.png,"中文：联邦是数个州联合组成国家，并依据宪法在中央与州之间分配权力，不等于一切事务都由中央决定。答案纸参考：F5，第66页。
Bahasa Melayu: Persekutuan ialah penyatuan beberapa negeri dengan pembahagian kuasa antara kerajaan Persekutuan dan negeri menurut Perlembagaan. Rujukan skema: F5, halaman 66."
F5 Chp 4,radio,PulauPinang_Q27,A,B,C,D,D,Pulau Pinang/Picture27.png,"中文：维护地方道路、公共房屋及美化环境属于地方政府的服务，图中的X是地方当局。答案纸参考：F5，第71页。
Bahasa Melayu: Pihak Berkuasa Tempatan menyenggara jalan, membangunkan perumahan awam dan mengindahkan kawasan setempat. Maka X ialah PBT. Rujukan skema: F5, halaman 71."
F5 Chp 4,radio,PutrajayaSet_Q27,A,B,C,D,A,Putrajaya set 1/Picture27.png,"中文：殖民时期调整行政制度主要服务英国的经济及政治利益，不是为了加强马来统治者的全部权力。马来亚联盟并非联邦，题目把它放在同一发展表中应理解为行政演变。答案纸参考：F5，第66至67页。
Bahasa Melayu: Penyusunan pentadbiran kolonial menjaga kepentingan British. Malayan Union bukan sistem persekutuan; jadual ini wajar difahami sebagai perkembangan pentadbiran, bukan semua bentuknya persekutuan. Rujukan skema: F5, halaman 66–67."
F5 Chp 4,radio,PutrajayaSet_Q27,A,B,C,D,A,Putrajaya set 2/Picture27.png,"中文：房屋属于共同权限，可由国会及州议会在各自权限内立法；土地、农业及森林属于州权限，财政属于联邦。答案纸参考：F5，第70页。
Bahasa Melayu: Perumahan termasuk Senarai Bersama. Tanah, pertanian dan perhutanan ialah bidang negeri, manakala kewangan ialah bidang Persekutuan. Rujukan skema: F5, halaman 70."
F5 Chp 4,radio,Sabah_Q27,A,B,C,D,B,Sabah/Picture27.png,"中文：B：州务大臣及首席部长会议协调政策落实，让联邦与州政府合作执行计划。
Bahasa Melayu: B: Mesyuarat Menteri Besar dan Ketua Menteri menyelaras pelaksanaan dasar serta kerjasama antara kerajaan negeri dengan Persekutuan."
F5 Chp 4,radio,Sabk_Q27,A,B,C,D,B,SABK/Picture27.png,"中文：马来亚联盟遭马来人及统治者强烈反对，最终被1948年联邦取代。它曾实际实施，题干“失败实施”应理解为未能持续。答案纸参考：F5，第67页。
Bahasa Melayu: Malayan Union menghadapi bantahan kuat rakyat dan raja lalu digantikan pada 1948. Ia pernah dilaksanakan; kegagalan dalam soalan bermaksud gagal diteruskan. Rujukan skema: F5, halaman 67."
F5 Chp 4,radio,SarawakSibu_Q27,A,B,C,D,B,Sarawak Sibu/Picture27.png,"中文：B：地方政府提供当地服务与公共设施，例如道路、排水、清洁及休闲设施。【答案纸参考：71；书页内容待逐页确认。】
Bahasa Melayu: B: Kerajaan tempatan menyediakan perkhidmatan dan kemudahan awam seperti jalan, saliran, kebersihan serta kemudahan rekreasi. [Rujukan skema: 71; kandungan halaman buku belum disahkan satu demi satu.]"
F5 Chp 4,radio,Sbp_Q27,A,B,C,D,B,SBP/Picture27.png,"中文：B：Rumah Selangorku及Rumah Perakku提供负担得起的房屋，帮助符合资格的人拥有住所。【答案纸参考：77；书页内容待逐页确认。】
Bahasa Melayu: B: Rumah Selangorku dan Rumah Perakku menyediakan rumah mampu milik supaya golongan yang layak dapat memiliki kediaman. [Rujukan skema: 77; kandungan halaman buku belum disahkan satu demi satu.]"
F5 Chp 4,radio,Selangor_Q27,A,B,C,D,A,Selangor/Picture27.png,"中文：A：1895年森美兰联合后，英国派驻Residen协助行政，强化殖民介入。【答案纸参考：B4T5M66；书页内容待逐页确认。】
Bahasa Melayu: A: Pembentukan Konfederasi Negeri Sembilan 1895 membawa kepada pelantikan Residen British dalam pentadbiran. [Rujukan skema: B4T5M66; kandungan halaman buku belum disahkan satu demi satu.]"
F5 Chp 4,radio,Smka_Q27,A,B,C,D,A,SMKA/Picture27.png,"中文：A：房屋事务属于联邦与州共同负责的Senarai Bersama；国防则属于联邦清单。【答案纸参考：T5 Hal.70；书页内容待逐页确认。】
Bahasa Melayu: A: Perumahan berada dalam Senarai Bersama yang melibatkan Kerajaan Persekutuan dan negeri, manakala pertahanan ialah urusan Persekutuan. [Rujukan skema: T5 Hal.70; kandungan halaman buku belum disahkan satu demi satu.]"
F5 Chp 4,radio,Terengganu_Q27,A,B,C,D,C,Terengganu/Picture27.png,"中文：C：农业与林业属于州清单；国防、教育及医药健康属于联邦权限。【答案纸参考：BAB 4- MS 70；书页内容待逐页确认。】
Bahasa Melayu: C: Pertanian dan perhutanan ialah bidang Senarai Negeri, manakala pertahanan, pelajaran serta perubatan dan kesihatan ialah urusan Persekutuan. [Rujukan skema: BAB 4- MS 70; kandungan halaman buku belum disahkan satu demi satu.]"
F5 Chp 4,radio,JohorBahru_Q28,A,B,C,D,B,Johor Bahru/Picture28.png,"中文：Sabah 的海洋保护区由州政府通过 Taman-Taman Sabah 管理，目的是保护海洋生态及资源，选B。（答案纸参考：F5，第75页。）
Bahasa Melayu: Kerajaan Negeri Sabah mengurus kawasan perlindungan marin melalui Taman-Taman Sabah untuk memelihara khazanah laut, maka B tepat. Rujukan skema: Tingkatan 5, m.s. 75."
F5 Chp 4,radio,JohorKulaiSet_Q28,A,B,C,D,B,Johor Kulai Set 1/Picture28.png,"中文：设立海洋公园限制破坏海洋生态的活动，保护珊瑚、海洋生物及自然资源，选B。（答案纸参考：F5，第75页。）
Bahasa Melayu: Pewartaan taman laut melindungi terumbu karang, hidupan marin dan khazanah laut daripada kegiatan yang merosakkan, maka B tepat. Rujukan skema: Tingkatan 5, m.s. 75."
F5 Chp 4,radio,JohorKulaiSet_Q28,A,B,C,D,C,Johor Kulai Set 2/Picture28.png,"中文：Iskandar 等区域发展计划把经济活动扩展到不同地区，减少州与地区的发展差距，选C。（答案纸参考：F5，第73页。）
Bahasa Melayu: Koridor pembangunan seperti Iskandar membantu menyeimbangkan pembangunan negeri dan wilayah serta mengurangkan jurang, maka C tepat. Rujukan skema: Tingkatan 5, m.s. 73."
F5 Chp 4,radio,JohorMuar_Q28,A,B,C,D,C,Johor Muar/Picture28.png,"中文：ESSCOM整合警方、武装部队和马来西亚海事执法机构的合作，维护沙巴东海岸安全。选项中海事执法机构符合这一合作体系，所以选C。（答案纸参考：F5，第79页。）
Bahasa Melayu: ESSCOM menyelaraskan kerjasama Polis Diraja Malaysia, Angkatan Tentera Malaysia dan Agensi Penguatkuasaan Maritim Malaysia untuk menjaga keselamatan pantai timur Sabah. Oleh itu, C tepat. Rujukan skema: Tingkatan 5, m.s. 79."
F5 Chp 4,radio,JohorPasirGudang_Q28,A,B,C,D,D,Johor Pasir Gudang/Picture28.png,"中文：Akta716与野生动物保护有关，课本把它放在联邦与州合作管理野生动物和国家公园的内容中。由双方配合保护生态，因此选D。（答案纸参考：F5，第74页。）
Bahasa Melayu: Akta 716 berkaitan pemuliharaan hidupan liar. Dalam konteks buku teks, kerjasama Persekutuan dan negeri melibatkan pengurusan hidupan liar serta taman negara, maka D tepat. Rujukan skema: Tingkatan 5, m.s. 74."
F5 Chp 4,radio,JohorSegamatSet_Q28,A,B,C,D,B,Johor Segamat Set 1/Picture28.png,"中文：In-Situ在原有乡村地区改善基础设施，如道路、供水和社区设施，不是开辟新的土地。重点是乡村实体发展，因此选B。（答案纸参考：F5，第72页。）
Bahasa Melayu: Pembangunan In-Situ memperbaiki kawasan desa sedia ada melalui kemudahan fizikal seperti jalan dan bekalan air. Ia berbeza daripada pembukaan tanah baharu, maka B tepat. Rujukan skema: Tingkatan 5, m.s. 72."
F5 Chp 4,radio,JohorSegamatSet_Q28,A,B,C,D,A,Johor Segamat Set 2/Picture28.png,"中文：联邦与州结合资源、专业知识和行动，才能处理发展、保育及安全等跨领域事务。因此最全面的启示是共同贡献力量与思想，选A。（答案纸参考：F5，第79页。）
Bahasa Melayu: Kerjasama Persekutuan dan negeri menggabungkan sumber, tenaga dan idea untuk pembangunan, pemuliharaan serta keselamatan. Iktibar menyeluruhnya ialah menggembleng tenaga dan fikiran, maka A tepat. Rujukan skema: Tingkatan 5, m.s. 79."
F5 Chp 4,radio,Kedah_Q28,A,B,C,D,C,Kedah/Picture28.png,"中文：全国财政理事会与全国房屋理事会协调联邦、州的政策与执行，因此II、III正确。答案纸参考：F5第81页。
Bahasa Melayu: Majlis Kewangan Negara dan Majlis Perumahan Negara menyelaraskan dasar serta pelaksanaan antara persekutuan dengan negeri, maka II dan III betul. Rujukan skema: T5 ms.81."
F5 Chp 4,radio,Kelantan_Q28,A,B,C,D,D,Kelantan/Picture28.png,"中文：联邦制定海洋公园政策，州政府负责相关岛屿的发展规划，D体现权限分工。 答案纸参考：F5第75页。
Bahasa Melayu: Kerajaan Persekutuan membentuk dasar Taman Laut, manakala kerajaan negeri menyediakan pembangunan pulau; D menunjukkan pembahagian tugas. Rujukan skema: T5 ms.75."
F5 Chp 4,radio,KualaLumpur_Q28,A,B,C,D,C,Kuala Lumpur/Picture28.png,"中文：首相与州领袖的会议协调政策执行，让联邦和州措施相互配合。 答案纸参考：F5第80页。
Bahasa Melayu: Mesyuarat Perdana Menteri dengan pemimpin negeri menyelaraskan pelaksanaan dasar agar tindakan persekutuan dan negeri seiring. Rujukan skema: T5 ms.80."
F5 Chp 4,radio,Melaka_Q28,A,B,C,D,C,Melaka/Picture28.png,"中文：增加可负担房屋让中等收入家庭负担得起住房，是两级政府合作的措施。 答案纸参考：F5第77页。
Bahasa Melayu: Memperbanyak rumah mampu milik membolehkan keluarga berpendapatan pertengahan membeli kediaman melalui kerjasama kedua-dua kerajaan. Rujukan skema: T5 ms.77."
F5 Chp 4,radio,Mrsm_Q28,A,B,C,D,C,MRSM/Picture28.png,"中文：全国财政理事会协调贷款、税务及联邦州财政关系，所以II、III符合其财政职责。 答案纸参考：F5第81页。
Bahasa Melayu: Majlis Kewangan Negara menyelaraskan pinjaman, percukaian dan hubungan kewangan persekutuan-negeri; II dan III menepati tugas kewangan. Rujukan skema: T5 ms.81."
F5 Chp 4,radio,N_Q28,A,B,C,D,D,N9/Picture28.png,"中文：ESSCOM在Sabah东海岸加强安全，防止武装人员和恐怖分子入侵。 答案纸参考：F5第79页。
Bahasa Melayu: ESSCOM memperkukuh keselamatan pantai timur Sabah untuk menghalang pencerobohan pihak bersenjata dan pengganas. Rujukan skema: T5 ms.79."
F5 Chp 4,radio,Pahang_Q28,A,B,C,D,D,Pahang/Picture28.png,"中文：D：首相与州务大臣、首席部长开会，协调联邦和各州政策的执行，确保行政配合而非相互竞争。答案纸参考：F5第80页。
Bahasa Melayu: D: Mesyuarat menyelaraskan pelaksanaan dasar antara Kerajaan Persekutuan dengan kerajaan negeri supaya pentadbiran berjalan secara kerjasama. Rujukan skema: T5 ms. 80."
F5 Chp 4,radio,Perak_Q28,A,B,C,D,D,Perak/Picture28.png,"中文：首相与州务大臣及首席部长会议加强联邦和州的协调，确保政策能在各州顺利实施。答案纸参考：F5，第80页。
Bahasa Melayu: Mesyuarat Menteri Besar dan Ketua Menteri bersama Perdana Menteri menyelaraskan tindakan Persekutuan dengan negeri supaya dasar dilaksanakan dengan berkesan. Rujukan skema: F5, halaman 80."
F5 Chp 4,radio,PulauPinang_Q28,A,B,C,D,A,Pulau Pinang/Picture28.png,"中文：In-Situ在原有乡村推动设施及实际环境改善，重点是乡村物质建设，不是把居民一律迁走。答案纸参考：F5，第72页。
Bahasa Melayu: Program In-Situ menekankan pembangunan fizikal desa di petempatan sedia ada, termasuk peningkatan kemudahan, bukan pemindahan semua penduduk. Rujukan skema: F5, halaman 72."
F5 Chp 4,radio,PutrajayaSet_Q28,A,B,C,D,B,Putrajaya set 1/Picture28.png,"中文：奖学金属于共同权限；土地属于州权限，教育及公民权属于联邦权限，因此B正确。答案纸参考：F5，第70页。
Bahasa Melayu: Biasiswa termasuk Senarai Bersama. Tanah ialah bidang negeri, manakala pelajaran dan kewarganegaraan ialah bidang Persekutuan. Rujukan skema: F5, halaman 70."
F5 Chp 4,radio,PutrajayaSet_Q28,A,B,C,D,C,Putrajaya set 2/Picture28.png,"中文：宪法明确分配中央和州的权力，减少权限争执并让双方协调治理，有助国家稳定。答案纸参考：F5，第81页。
Bahasa Melayu: Pembahagian kuasa yang jelas antara Persekutuan dan negeri mengurangkan pertikaian bidang kuasa serta menyokong kestabilan negara. Rujukan skema: F5, halaman 81."
F5 Chp 4,radio,Sabah_Q28,A,B,C,D,A,Sabah/Picture28.png,"中文：A：马来西亚成立让联邦加强对有关地区的安全合作，更有效遏制共产党威胁。
Bahasa Melayu: A: Pembentukan Malaysia membolehkan usaha keselamatan diselaraskan dengan lebih berkesan untuk membendung ancaman komunis di wilayah berkenaan."
F5 Chp 4,radio,Sabk_Q28,A,B,C,D,B,SABK/Picture28.png,"中文：国家水务理事会与国家安全及房屋理事会同属政府设立的协调机构。其他三个选项是宪法规定的国家理事会，应分清分类。答案纸参考：F5，第81页。
Bahasa Melayu: Majlis Air Negara, seperti majlis keselamatan dan perumahan, ditubuhkan oleh kerajaan untuk penyelarasan. Tiga pilihan lain ialah majlis yang diperuntukkan Perlembagaan. Rujukan skema: F5, halaman 81."
F5 Chp 4,radio,SarawakSibu_Q28,A,B,C,D,D,Sarawak Sibu/Picture28.png,"中文：题库及答案纸写D，但选项有疑点：课本列“公共福利”为共同清单，“地方政府”为州清单。按现有四项只有III属于共同清单，没有完全符合的组合。【答案纸参考：70；书页内容待逐页确认。】
Bahasa Melayu: Kunci dan skema mencatat D, tetapi pilihan bermasalah: buku teks meletakkan kebajikan awam dalam Senarai Bersama dan kerajaan tempatan dalam Senarai Negeri. Hanya III sesuai, maka tiada pasangan jawapan yang sepenuhnya tepat. [Rujukan skema: 70; kandungan halaman buku belum disahkan satu demi satu.]"
F5 Chp 4,radio,Sbp_Q28,A,B,C,D,D,SBP/Picture28.png,"中文：D：ESSCOM及ESSZONE把联邦与沙巴州政府的力量结合，提升沙巴东海岸的安全合作和协调。【答案纸参考：79；书页内容待逐页确认。】
Bahasa Melayu: D: ESSCOM dan ESSZONE memperkukuh kerjasama serta penyelarasan keselamatan antara Kerajaan Persekutuan dengan Kerajaan Sabah di pantai timur Sabah. [Rujukan skema: 79; kandungan halaman buku belum disahkan satu demi satu.]"
F5 Chp 4,radio,Selangor_Q28,A,B,C,D,D,Selangor/Picture28.png,"中文：D（III、IV）：协调海洋公园管理及野生动物保护法，让联邦与州共同保存自然财富。【答案纸参考：B4T5M74-75；书页内容待逐页确认。】
Bahasa Melayu: D (III dan IV): Penyelarasan pentadbiran taman laut dan Akta Pemuliharaan Hidupan Liar membolehkan kerjasama pemuliharaan khazanah alam. [Rujukan skema: B4T5M74-75; kandungan halaman buku belum disahkan satu demi satu.]"
F5 Chp 4,radio,Smka_Q28,A,B,C,D,D,SMKA/Picture28.png,"中文：D：FELCRA负责整合、恢复及开发土地，使土地更有生产力并改善居民收入。【答案纸参考：T5 Hal.72；书页内容待逐页确认。】
Bahasa Melayu: D: FELCRA menyatukan, memulihkan dan membangunkan tanah bagi meningkatkan produktiviti serta pendapatan penduduk. [Rujukan skema: T5 Hal.72; kandungan halaman buku belum disahkan satu demi satu.]"
F5 Chp 4,radio,Terengganu_Q28,A,B,C,D,B,Terengganu/Picture28.png,"中文：B：州务大臣及首席部长会议协调政府政策落实，促进联邦与各州合作。【答案纸参考：BAB 4- MS 80；书页内容待逐页确认。】
Bahasa Melayu: B: Mesyuarat Menteri Besar dan Ketua Menteri menyelaras pelaksanaan dasar serta kerjasama antara kerajaan negeri dengan Persekutuan. [Rujukan skema: BAB 4- MS 80; kandungan halaman buku belum disahkan satu demi satu.]"
F5 Chp 4,radio,SarawakSibu_Q29,A,B,C,D,B,Sarawak Sibu/Picture29.png,"中文：B：增加可负担房屋供应，让中等收入群体以较合理价格购买住所。【答案纸参考：76-77；书页内容待逐页确认。】
Bahasa Melayu: B: Pembinaan lebih banyak rumah mampu milik membolehkan golongan pertengahan memiliki kediaman pada harga yang munasabah. [Rujukan skema: 76-77; kandungan halaman buku belum disahkan satu demi satu.]"
F5 Chp 5,radio,JohorBahru_Q29,A,B,C,D,D,Johor Bahru/Picture29.png,"中文：Thailand 认为成立 Malaysia 有助东南亚的稳定与和平，因此支持这项联合构想，选D。（答案纸参考：F5，第97页。）
Bahasa Melayu: Thailand menyokong pembentukan Malaysia kerana melihatnya sebagai usaha mewujudkan keamanan dan kestabilan serantau, maka D tepat. Rujukan skema: Tingkatan 5, m.s. 97."
F5 Chp 5,radio,JohorKulaiSet_Q29,A,B,C,D,A,Johor Kulai Set 1/Picture29.png,"中文：课本的 Sabah 反对段落提到希望单独独立，并担忧 Borneo 与 Kuala Lumpur 距离遥远，I、II对应A；题中I只写Sarawak，表述不够完整。（答案纸参考：F5，第96页。）
Bahasa Melayu: Bahagian Sabah dalam buku teks menyebut keinginan merdeka secara berasingan dan masalah jarak Borneo–Kuala Lumpur, menyokong I dan II dalam A; pernyataan I hanya menyebut Sarawak dan kurang lengkap. Rujukan skema: Tingkatan 5, m.s. 96."
F5 Chp 5,radio,JohorKulaiSet_Q29,A,B,C,D,A,Johor Kulai Set 2/Picture29.png,"中文：Sabah Alliance 的成员包括 Democratic Party 与 Sabah Indian Congress，I、II对应A。（答案纸参考：F5，第96页。）
Bahasa Melayu: Democratic Party dan Sabah Indian Congress ialah anggota Sabah Alliance yang disenaraikan dalam buku teks; I dan II memberikan A. Rujukan skema: Tingkatan 5, m.s. 96."
F5 Chp 5,radio,JohorMuar_Q29,A,B,C,D,B,Johor Muar/Picture29.png,"中文：东姑提出成立马来西亚，除马来亚和沙巴外，也包括砂拉越、新加坡及文莱的构想。题目选项中砂拉越与新加坡正确，因此I和IV，即B。（答案纸参考：F5，第92页。）
Bahasa Melayu: Gagasan Malaysia oleh Tunku melibatkan Tanah Melayu, Sabah, Sarawak, Singapura dan Brunei dalam cadangan asal. Dalam senarai pilihan, Sarawak dan Singapura betul, maka I dan IV, iaitu B. Rujukan skema: Tingkatan 5, m.s. 92."
F5 Chp 5,radio,JohorPasirGudang_Q29,A,B,C,D,A,Johor Pasir Gudang/Picture29.png,"中文：菲律宾声称沙巴属于其领土，因此反对沙巴加入马来西亚。题目问反对原因，应选领土主张A，而不是移民被驱逐。（答案纸参考：F5，第97页。）
Bahasa Melayu: Filipina menentang penyertaan Sabah dalam Malaysia kerana mendakwa Sabah merupakan wilayahnya berdasarkan tuntutan sejarah. Oleh itu, A tepat. Rujukan skema: Tingkatan 5, m.s. 97."
F5 Chp 5,radio,JohorSegamatSet_Q29,A,B,C,D,C,Johor Segamat Set 1/Picture29.png,"中文：新加坡社会主义阵线认为马来西亚计划是一种新殖民主义，会延续外来影响。因此其反对理由是“新的殖民”，选C。（答案纸参考：F5，第97页。）
Bahasa Melayu: Barisan Sosialis menganggap pembentukan Malaysia sebagai satu bentuk penjajahan baharu atau neokolonialisme. Oleh itu, C tepat. Rujukan skema: Tingkatan 5, m.s. 97."
F5 Chp 5,radio,JohorSegamatSet_Q29,A,B,C,D,C,Johor Segamat Set 2/Picture29.png,"中文：部分沙巴领袖初期希望先取得自身独立，再考虑加入更大的联邦，因此反对立即成立马来西亚。选C。（答案纸参考：F5，第96页。）
Bahasa Melayu: Sebahagian pemimpin Sabah pada peringkat awal mahu memperoleh kemerdekaan secara berasingan terlebih dahulu sebelum menyertai Malaysia. Oleh itu, C tepat. Rujukan skema: Tingkatan 5, m.s. 96."
F5 Chp 5,radio,Kedah_Q29,A,B,C,D,B,Kedah/Picture29.png,"中文：联合国秘书长关于Sabah和Sarawak民意调查的报告未及时完成，使成立日期推迟至9月16日。答案纸参考：F5第104页。
Bahasa Melayu: Laporan Setiausaha PBB tentang tinjauan kehendak rakyat Sabah dan Sarawak lewat disiapkan, menyebabkan tarikh pembentukan ditunda ke 16 September. Rujukan skema: T5 ms.104."
F5 Chp 5,radio,Kelantan_Q29,A,B,C,D,C,Kelantan/Picture29.png,"中文：这些民族主义者提出Melayu Raya，将马来亚与印尼结合，以共同文化和独立斗争为基础。 答案纸参考：F5第92页。
Bahasa Melayu: Tokoh ini mencadangkan Melayu Raya yang menggabungkan Tanah Melayu dengan Indonesia berdasarkan persamaan budaya dan perjuangan kemerdekaan. Rujukan skema: T5 ms.92."
F5 Chp 5,radio,KualaLumpur_Q29,A,B,C,D,A,Kuala Lumpur/Picture29.png,"中文：Tory建议马来亚与新加坡合并主要为维护英国经济利益，包括贸易与区域市场。 答案纸参考：F5第91页。
Bahasa Melayu: Tory mencadangkan penyatuan Tanah Melayu dan Singapura untuk menjaga kepentingan ekonomi British termasuk perdagangan dan pasaran serantau. Rujukan skema: T5 ms.91."
F5 Chp 5,radio,Melaka_Q29,A,B,C,D,D,Melaka/Picture29.png,"中文：1962年公投征询新加坡人民对加入马来西亚方案的选择与支持。 答案纸参考：F5第100页。
Bahasa Melayu: Referendum 1962 mendapatkan pilihan dan sokongan rakyat Singapura terhadap cadangan penyertaan dalam Malaysia. Rujukan skema: T5 ms.100."
F5 Chp 5,radio,Mrsm_Q29,A,B,C,D,C,MRSM/Picture29.png,"中文：Tory建议合并是为维护英国经济利益，通过马来亚和新加坡的互补市场促进贸易。 答案纸参考：F5第91页。
Bahasa Melayu: Cadangan Tory menjaga kepentingan ekonomi British melalui pasaran dan perdagangan Tanah Melayu-Singapura yang saling melengkapi. Rujukan skema: T5 ms.91."
F5 Chp 5,radio,N_Q29,A,B,C,D,C,N9/Picture29.png,"中文：Azahari想成立北Kalimantan联合体，并担心Brunei加入马来西亚后失去财富，故II、III正确。 答案纸参考：F5第97页。
Bahasa Melayu: Azahari berminat membentuk kesatuan Kalimantan Utara dan bimbang Brunei kehilangan kekayaan selepas menyertai Malaysia; II dan III betul. Rujukan skema: T5 ms.97."
F5 Chp 5,radio,Pahang_Q29,A,B,C,D,C,Pahang/Picture29.png,"中文：C：把英国在东南亚的领地合并，可使分散地区的行政统筹更方便、更有效率。答案纸参考：F5第90页。
Bahasa Melayu: C: Penyatuan wilayah British di Asia Tenggara memudahkan penyelarasan pentadbiran yang sebelumnya berasingan. Rujukan skema: T5 ms. 90."
F5 Chp 5,radio,Perak_Q29,A,B,C,D,D,Perak/Picture29.png,"中文：沙巴部分人士最初担心成立马来西亚后失去自主，主张先取得自身独立，因此对建议抱有疑虑。答案纸参考：F5，第96页。
Bahasa Melayu: Sebahagian penduduk Sabah pada awalnya bimbang kehilangan autonomi dan mahu mencapai kemerdekaan terlebih dahulu, lalu meragui cadangan Malaysia. Rujukan skema: F5, halaman 96."
F5 Chp 5,radio,Perlis_Q29,A,B,C,D,C,Perlis/Picture29.png,"中文：英国提出合并殖民地，是推动非殖民化及逐步自治独立的安排，希望形成能稳定治理的政治单位。答案纸参考：F5，第91页。
Bahasa Melayu: Cadangan penggabungan tanah jajahan merupakan usaha dekolonisasi untuk menyediakan wilayah berkerajaan sendiri dan mencapai kemerdekaan dalam satu unit politik yang stabil. Rujukan skema: F5, halaman 91."
F5 Chp 5,radio,PulauPinang_Q29,A,B,C,D,D,Pulau Pinang/Picture29.png,"中文：加入马来西亚帮助沙巴及砂拉越摆脱殖民统治，并通过共同发展扩大经济机会，所以III和IV正确。答案纸参考：F5，第93页。
Bahasa Melayu: Pembentukan Malaysia mempercepat kemerdekaan Sabah dan Sarawak serta kemajuan ekonomi melalui pembangunan bersama. Maka III dan IV tepat. Rujukan skema: F5, halaman 93."
F5 Chp 5,radio,PutrajayaSet_Q29,A,B,C,D,D,Putrajaya set 1/Picture29.png,"中文：纳入沙巴及砂拉越有助平衡人口组成，是安全与区域发展之外的马来西亚成立因素。答案纸参考：F5，第93页。
Bahasa Melayu: Penyertaan Sabah dan Sarawak membantu mengimbangi komposisi penduduk, selain faktor keselamatan dan pembangunan wilayah dalam pembentukan Malaysia. Rujukan skema: F5, halaman 93."
F5 Chp 5,radio,PutrajayaSet_Q29,A,B,C,D,C,Putrajaya set 2/Picture29.png,"中文：这些民族主义领袖提出Melayu Raya，主张马来亚与印尼联合；这与后来1963年的马来西亚组成不同。答案纸参考：F5，第92页。
Bahasa Melayu: Tokoh tersebut mengemukakan gagasan Melayu Raya yang menggabungkan Tanah Melayu dengan Indonesia, berbeza daripada pembentukan Malaysia 1963. Rujukan skema: F5, halaman 92."
F5 Chp 5,radio,Sabah_Q29,A,B,C,D,A,Sabah/Picture29.png,"中文：A：1962年公投确认新加坡居民对加入马来西亚的支持及加入形式。
Bahasa Melayu: A: Referendum 1962 menentukan sokongan penduduk Singapura dan bentuk penyertaan mereka dalam Malaysia."
F5 Chp 5,radio,Sabk_Q29,A,B,C,D,B,SABK/Picture29.png,"中文：政府间委员会拟定宪政保障，保护沙巴及砂拉越在宗教、语言、移民等方面的利益。答案纸参考：F5，第102页。
Bahasa Melayu: JAK merangka perlindungan perlembagaan bagi kepentingan Sabah dan Sarawak, termasuk hal agama, bahasa dan imigresen. Rujukan skema: F5, halaman 102."
F5 Chp 5,radio,Sbp_Q29,A,B,C,D,C,SBP/Picture29.png,"中文：C：Cobbold委员会建议给予沙巴及砂拉越自治权和特别保障，联邦不得未经州政府同意就更改。【答案纸参考：100；书页内容待逐页确认。】
Bahasa Melayu: C: Suruhanjaya Cobbold mencadangkan kuasa autonomi dan jaminan khas bagi Sarawak serta Sabah yang tidak boleh diubah tanpa persetujuan kerajaan negeri berkenaan. [Rujukan skema: 100; kandungan halaman buku belum disahkan satu demi satu.]"
F5 Chp 5,radio,Selangor_Q29,A,B,C,D,D,Selangor/Picture29.png,"中文：D：Geofroy Tory认为马来亚与新加坡的经济联系紧密，联合能形成更有效的经济合作。【答案纸参考：B5T5M91；书页内容待逐页确认。】
Bahasa Melayu: D: Geofroy Tory melihat penggabungan Tanah Melayu dengan Singapura sebagai cara membentuk kerjasama ekonomi yang lebih berkesan. [Rujukan skema: B5T5M91; kandungan halaman buku belum disahkan satu demi satu.]"
F5 Chp 5,radio,Smka_Q29,A,B,C,D,B,SMKA/Picture29.png,"中文：B：本地民族主义者曾提出Melayu Raya，把同源地区联合；这属于马来西亚成立构想的早期背景。【答案纸参考：T5 Hal.92；书页内容待逐页确认。】
Bahasa Melayu: B: Nasionalis tempatan memperjuangkan Melayu Raya untuk menyatukan wilayah serumpun sebagai latar awal idea pembentukan Malaysia. [Rujukan skema: T5 Hal.92; kandungan halaman buku belum disahkan satu demi satu.]"
F5 Chp 5,radio,Terengganu_Q29,A,B,C,D,A,Terengganu/Picture29.png,"中文：A（I、II）：合并领土能发挥共同经济潜力，并加强区域安全，是有关英国官员的考虑。【答案纸参考：BAB 5- MS 91；书页内容待逐页确认。】
Bahasa Melayu: A (I dan II): Penggabungan wilayah dapat memanfaatkan potensi ekonomi dan memastikan keselamatan wilayah, selaras dengan cadangan pegawai British. [Rujukan skema: BAB 5- MS 91; kandungan halaman buku belum disahkan satu demi satu.]"
F5 Chp 5,radio,JohorBahru_Q30,A,B,C,D,A,Johor Bahru/Picture30.png,"中文：印尼领导层由 Sukarno 转向 Suharto 后改变政策，促使对抗结束，因此主要转折为领导层变化，选A。（答案纸参考：F5，第108页。）
Bahasa Melayu: Perubahan kepimpinan Indonesia daripada Sukarno kepada Suharto membawa perubahan dasar dan penamatan konfrontasi, maka A tepat. Rujukan skema: Tingkatan 5, m.s. 108."
F5 Chp 5,radio,JohorKulaiSet_Q30,A,B,C,D,D,Johor Kulai Set 1/Picture30.png,"中文：外交部向外界解释 Malaysia 的成立过程及立场，争取国际支持，对抗印尼指控，选D。（答案纸参考：F5，第108页。）
Bahasa Melayu: Kementerian Luar Negeri menerangkan pendirian dan proses pembentukan Malaysia untuk mendapatkan sokongan antarabangsa ketika konfrontasi, maka D tepat. Rujukan skema: Tingkatan 5, m.s. 108."
F5 Chp 5,radio,JohorKulaiSet_Q30,A,B,C,D,D,Johor Kulai Set 2/Picture30.png,"中文：印尼领导层改变政策后，马印对抗走向结束，选D。题表把1965年9月30日事件与Suharto就任总统直接并列，时间叙述过于简化，不宜当成准确就任日期。（答案纸参考：F5，第109页。）
Bahasa Melayu: Perubahan kepimpinan dan dasar Indonesia membawa penamatan konfrontasi, maka D tepat. Jadual terlalu memudahkan hubungan peristiwa 30 September 1965 dengan jawatan presiden Suharto; tarikh itu tidak patut dianggap tarikh pelantikan yang tepat. Rujukan skema: Tingkatan 5, m.s. 109."
F5 Chp 5,radio,JohorMuar_Q30,A,B,C,D,D,Johor Muar/Picture30.png,"中文：印尼以Ganyang Malaysia政策反对马来西亚成立，实行对抗行动。这个口号直接体现印尼的反对政策，因此选D。（答案纸参考：F5，第106页。）
Bahasa Melayu: Indonesia menentang pembentukan Malaysia melalui dasar konfrontasi dengan slogan Ganyang Malaysia. Dasar tersebut melibatkan tindakan untuk menggagalkan Malaysia, maka D tepat. Rujukan skema: Tingkatan 5, m.s. 106."
F5 Chp 5,radio,JohorPasirGudang_Q30,A,B,C,D,B,Johor Pasir Gudang/Picture30.png,"中文：马来西亚向联合国反映印尼的对抗与侵入，希望通过国际外交解决争端。因此答案B对应寻求联合国协助；举行谈判C也确实是终结对抗的措施，题目选项存在重叠。（答案纸参考：F5，第107页。）
Bahasa Melayu: Malaysia membawa isu konfrontasi ke PBB untuk mendapatkan penyelesaian secara diplomatik, selaras dengan B. Namun, siri rundingan dalam C juga merupakan usaha sebenar menamatkan konfrontasi, jadi pilihan ini mempunyai pertindihan. Rujukan skema: Tingkatan 5, m.s. 107."
F5 Chp 5,radio,JohorSegamatSet_Q30,A,B,C,D,C,Johor Segamat Set 1/Picture30.png,"中文：向联合国提出投诉，是通过国际组织、谈判与外交渠道解决争端，属于外交Diplomasi，并非军事挑衅。因此选C。（答案纸参考：F5，第107页。）
Bahasa Melayu: Membentangkan aduan kepada PBB ialah tindakan diplomasi untuk mendapatkan penyelesaian antarabangsa secara aman. Oleh itu, C tepat. Rujukan skema: Tingkatan 5, m.s. 107."
F5 Chp 5,radio,JohorSegamatSet_Q30,A,B,C,D,B,Johor Segamat Set 2/Picture30.png,"中文：现有答案及答案纸B强调恢复外交联系；1966年正常化协议使两国关系恢复。须注意A“结束对抗政策”也是协议的重要意义，且外交关系是恢复而非首次建立，题目选项有重叠。（答案纸参考：F5，第109页。）
Bahasa Melayu: Jawapan semasa dan skema B menekankan pemulihan hubungan diplomatik melalui persetujuan normalisasi 1966. Namun, penamatan konfrontasi dalam A juga merupakan kepentingan utama; hubungan diplomatik dipulihkan, bukan diwujudkan buat kali pertama. Pilihan mempunyai pertindihan. Rujukan skema: Tingkatan 5, m.s. 109."
F5 Chp 5,radio,Kedah_Q30,A,B,C,D,C,Kedah/Picture30.png,"中文：各委员会和谈判通过协商兼顾各地区利益，体现容忍、接受不同意见的态度。答案纸参考：F5第99–102页。
Bahasa Melayu: Jawatankuasa dan rundingan mengambil kira kepentingan wilayah melalui perbincangan, menunjukkan toleransi serta penerimaan pandangan berbeza. Rujukan skema: T5 ms.99–102."
F5 Chp 5,radio,Kelantan_Q30,A,B,C,D,A,Kelantan/Picture30.png,"中文：Cobbold报告显示多数民众支持成立马来西亚，并建议保障Sabah、Sarawak的自治权，故I、II正确。 答案纸参考：F5第100页。
Bahasa Melayu: Laporan Cobbold menunjukkan majoriti menyokong Malaysia dan mencadangkan jaminan kuasa autonomi Sabah serta Sarawak; I dan II betul. Rujukan skema: T5 ms.100."
F5 Chp 5,radio,KualaLumpur_Q30,A,B,C,D,D,Kuala Lumpur/Picture30.png,"中文：联合国民意调查报告到9月14日才完成，因此原定8月31日成立马来西亚推迟至9月16日。 答案纸参考：F5第104页。
Bahasa Melayu: Laporan tinjauan PBB siap pada 14 September, menyebabkan pembentukan Malaysia pada 31 Ogos ditangguhkan kepada 16 September. Rujukan skema: T5 ms.104."
F5 Chp 5,radio,Melaka_Q30,A,B,C,D,B,Melaka/Picture30.png,"中文：Manila会谈讨论印尼对抗及成立马来西亚引起的分歧，寻求通过外交解决。 答案纸参考：F5第108页。
Bahasa Melayu: Mesyuarat Manila membincangkan konfrontasi dan pertentangan tentang Malaysia untuk mencari penyelesaian diplomatik. Rujukan skema: T5 ms.108."
F5 Chp 5,radio,Mrsm_Q30,A,B,C,D,D,MRSM/Picture30.png,"中文：Azahari担心Brunei加入后损失财富，认为英国借合并延续经济影响，因此为保护经济利益而反对。 答案纸参考：F5第97页。
Bahasa Melayu: Azahari bimbang Brunei kehilangan kekayaan dan British mengekalkan pengaruh ekonomi melalui Malaysia, lalu menentang demi kepentingan ekonomi. Rujukan skema: T5 ms.97."
F5 Chp 5,radio,N_Q30,A,B,C,D,D,N9/Picture30.png,"中文：马来西亚向联合国提出印尼入侵的投诉，以国际外交方式捍卫主权。 答案纸参考：F5第107页。
Bahasa Melayu: Malaysia membentangkan aduan pencerobohan Indonesia di PBB untuk mempertahankan kedaulatan melalui diplomasi antarabangsa. Rujukan skema: T5 ms.107."
F5 Chp 5,radio,Pahang_Q30,A,B,C,D,A,Pahang/Picture30.png,"中文：A：Azahari认为马来西亚方案会延续英国殖民影响，也担忧文莱失去资源利益，因此I与II对应反对理由。答案纸参考：F5第97页。
Bahasa Melayu: A: A.M. Azahari menganggap gagasan Malaysia mengukuhkan pengaruh penjajah dan menimbulkan kebimbangan kehilangan sumber kekayaan Brunei. Maka I dan II tepat. Rujukan skema: T5 ms. 97."
F5 Chp 5,radio,Perak_Q30,A,B,C,D,D,Perak/Picture30.png,"中文：科博尔委员会到沙巴和砂拉越收集居民对成立马来西亚的意见，评估当地支持程度。答案纸参考：F5，第100页。
Bahasa Melayu: Suruhanjaya Cobbold meninjau pendapat penduduk Sabah dan Sarawak tentang pembentukan Malaysia serta menilai tahap sokongan mereka. Rujukan skema: F5, halaman 100."
F5 Chp 5,radio,Perlis_Q30,A,B,C,D,A,Perlis/Picture30.png,"中文：调查居民支持程度的是科博尔委员会；其报告指出约三分之二支持马来西亚，包括附带保障要求的支持者。答案纸参考：F5，第100页。
Bahasa Melayu: Suruhanjaya Cobbold meninjau pendapat rakyat dan melaporkan kira-kira dua pertiga menyokong Malaysia, termasuk sokongan dengan syarat perlindungan tertentu. Rujukan skema: F5, halaman 100."
F5 Chp 5,radio,PulauPinang_Q30,A,B,C,D,B,Pulau Pinang/Picture30.png,"中文：JSKM提供讨论及解释马来西亚建议的平台，促进各地代表理解与合作；调查居民意见主要是科博尔委员会的任务。答案纸参考：F5，第99页。
Bahasa Melayu: JSKM menyediakan ruang perbincangan dan penerangan tentang Malaysia. Meninjau pendapat penduduk secara khusus ialah tugas Suruhanjaya Cobbold. Rujukan skema: F5, halaman 99."
F5 Chp 5,radio,PutrajayaSet_Q30,A,B,C,D,D,Putrajaya set 1/Picture30.png,"中文：JSKM向沙巴及砂拉越居民解释建议、提供讨论平台并加强信心，以争取对成立马来西亚的支持。答案纸参考：F5，第99页。
Bahasa Melayu: JSKM memberikan penerangan dan ruang perbincangan untuk meyakinkan penduduk Sabah serta Sarawak tentang manfaat pembentukan Malaysia. Rujukan skema: F5, halaman 99."
F5 Chp 5,radio,PutrajayaSet_Q30,A,B,C,D,D,Putrajaya set 2/Picture30.png,"中文：科博尔委员会收集沙巴及砂拉越居民意见，评估他们对成立马来西亚的支持及所需保障。答案纸参考：F5，第100页。
Bahasa Melayu: Suruhanjaya Cobbold menilai sokongan penduduk Sabah dan Sarawak serta syarat perlindungan yang diminta bagi pembentukan Malaysia. Rujukan skema: F5, halaman 100."
F5 Chp 5,radio,Sabah_Q30,A,B,C,D,B,Sabah/Picture30.png,"中文：B：新加坡政府与中央在政策、经济及政治方向上出现分歧，不遵从联邦政策加剧冲突。
Bahasa Melayu: B: Perbezaan dasar politik dan ekonomi serta keengganan mematuhi dasar Kerajaan Persekutuan meningkatkan konflik dengan Singapura."
F5 Chp 5,radio,Sabk_Q30,A,B,C,D,D,SABK/Picture30.png,"中文：印尼领导改变后展开谈判，最终结束对抗并恢复关系。题干把正常化协议写成1965年不准确，协议签署日期是1966年8月11日。课本参考：F5，第109页。
Bahasa Melayu: Perubahan kepimpinan Indonesia membawa rundingan dan penamatan konfrontasi. Perjanjian normalisasi ditandatangani pada 11 Ogos 1966, bukan 1965 seperti dinyatakan soalan. Rujukan buku teks: F5, halaman 109."
F5 Chp 5,radio,SarawakSibu_Q30,A,B,C,D,C,Sarawak Sibu/Picture30.png,"中文：C：Melayu Raya构想主张马来亚与印度尼西亚联合，以同源民族团结争取独立。【答案纸参考：92；书页内容待逐页确认。】
Bahasa Melayu: C: Konsep Melayu Raya mencadangkan penggabungan Tanah Melayu dengan Indonesia bagi menyatukan bangsa serumpun dalam perjuangan kemerdekaan. [Rujukan skema: 92; kandungan halaman buku belum disahkan satu demi satu.]"
F5 Chp 5,radio,Sbp_Q30,A,B,C,D,D,SBP/Picture30.png,"中文：D（III、IV）：MA63规定沙巴及砂拉越在行政与教育等领域享有过渡期，英国亦承认其在马来西亚内的主权；协议原订成立日期为8月31日，并非9月16日。【答案纸参考：103；书页内容待逐页确认。】
Bahasa Melayu: D (III dan IV): MA63 memperuntukkan tempoh peralihan dan pengiktirafan kedaulatan Sarawak serta Sabah oleh British. Tarikh asal dalam perjanjian ialah 31 Ogos 1963, bukannya 16 September. [Rujukan skema: 103; kandungan halaman buku belum disahkan satu demi satu.]"
F5 Chp 5,radio,Selangor_Q30,A,B,C,D,B,Selangor/Picture30.png,"中文：B：JSKM收集当地人民意见、解释马来西亚构想并提供讨论平台，以建立共识。【答案纸参考：B5T5M99；书页内容待逐页确认。】
Bahasa Melayu: B: JSKM mengumpulkan pandangan penduduk setempat, menyebarkan maklumat dan menyediakan ruang perbincangan untuk mencapai persetujuan. [Rujukan skema: B5T5M99; kandungan halaman buku belum disahkan satu demi satu.]"
F5 Chp 5,radio,Smka_Q30,A,B,C,D,B,SMKA/Picture30.png,"中文：B：Cobbold委员会调查沙巴及砂拉越居民对加入马来西亚的看法，确认当地反应。【答案纸参考：T5 Hal.100；书页内容待逐页确认。】
Bahasa Melayu: B: Suruhanjaya Cobbold meninjau pendapat penduduk Sarawak dan Sabah tentang cadangan menyertai Malaysia. [Rujukan skema: T5 Hal.100; kandungan halaman buku belum disahkan satu demi satu.]"
F5 Chp 5,radio,Terengganu_Q30,A,B,C,D,D,Terengganu/Picture30.png,"中文：D：新加坡公投让居民表达加入马来西亚的形式选择，不是调查Cobbold自治报告。【答案纸参考：BAB 5- MS 100；书页内容待逐页确认。】
Bahasa Melayu: D: Referendum Singapura menentukan bentuk pilihan penduduk untuk menyertai Malaysia, bukan menilai laporan autonomi Suruhanjaya Cobbold. [Rujukan skema: BAB 5- MS 100; kandungan halaman buku belum disahkan satu demi satu.]"
F5 Chp 5,radio,SarawakSibu_Q31,A,B,C,D,D,Sarawak Sibu/Picture31.png,"中文：D（III、IV）：英国官员希望联合有关领土，发挥经济潜力并加强区域安全。【答案纸参考：91；书页内容待逐页确认。】
Bahasa Melayu: D (III dan IV): Pegawai British mencadangkan penggabungan wilayah untuk memanfaatkan potensi ekonomi dan memperkasa keselamatan wilayah. [Rujukan skema: 91; kandungan halaman buku belum disahkan satu demi satu.]"
F5 Chp 6,radio,JohorBahru_Q31,A,B,C,D,D,Johor Bahru/Picture31.png,"中文：Malaysian Malaysia 运动要求所有公民获得平等权利，题目对应 hak sama rata，选D。（答案纸参考：F5，第119页。）
Bahasa Melayu: Kempen Malaysian Malaysia menuntut hak sama rata bagi semua warganegara, maka D tepat. Rujukan skema: Tingkatan 5, m.s. 119."
F5 Chp 6,radio,JohorKulaiSet_Q31,A,B,C,D,B,Johor Kulai Set 1/Picture31.png,"中文：Malaysian Malaysia 加剧联邦与新加坡的政治分歧，是新加坡分离的政治因素之一，选B。（答案纸参考：F5，第119页。）
Bahasa Melayu: Kempen Malaysian Malaysia menambahkan pertikaian politik antara kerajaan Persekutuan dengan Singapura dan menjadi salah satu faktor pemisahan, maka B tepat. Rujukan skema: Tingkatan 5, m.s. 119."
F5 Chp 6,radio,JohorKulaiSet_Q31,A,B,C,D,B,Johor Kulai Set 2/Picture31.png,"中文：为避免政治分歧继续损害国家稳定与族群关系，联邦决定接受分离，以整体国家利益为考量，选B。（答案纸参考：F5，第120页。）
Bahasa Melayu: Pemisahan dipersetujui demi kepentingan negara untuk mengelakkan pertikaian terus menggugat kestabilan dan hubungan kaum, maka B tepat. Rujukan skema: Tingkatan 5, m.s. 120."
F5 Chp 6,radio,JohorMuar_Q31,A,B,C,D,A,Johor Muar/Picture31.png,"中文：新加坡与中央政府的政治、经济及族群矛盾不断加剧，族群冲突威胁稳定，最终双方同意分离。因此选A所指的族群问题。（答案纸参考：F5，第119页。）
Bahasa Melayu: Pemisahan Singapura berlaku akibat ketegangan politik, ekonomi dan perkauman yang menjejaskan kestabilan Malaysia. Masalah perkauman merupakan salah satu faktor penting, maka A tepat. Rujukan skema: Tingkatan 5, m.s. 119."
F5 Chp 6,radio,JohorPasirGudang_Q31,A,B,C,D,D,Johor Pasir Gudang/Picture31.png,"中文：共产党跨境藏匿，单独在境内行动不足以解决问题。马来西亚与泰国签订边境合作协定，联合遏制跨境活动，因此选D。（答案纸参考：F5，第125页。）
Bahasa Melayu: Kegiatan komunis yang merentas sempadan memerlukan kerjasama dua negara. Perjanjian kerjasama sempadan Malaysia-Thailand membolehkan tindakan bersama untuk membanteras kegiatan tersebut, maka D tepat. Rujukan skema: Tingkatan 5, m.s. 125."
F5 Chp 6,radio,JohorSegamatSet_Q31,A,B,C,D,B,Johor Segamat Set 1/Picture31.png,"中文：新加坡与中央政府在平等权利议题及领导人关系上出现矛盾，导致政治紧张。因此I和IV属于分离因素，选B。（答案纸参考：F5，第119页。）
Bahasa Melayu: Pertentangan mengenai hak sama rata dan hubungan antara pemimpin menimbulkan ketegangan antara Singapura dengan kerajaan pusat. Oleh itu, I dan IV betul, iaitu B. Rujukan skema: Tingkatan 5, m.s. 119."
F5 Chp 6,radio,JohorSegamatSet_Q31,A,B,C,D,B,Johor Segamat Set 2/Picture31.png,"中文：新加坡与中央政府在政策及政治方向上有矛盾，影响联邦稳定，因此题目B概括双方不愿接受共同政策的冲突。分离原因还包括经济及族群问题。（答案纸参考：F5，第119页。）
Bahasa Melayu: Perbezaan pendirian Singapura terhadap dasar kerajaan pusat menimbulkan ketegangan politik. B merujuk konflik tersebut; pemisahan turut melibatkan isu ekonomi dan perkauman. Rujukan skema: Tingkatan 5, m.s. 119."
F5 Chp 6,radio,Kedah_Q31,A,B,C,D,D,Kedah/Picture31.png,"中文：内陆学校不足及交通通讯落后，限制Sabah和Sarawak人民获得教育和发展机会，所以III、IV正确。答案纸参考：F5第116页。
Bahasa Melayu: Kekurangan sekolah pedalaman serta masalah pengangkutan dan perhubungan mengehadkan pendidikan dan pembangunan Sabah serta Sarawak, maka III dan IV betul. Rujukan skema: T5 ms.116."
F5 Chp 6,radio,Kelantan_Q31,A,B,C,D,A,Kelantan/Picture31.png,"中文：族群紧张及PAP提出平等权利的政治口号，造成与联邦政府冲突，促成分离。 答案纸参考：F5第119页。
Bahasa Melayu: Masalah perkauman dan tuntutan hak sama rata oleh PAP menimbulkan pertentangan dengan kerajaan persekutuan sehingga menyumbang pemisahan. Rujukan skema: T5 ms.119."
F5 Chp 6,radio,KualaLumpur_Q31,A,B,C,D,D,Kuala Lumpur/Picture31.png,"中文：Sarawak首席部长与州议员间的宪法危机破坏政治稳定并威胁州安全。 答案纸参考：F5第118页。
Bahasa Melayu: Krisis perlembagaan antara Ketua Menteri Sarawak dan ahli negeri menggugat kestabilan politik serta keselamatan negeri. Rujukan skema: T5 ms.118."
F5 Chp 6,radio,Melaka_Q31,A,B,C,D,A,Melaka/Picture31.png,"中文：族群紧张及新加坡和联邦领袖的政治冲突损害合作，成为分离因素，所以I、II正确。 答案纸参考：F5第119页。
Bahasa Melayu: Ketegangan kaum dan konflik politik pemimpin Singapura-persekutuan menjejaskan kerjasama serta menyumbang pemisahan; I dan II betul. Rujukan skema: T5 ms.119."
F5 Chp 6,radio,Mrsm_Q31,A,B,C,D,C,MRSM/Picture31.png,"中文：平等权利的政治诉求及相关族群宣传加剧马来人与华人紧张，促成1964年骚乱。 答案纸参考：F5第119页。
Bahasa Melayu: Tuntutan hak sama rata dan propaganda berkaitan kaum meningkatkan ketegangan Melayu-Cina sehingga menyumbang rusuhan 1964. Rujukan skema: T5 ms.119."
F5 Chp 6,radio,N_Q31,A,B,C,D,A,N9/Picture31.png,"中文：平等权利的政治要求及有关族群宣传激化紧张，成为1964年新加坡骚乱背景。 答案纸参考：F5第119页。
Bahasa Melayu: Tuntutan persamaan hak dan propaganda berkaitan kaum meningkatkan ketegangan yang membawa rusuhan Singapura 1964. Rujukan skema: T5 ms.119."
F5 Chp 6,radio,Pahang_Q31,A,B,C,D,B,Pahang/Picture31.png,"中文：B：马来西亚与新加坡领导人通过协商达成分离安排，避免以暴力解决政治及经济矛盾。答案纸参考：F5第120页。
Bahasa Melayu: B: Pemimpin Malaysia dan Singapura menggunakan rundingan untuk mencapai persetujuan pemisahan dan mengelakkan penyelesaian secara kekerasan. Rujukan skema: T5 ms. 120."
F5 Chp 6,radio,Perak_Q31,A,B,C,D,A,Perak/Picture31.png,"中文：“Malaysian Malaysia”的主张涉及各族政治权利，并与当时宪法保障的马来人及土著特殊地位产生争议，加剧中央与新加坡的紧张关系。答案纸参考：F5，第119页。
Bahasa Melayu: Slogan Malaysian Malaysia menimbulkan pertikaian tentang hak politik kaum dan kedudukan istimewa orang Melayu serta bumiputera yang dilindungi Perlembagaan, lalu memburukkan hubungan dengan Singapura. Rujukan skema: F5, halaman 119."
F5 Chp 6,radio,Perlis_Q31,A,B,C,D,C,Perlis/Picture31.png,"中文：沙巴及砂拉越地形及道路建设受限，河流是居民往来和运送货物的重要通道。答案纸参考：F5，第117页。
Bahasa Melayu: Keadaan muka bumi dan kekurangan jalan di Sabah serta Sarawak menjadikan sungai laluan utama perhubungan dan pengangkutan. Rujukan skema: F5, halaman 117."
F5 Chp 6,radio,PulauPinang_Q31,A,B,C,D,A,Pulau Pinang/Picture31.png,"中文：政府运用国内安全法对付威胁国家安全的共产党活动，以加强防范；这不是说该法律在1975年才创立。答案纸参考：F5，第125页。
Bahasa Melayu: Kerajaan menggunakan Akta Keselamatan Dalam Negeri untuk menangani ancaman komunis dan memperkukuh keselamatan. Akta tersebut bukan baru diwujudkan pada 1975. Rujukan skema: F5, halaman 125."
F5 Chp 6,radio,PutrajayaSet_Q31,A,B,C,D,A,Putrajaya set 1/Picture31.png,"中文：MAGERAN在513事件后恢复秩序及族群和谐，故I和II正确；并非废除煽动法或帮助报刊自由出版。答案纸参考：F5，第130页。
Bahasa Melayu: MAGERAN bertanggungjawab mengembalikan keamanan dan keharmonian kaum selepas 13 Mei, maka I dan II tepat. Rujukan skema: F5, halaman 130."
F5 Chp 6,radio,PutrajayaSet_Q31,A,B,C,D,C,Putrajaya set 2/Picture31.png,"中文：新国家具有不同族群、区域及社会背景，巩固族群团结是成立马来西亚后的重要内部挑战。答案纸参考：F5，第118页。
Bahasa Melayu: Kepelbagaian kaum, wilayah dan latar masyarakat menjadikan pengukuhan perpaduan kaum cabaran dalaman selepas pembentukan Malaysia. Rujukan skema: F5, halaman 118."
F5 Chp 6,radio,Sabah_Q31,A,B,C,D,D,Sabah/Picture31.png,"中文：D：DEB通过消除贫穷及重组社会，减少分而治之遗留的族群经济不平衡。
Bahasa Melayu: D: DEB membasmi kemiskinan dan menyusun semula masyarakat untuk mengurangkan ketidakseimbangan ekonomi antara kaum akibat dasar pecah dan perintah."
F5 Chp 6,radio,Sabk_Q31,A,B,C,D,C,SABK/Picture31.png,"中文：沙巴与砂拉越面积广阔且地形复杂，使建设道路及联系偏远聚落需要较高成本与时间。答案纸参考：F5，第117页。
Bahasa Melayu: Saiz negeri yang besar dan bentuk muka bumi Sabah serta Sarawak menyukarkan pembangunan jalan dan perhubungan ke pedalaman. Rujukan skema: F5, halaman 117."
F5 Chp 6,radio,Sbp_Q31,A,B,C,D,B,SBP/Picture31.png,"中文：B：Stephen Kalong Ningkan赢得复职诉讼后，Council Negri通过不信任动议，使他失去州议会支持。【答案纸参考：118；书页内容待逐页确认。】
Bahasa Melayu: B: Selepas Stephen Kalong Ningkan memenangi kes pemecatannya, Council Negri melaksanakan undi tidak percaya terhadap beliau. [Rujukan skema: 118; kandungan halaman buku belum disahkan satu demi satu.]"
F5 Chp 6,radio,Selangor_Q31,A,B,C,D,A,Selangor/Picture31.png,"中文：A：争取平等权利的政治主张及族群反应加剧紧张，成为1964年新加坡骚乱的背景。【答案纸参考：B6T5M119；书页内容待逐页确认。】
Bahasa Melayu: A: Tuntutan hak sama rata dan pertentangan politik perkauman meningkatkan ketegangan sehingga mencetuskan rusuhan Singapura 1964. [Rujukan skema: B6T5M119; kandungan halaman buku belum disahkan satu demi satu.]"
F5 Chp 6,radio,Smka_Q31,A,B,C,D,C,SMKA/Picture31.png,"中文：C（II、III）：各方共识及领袖与人民合作，使独立与成立马来西亚的谈判得以成功。【答案纸参考：T5 Hal.109；书页内容待逐页确认。】
Bahasa Melayu: C (II dan III): Kesepakatan serta muafakat antara pemimpin dengan rakyat menjadi asas kejayaan kemerdekaan dan pembentukan Malaysia. [Rujukan skema: T5 Hal.109; kandungan halaman buku belum disahkan satu demi satu.]"
F5 Chp 6,radio,Terengganu_Q31,A,B,C,D,A,Terengganu/Picture31.png,"中文：A（I、II）：成立马来西亚后，政府面对族群团结及地区发展、经济差距等挑战。【答案纸参考：BAB 6- MS 117 & 118；书页内容待逐页确认。】
Bahasa Melayu: A (I dan II): Selepas pembentukan Malaysia, kerajaan menghadapi cabaran pemaduan kaum serta pembangunan dan ekonomi wilayah. [Rujukan skema: BAB 6- MS 117 & 118; kandungan halaman buku belum disahkan satu demi satu.]"
F5 Chp 6,radio,JohorBahru_Q32,A,B,C,D,C,Johor Bahru/Picture32.png,"中文：发展加工工业可增加产品附加值及生产种类，减少单靠橡胶、锡原料出口的风险，选C。（答案纸参考：F5，第127页。）
Bahasa Melayu: Kemajuan industri pemprosesan menambah nilai dan mempelbagaikan pengeluaran, sekali gus mengurangkan pergantungan pada eksport getah serta bijih timah, maka C tepat. Rujukan skema: Tingkatan 5, m.s. 127."
F5 Chp 6,radio,JohorKulaiSet_Q32,A,B,C,D,C,Johor Kulai Set 1/Picture32.png,"中文：第一马来西亚计划要改善人民较低的社会经济水平及城乡、地区差距，选C；“失业率下降”不是要解决的问题。（答案纸参考：F5，第127页。）
Bahasa Melayu: Rancangan Malaysia Pertama menangani kedudukan sosioekonomi yang rendah serta jurang pembangunan, maka C tepat; penurunan pengangguran bukan masalah dalam pilihan D. Rujukan skema: Tingkatan 5, m.s. 127."
F5 Chp 6,radio,JohorKulaiSet_Q32,A,B,C,D,C,Johor Kulai Set 2/Picture32.png,"中文：增加不同农产与商品种类，可分散国际价格下降的风险，减少只靠橡胶和锡，选C。（答案纸参考：F5，第127页。）
Bahasa Melayu: Mempelbagaikan pengeluaran komoditi mengurangkan risiko turun naik harga dan pergantungan pada getah serta bijih timah, maka C tepat. Rujukan skema: Tingkatan 5, m.s. 127."
F5 Chp 6,radio,JohorMuar_Q32,A,B,C,D,D,Johor Muar/Picture32.png,"中文：第一马来西亚计划需要应对人民收入低与教育程度低的问题，以改善生活水平并发展经济。题目组合中III和IV符合这些社会经济挑战，所以选D。（答案纸参考：F5，第127页。）
Bahasa Melayu: Rancangan Malaysia Pertama menangani pendapatan penduduk yang rendah dan taraf pendidikan yang masih rendah bagi meningkatkan kesejahteraan serta pembangunan. Oleh itu, III dan IV betul, iaitu D. Rujukan skema: Tingkatan 5, m.s. 127."
F5 Chp 6,radio,JohorPasirGudang_Q32,A,B,C,D,B,Johor Pasir Gudang/Picture32.png,"中文：职业及技术训练中心让人民掌握就业所需技能，改善技能不足及失业问题。因此针对有限就业机会的措施是B。（答案纸参考：F5，第128页。）
Bahasa Melayu: Pusat latihan vokasional dan teknikal membekalkan kemahiran yang diperlukan pasaran kerja. Latihan ini meningkatkan kebolehpasaran penduduk dan membantu mengurangkan pengangguran, maka B tepat. Rujukan skema: Tingkatan 5, m.s. 128."
F5 Chp 6,radio,JohorSegamatSet_Q32,A,B,C,D,D,Johor Segamat Set 1/Picture32.png,"中文：职业与技术训练提升就业技能，帮助失业者适应工作需求，故选D。题干“就业机会增加”疑似应为“就业机会有限”，否则与这组问题描述不一致。（答案纸参考：F5，第128页。）
Bahasa Melayu: Pusat latihan vokasional dan teknikal meningkatkan kemahiran serta peluang mendapatkan pekerjaan, maka D tepat. Frasa peluang pekerjaan meningkat dalam soalan dipercayai tersalah tulis; konteks masalah lebih sesuai dengan peluang pekerjaan terhad. Rujukan skema: Tingkatan 5, m.s. 128."
F5 Chp 6,radio,JohorSegamatSet_Q32,A,B,C,D,D,Johor Segamat Set 2/Picture32.png,"中文：发展油棕及可可等新商品，能够减少出口过度依赖橡胶和锡矿的风险，促进经济多元化。因此选D。（答案纸参考：F5，第127页。）
Bahasa Melayu: Penanaman kelapa sawit dan koko mempelbagaikan eksport serta mengurangkan kebergantungan kepada getah dan bijih timah. Oleh itu, D tepat. Rujukan skema: Tingkatan 5, m.s. 127."
F5 Chp 6,radio,Kedah_Q32,A,B,C,D,D,Kedah/Picture32.png,"中文：MAGERAN在1969年骚乱后负责恢复治安、秩序与政府运作，因此选D。答案纸参考：F5第130页。
Bahasa Melayu: MAGERAN ditubuhkan selepas rusuhan 1969 untuk memulihkan ketenteraman, keamanan dan pentadbiran negara, D. Rujukan skema: T5 ms.130."
F5 Chp 6,radio,Kelantan_Q32,A,B,C,D,D,Kelantan/Picture32.png,"中文：政府立即宣布紧急状态，以特别措施恢复秩序并制止1969年族群暴力。 答案纸参考：F5第129页。
Bahasa Melayu: Kerajaan segera mengisytiharkan darurat untuk mengambil langkah khas memulihkan ketenteraman dan menghentikan keganasan kaum 1969. Rujukan skema: T5 ms.129."
F5 Chp 6,radio,KualaLumpur_Q32,A,B,C,D,A,Kuala Lumpur/Picture32.png,"中文：MAGERAN执行煽动法令，限制挑动族群敌意的言论，以恢复社会秩序。 答案纸参考：F5第130页。
Bahasa Melayu: MAGERAN menguatkuasakan Akta Hasutan untuk membendung ucapan yang membangkitkan permusuhan kaum dan memulihkan ketenteraman. Rujukan skema: T5 ms.130."
F5 Chp 6,radio,Melaka_Q32,A,B,C,D,A,Melaka/Picture32.png,"中文：宣布白区和提供赦免争取居民支持、鼓励共产党投降，属于心理战。 答案纸参考：F5第121页。
Bahasa Melayu: Pengisytiharan kawasan putih dan tawaran pengampunan memenangi sokongan rakyat serta menggalakkan penyerahan komunis, iaitu perang saraf. Rujukan skema: T5 ms.121."
F5 Chp 6,radio,Mrsm_Q32,A,B,C,D,B,MRSM/Picture32.png,"中文：MAGERAN暂停报刊出版以阻止挑动族群仇恨的消息，控制紧急时期秩序。 答案纸参考：F5第130页。
Bahasa Melayu: MAGERAN menggantung penerbitan akhbar untuk membendung berita yang membangkitkan permusuhan kaum dan mengawal ketenteraman. Rujukan skema: T5 ms.130."
F5 Chp 6,radio,N_Q32,A,B,C,D,B,N9/Picture32.png,"中文：开发新区及争取世界银行援助可提升落后地区，缩小城乡和地区间生活水平差距。 答案纸参考：F5第128页。
Bahasa Melayu: Pembukaan kawasan dan bantuan Bank Dunia membangunkan kawasan ketinggalan untuk mengurangkan perbezaan taraf hidup antara wilayah. Rujukan skema: T5 ms.128."
F5 Chp 6,radio,Pahang_Q32,A,B,C,D,D,Pahang/Picture32.png,"中文：D：心理战争取人民支持；跨境合作阻止共产党利用边境基地活动，两者互补，即III和IV。答案纸参考：F5第121、125页。
Bahasa Melayu: D: Perang saraf memperoleh sokongan rakyat, manakala kerjasama sempadan menyekat pergerakan serta pangkalan komunis. III dan IV saling melengkapi. Rujukan skema: T5 ms. 121, 125."
F5 Chp 6,radio,Perak_Q32,A,B,C,D,A,Perak/Picture32.png,"中文：职业培训让失业者获得工作技能，提高就业机会，是处理技能不足及工作机会有限问题的措施。答案纸参考：F5，第128页。
Bahasa Melayu: Latihan vokasional memberi kemahiran pekerjaan kepada penganggur dan meningkatkan peluang mendapat kerja bagi menangani masalah kekurangan kemahiran serta peluang pekerjaan. Rujukan skema: F5, halaman 128."
F5 Chp 6,radio,Perlis_Q32,A,B,C,D,A,Perlis/Picture32.png,"中文：新加坡族群关系因平等权利诉求及相关政治争议而紧张，1964年出现种族骚乱；这是当时政治背景，并非说争取平等本身必然引起骚乱。答案纸参考：F5，第119页。
Bahasa Melayu: Tuntutan hak sama rata dan pertikaian politik meningkatkan ketegangan hubungan kaum di Singapura sehingga berlaku rusuhan 1964. Ini konteks pertikaian ketika itu, bukan bermaksud kesamarataan semestinya menyebabkan rusuhan. Rujukan skema: F5, halaman 119."
F5 Chp 6,radio,PulauPinang_Q32,A,B,C,D,A,Pulau Pinang/Picture32.png,"中文：513事件提醒各族必须合作、互相理解并避免挑动仇恨，才能维护国家和平与社会和谐。答案纸参考：F5，第129页。
Bahasa Melayu: Peristiwa 13 Mei mengajar rakyat supaya bekerjasama, saling memahami dan menjauhi sentimen kebencian demi keamanan serta keharmonian. Rujukan skema: F5, halaman 129."
F5 Chp 6,radio,PutrajayaSet_Q32,A,B,C,D,A,Putrajaya set 1/Picture32.png,"中文：心理战通过宣传、解释及争取民心削弱共产党支持，使居民愿意与政府合作或促使成员投降。答案纸参考：F5，第121页。
Bahasa Melayu: Perang saraf menggunakan penerangan dan usaha memenangi hati rakyat untuk melemahkan sokongan kepada komunis serta mendorong kerjasama atau penyerahan diri. Rujukan skema: F5, halaman 121."
F5 Chp 6,radio,PutrajayaSet_Q32,A,B,C,D,C,Putrajaya set 2/Picture32.png,"中文：第一大马计划推动经济及乡区发展，改善收入、设施及生活条件，以提高人民生活水平。答案纸参考：F5，第127页。
Bahasa Melayu: RMK Pertama membangunkan ekonomi dan luar bandar, meningkatkan pendapatan serta kemudahan untuk menaikkan taraf hidup rakyat. Rujukan skema: F5, halaman 127."
F5 Chp 6,radio,Sabah_Q32,A,B,C,D,B,Sabah/Picture32.png,"中文：B（I、IV）：共同课程及马来语教学媒介为学生提供共同学习基础，培养国家认同及团结。
Bahasa Melayu: B (I dan IV): Kurikulum yang sama dan bahasa Melayu sebagai bahasa pengantar membentuk pengalaman pendidikan bersama serta memupuk perpaduan."
F5 Chp 6,radio,Sabk_Q32,A,B,C,D,A,SABK/Picture32.png,"中文：第一大马计划处理健康及生活水平差距，改善设施及人民生活，故I和II正确；不是以政党争执为发展目标。答案纸参考：F5，第128页。
Bahasa Melayu: RMK Pertama menangani masalah kesihatan dan perbezaan taraf hidup melalui pembangunan kemudahan serta kehidupan rakyat. Maka I dan II tepat. Rujukan skema: F5, halaman 128."
F5 Chp 6,radio,SarawakSibu_Q32,A,B,C,D,B,Sarawak Sibu/Picture32.png,"中文：B：新加坡与联邦政府在政策及政治方向上的冲突，成为分离的重要因素。【答案纸参考：119；书页内容待逐页确认。】
Bahasa Melayu: B: Keengganan mematuhi dasar Kerajaan Persekutuan serta pertentangan politik dan ekonomi menjadi faktor pemisahan Singapura. [Rujukan skema: 119; kandungan halaman buku belum disahkan satu demi satu.]"
F5 Chp 6,radio,Sbp_Q32,A,B,C,D,B,SBP/Picture32.png,"中文：B：争取“平等权利”的政治主张及其引发的族群矛盾加剧紧张，成为新加坡种族冲突的背景。【答案纸参考：119；书页内容待逐页确认。】
Bahasa Melayu: B: Perjuangan persamaan hak menimbulkan pertentangan politik dan perkauman, lalu meningkatkan ketegangan antara kaum di Singapura. [Rujukan skema: 119; kandungan halaman buku belum disahkan satu demi satu.]"
F5 Chp 6,radio,Selangor_Q32,A,B,C,D,C,Selangor/Picture32.png,"中文：C：Bong Kee Chok致函表达谈判意愿，后来促成停止武装斗争的和平安排。【答案纸参考：B6T5M122；书页内容待逐页确认。】
Bahasa Melayu: C: Bong Kee Chok menulis surat untuk menyatakan hasrat berunding, yang membuka jalan kepada usaha perdamaian. [Rujukan skema: B6T5M122; kandungan halaman buku belum disahkan satu demi satu.]"
F5 Chp 6,radio,Smka_Q32,A,B,C,D,D,SMKA/Picture32.png,"中文：D：MAGERAN在1969年事件后负责恢复及维持治安，使国家逐步恢复正常。【答案纸参考：T5 Hal.130；书页内容待逐页确认。】
Bahasa Melayu: D: MAGERAN bertanggungjawab memulihkan dan mengekalkan keamanan selepas peristiwa 1969 supaya negara kembali stabil. [Rujukan skema: T5 Hal.130; kandungan halaman buku belum disahkan satu demi satu.]"
F5 Chp 6,radio,Terengganu_Q32,A,B,C,D,B,Terengganu/Picture32.png,"中文：B：“Malaysian Malaysia”与联邦既有政策发生冲突，加剧中央与新加坡之间矛盾，最终促成分离。【答案纸参考：BAB 6- MS 119；书页内容待逐页确认。】
Bahasa Melayu: B: Slogan Malaysian Malaysia bercanggah dengan dasar Persekutuan dan meningkatkan pertentangan yang akhirnya membawa kepada pemisahan Singapura. [Rujukan skema: BAB 6- MS 119; kandungan halaman buku belum disahkan satu demi satu.]"
F5 Chp 7,radio,JohorBahru_Q33,A,B,C,D,C,Johor Bahru/Picture33.png,"中文：国家原则提供共同价值，国语提供共同沟通媒介，两者属于社会层面的团结措施；II、III对应C。（答案纸参考：F5，第140页。）
Bahasa Melayu: Rukun Negara membentuk nilai bersama dan bahasa kebangsaan menjadi alat komunikasi bersama dalam usaha sosial memperkukuh perpaduan; II dan III memberikan C. Rujukan skema: Tingkatan 5, m.s. 140."
F5 Chp 7,radio,JohorKulaiSet_Q33,A,B,C,D,D,Johor Kulai Set 1/Picture33.png,"中文：Feri Malaysia 加强半岛与 Sabah、Sarawak 的联系，让各地人民接触交流，推动全国整合，选D。（答案纸参考：F5，第140页。）
Bahasa Melayu: Feri Malaysia menghubungkan Semenanjung dengan Sabah dan Sarawak serta meningkatkan perhubungan rakyat untuk integrasi nasional, maka D tepat. Rujukan skema: Tingkatan 5, m.s. 140."
F5 Chp 7,radio,JohorKulaiSet_Q33,A,B,C,D,C,Johor Kulai Set 2/Picture33.png,"中文：殖民时期按族群分隔居住、教育与经济活动，减少互动并使族群关系疏远，选C。（答案纸参考：F5，第141页。）
Bahasa Melayu: Pemisahan kaum dalam petempatan, pendidikan dan ekonomi semasa British mengurangkan interaksi serta merenggangkan hubungan antara kaum, maka C tepat. Rujukan skema: Tingkatan 5, m.s. 141."
F5 Chp 7,radio,JohorMuar_Q33,A,B,C,D,B,Johor Muar/Picture33.png,"中文：Citrawarna展示各族文化、艺术及生活传统，有助推广国家文化、培养共同认同并加强团结。因此它符合国家文化政策目标，选B。（答案纸参考：F5，第151页。）
Bahasa Melayu: Program Citrawarna memperkenalkan kepelbagaian seni dan budaya masyarakat Malaysia. Program ini memperkukuh identiti kebangsaan serta perpaduan selaras dengan Dasar Kebudayaan Kebangsaan, maka B tepat. Rujukan skema: Tingkatan 5, m.s. 151."
F5 Chp 7,radio,JohorPasirGudang_Q33,A,B,C,D,D,Johor Pasir Gudang/Picture33.png,"中文：连接西马、沙巴和砂拉越的渡轮增加各地区人民联系，减少地域隔阂，促进国家融合。题目强调全国联系的目标，所以选D。（答案纸参考：F5，第140页。）
Bahasa Melayu: Feri Malaysia menghubungkan Semenanjung dengan Sabah dan Sarawak serta menggalakkan perhubungan antara penduduk. Hubungan ini membantu integrasi nasional, maka D tepat. Rujukan skema: Tingkatan 5, m.s. 140."
F5 Chp 7,radio,JohorSegamatSet_Q33,A,B,C,D,C,Johor Segamat Set 1/Picture33.png,"中文：课本第142页说明国家团结局Jabatan Perpaduan Negara负责起草国家意识形态Rukun Negara。因此按题目选项选C；国家协商理事会也参与团结政策，但名称应为Majlis，而不是Jabatan。（答案纸参考：F5，第142页。）
Bahasa Melayu: Buku teks menerangkan bahawa Jabatan Perpaduan Negara berperanan mendraf ideologi negara, iaitu Rukun Negara. Oleh itu, C sesuai; nama yang betul bagi badan perundingan pula ialah Majlis Perundingan Negara, bukan Jabatan. Rujukan skema: Tingkatan 5, m.s. 142."
F5 Chp 7,radio,JohorSegamatSet_Q33,A,B,C,D,B,Johor Segamat Set 2/Picture33.png,"中文：族群团结指各族人民和睦团结生活；国家融合则加强各州与地区之间联系。两者分别对应人民关系与地区联系，因此选B。（答案纸参考：F5，第140页。）
Bahasa Melayu: Perpaduan kaum ialah rakyat pelbagai kaum hidup bersatu padu, manakala integrasi nasional merapatkan hubungan antara negeri dan wilayah. Pasangan konsep ini ialah B. Istilah yang tepat ialah integrasi nasional, bukan integriti nasional. Rujukan skema: Tingkatan 5, m.s. 140."
F5 Chp 7,radio,Kedah_Q33,A,B,C,D,C,Kedah/Picture33.png,"中文：1956年教育报告倡议相同学校制度；Rahman Talib报告强调历史教育以加强国家忠诚，C配对正确。答案纸参考：F4第183页及F5第145页。
Bahasa Melayu: Penyata 1956 mencadangkan sistem persekolahan sama, manakala Laporan Rahman Talib menekankan Sejarah bagi memupuk kesetiaan negara; pasangan C betul. Rujukan skema: T4 ms.183 dan T5 ms.145."
F5 Chp 7,radio,Kelantan_Q33,A,B,C,D,A,Kelantan/Picture33.png,"中文：联邦宪法是各族共同遵循的国家制度基础，因此是族群团结和全国整合的指南。 答案纸参考：F5第140页。
Bahasa Melayu: Perlembagaan Persekutuan menjadi asas bersama yang dipatuhi semua kaum, membimbing perpaduan kaum dan integrasi nasional. Rujukan skema: T5 ms.140."
F5 Chp 7,radio,KualaLumpur_Q33,A,B,C,D,B,Kuala Lumpur/Picture33.png,"中文：统一课程让各源流学生学习共同内容和价值，减少教育分隔并培养团结。 答案纸参考：F5第145页。
Bahasa Melayu: Kurikulum seragam memberikan kandungan dan nilai bersama kepada murid pelbagai aliran, mengurangkan pemisahan serta memupuk perpaduan. Rujukan skema: T5 ms.145."
F5 Chp 7,radio,Melaka_Q33,A,B,C,D,D,Melaka/Picture33.png,"中文：课外活动让不同族群共同合作、比赛与交流，培养友谊和团结。 答案纸参考：F5第146页。
Bahasa Melayu: Kokurikulum menggalakkan murid pelbagai kaum bekerjasama, bermain dan berinteraksi untuk memupuk persahabatan serta perpaduan. Rujukan skema: T5 ms.146."
F5 Chp 7,radio,Mrsm_Q33,A,B,C,D,A,MRSM/Picture33.png,"中文：DBP出版马来语读物，扩大国语的知识用途和阅读资源，提升其地位。 答案纸参考：F5第149页。
Bahasa Melayu: DBP menerbitkan bahan bacaan bahasa Melayu untuk memperluas penggunaan bahasa ilmu dan sumber pembacaan. Rujukan skema: T5 ms.149."
F5 Chp 7,radio,N_Q33,A,B,C,D,C,N9/Picture33.png,"中文：全国咨询理事会研究团结问题并制定全国整合指南，为共同国家价值提供基础。 答案纸参考：F5第142页。
Bahasa Melayu: Majlis Perundingan Negara mengkaji perpaduan dan mewujudkan garis panduan integrasi nasional sebagai asas nilai negara bersama. Rujukan skema: T5 ms.142."
F5 Chp 7,radio,Pahang_Q33,A,B,C,D,A,Pahang/Picture33.png,"中文：A：国家文化政策的三原则之一是伊斯兰作为重要元素，另两项涉及本区域原有文化及接受适合的其他文化。答案纸参考：F5第150页。
Bahasa Melayu: A: Islam menjadi unsur penting ialah salah satu prinsip Dasar Kebudayaan Kebangsaan, bersama budaya asal rantau ini dan penerimaan unsur budaya lain yang sesuai. Rujukan skema: T5 ms. 150."
F5 Chp 7,radio,Perak_Q33,A,B,C,D,A,Perak/Picture33.png,"中文：国家教育政策既培养具技能的人力，也通过共同教育体系加强国民团结，因此I和II正确。答案纸参考：F5，第144页。
Bahasa Melayu: Dasar Pendidikan Kebangsaan melahirkan tenaga kerja mahir dan memupuk perpaduan melalui sistem pendidikan bersama. Oleh itu, I dan II tepat. Rujukan skema: F5, halaman 144."
F5 Chp 7,radio,Perlis_Q33,A,B,C,D,B,Perlis/Picture33.png,"中文：国家整合强调跨地区及各州之间更紧密的关系，让不同区域居民形成共同国家认同；族群团结是相关但不同的概念。答案纸参考：F5，第140页。
Bahasa Melayu: Integrasi nasional merapatkan hubungan antara negeri dan wilayah untuk membentuk identiti kebangsaan bersama; perpaduan etnik ialah konsep yang berkaitan tetapi berbeza. Rujukan skema: F5, halaman 140."
F5 Chp 7,radio,PulauPinang_Q33,A,B,C,D,A,Pulau Pinang/Picture33.png,"中文：多科系学校提供适合不同能力与兴趣的学习及技能训练，培养国家发展所需的熟练劳动力。答案纸参考：F5，第145页。
Bahasa Melayu: Sistem persekolahan aneka jurusan menawarkan pendidikan dan kemahiran mengikut minat serta kebolehan untuk melahirkan tenaga kerja mahir. Rujukan skema: F5, halaman 145."
F5 Chp 7,radio,PutrajayaSet_Q33,A,B,C,D,A,Putrajaya set 1/Picture33.png,"中文：语文出版局发展词汇、出版及语言使用，提升马来语作为国语的地位；这是其最直接的设立目的。答案纸参考：F5，第149页。
Bahasa Melayu: DBP mengembangkan istilah, penerbitan dan penggunaan bahasa untuk memartabatkan bahasa Melayu sebagai bahasa kebangsaan. Rujukan skema: F5, halaman 149."
F5 Chp 7,radio,PutrajayaSet_Q33,A,B,C,D,A,Putrajaya set 2/Picture33.png,"中文：族群政治及分流教育减少跨族群共同经验，成为独立后团结挑战的历史因素，所以I和II正确。答案纸参考：F5，第141页。
Bahasa Melayu: Politik berasaskan kaum dan pendidikan vernakular mengurangkan pengalaman bersama antara kaum, lalu menjadi faktor sejarah masalah perpaduan. Maka I dan II tepat. Rujukan skema: F5, halaman 141."
F5 Chp 7,radio,Sabah_Q33,A,B,C,D,D,Sabah/Picture33.png,"中文：D（III、IV）：国家文化政策以本地原有文化为基础，并以伊斯兰为重要元素。
Bahasa Melayu: D (III dan IV): Dasar Kebudayaan Kebangsaan berasaskan kebudayaan rakyat asal rantau ini dengan Islam sebagai unsur penting."
F5 Chp 7,radio,Sabk_Q33,A,B,C,D,A,SABK/Picture33.png,"中文：国家文化政策建立共同文化及身份，在尊重适当文化元素下加强国家团结。答案纸参考：F5，第151页。
Bahasa Melayu: Dasar Kebudayaan Kebangsaan membina kebudayaan dan identiti bersama untuk mengukuhkan perpaduan negara. Rujukan skema: F5, halaman 151."
F5 Chp 7,radio,SarawakSibu_Q33,A,B,C,D,D,Sarawak Sibu/Picture33.png,"中文：D：DEB消除贫穷及重组社会，针对殖民时代族群、地区与城乡之间的经济差距。【答案纸参考：143；书页内容待逐页确认。】
Bahasa Melayu: D: DEB membasmi kemiskinan dan menyusun semula masyarakat untuk mengatasi ketidakseimbangan ekonomi antara kaum, wilayah serta kawasan. [Rujukan skema: 143; kandungan halaman buku belum disahkan satu demi satu.]"
F5 Chp 7,radio,Sbp_Q33,A,B,C,D,C,SBP/Picture33.png,"中文：C（II、III）：国家建设以族群团结和国家整合为基础，使不同群体及地区共同建立马来西亚。【答案纸参考：140；书页内容待逐页确认。】
Bahasa Melayu: C (II dan III): Pembinaan Malaysia berasaskan perpaduan kaum dan integrasi nasional yang menyatukan masyarakat serta wilayah dalam sebuah negara. [Rujukan skema: 140; kandungan halaman buku belum disahkan satu demi satu.]"
F5 Chp 7,radio,Selangor_Q33,A,B,C,D,A,Selangor/Picture33.png,"中文：A（I、II）：Citrawarna推广文化活动，表扬文化人物肯定其贡献，两者都体现国家文化政策。【答案纸参考：B7T5M151；书页内容待逐页确认。】
Bahasa Melayu: A (I dan II): Program Citrawarna mempromosikan kebudayaan, manakala pengiktirafan tokoh menghargai sumbangan budaya, selaras dengan Dasar Kebudayaan Kebangsaan. [Rujukan skema: B7T5M151; kandungan halaman buku belum disahkan satu demi satu.]"
F5 Chp 7,radio,Smka_Q33,A,B,C,D,C,SMKA/Picture33.png,"中文：C：Aminuddin Baki研究强调通过学校制度的发展与改善落实国家教育目标；题中对应“学校国民体系”的选项C。【答案纸参考：T5 Hal.145；书页内容待逐页确认。】
Bahasa Melayu: C: Kajian Aminuddin Baki menambah baik sistem persekolahan untuk melaksanakan matlamat pendidikan kebangsaan; pilihan C merujuk sekolah kebangsaan. [Rujukan skema: T5 Hal.145; kandungan halaman buku belum disahkan satu demi satu.]"
F5 Chp 7,radio,Terengganu_Q33,A,B,C,D,A,Terengganu/Picture33.png,"中文：A：共同参与社团、制服团体及体育活动增加各族互动，培养合作及团结。【答案纸参考：BAB 7- MS 146；书页内容待逐页确认。】
Bahasa Melayu: A: Persatuan, unit beruniform dan sukan mempertemukan murid pelbagai kaum untuk bekerjasama serta memupuk perpaduan. [Rujukan skema: BAB 7- MS 146; kandungan halaman buku belum disahkan satu demi satu.]"
F5 Chp 7,radio,JohorBahru_Q34,A,B,C,D,B,Johor Bahru/Picture34.png,"中文：Sekolah Seri Puteri 与 Kolej Sultan Abdul Halim 是课本列出的加强马来语教学机构，I、IV对应B。（答案纸参考：F5，第148页。）
Bahasa Melayu: Sekolah Seri Puteri dan Kolej Sultan Abdul Halim ialah institusi yang mempergiat penggunaan bahasa Melayu sebagai bahasa pengantar; I dan IV memberikan B. Rujukan skema: Tingkatan 5, m.s. 148."
F5 Chp 7,radio,JohorKulaiSet_Q34,A,B,C,D,B,Johor Kulai Set 1/Picture34.png,"中文：DBP 举办语言及文学研讨会，并出版书籍、杂志，扩大马来语使用与文学传播；I、IV对应B。（答案纸参考：F5，第149页。）
Bahasa Melayu: DBP menganjurkan seminar serta menerbitkan buku dan majalah untuk mengembangkan bahasa dan sastera Melayu; I dan IV memberikan B. Rujukan skema: Tingkatan 5, m.s. 149."
F5 Chp 7,radio,JohorKulaiSet_Q34,A,B,C,D,B,Johor Kulai Set 2/Picture34.png,"中文：设立 UKM 与在法院使用马来语，提升国语在高等教育和国家制度中的地位；I、IV对应答案B。（答案纸参考：F5，第148页。）
Bahasa Melayu: Penubuhan UKM dan penggunaan bahasa Melayu di mahkamah memartabatkan bahasa kebangsaan dalam pendidikan tinggi serta institusi negara; I dan IV menyokong B. Rujukan skema: Tingkatan 5, m.s. 148."
F5 Chp 7,radio,JohorMuar_Q34,A,B,C,D,C,Johor Muar/Picture34.png,"中文：国语法令落实马来语作为国语与官方语言的地位，用于行政等正式事务。不是把马来语与英语合并成一种语言，所以选C。（答案纸参考：F5，第148页。）
Bahasa Melayu: Akta Bahasa Kebangsaan memperkukuh bahasa Melayu sebagai bahasa kebangsaan dan bahasa rasmi, termasuk penggunaannya dalam urusan pentadbiran. Oleh itu, C tepat. Rujukan skema: Tingkatan 5, m.s. 148."
F5 Chp 7,radio,JohorPasirGudang_Q34,A,B,C,D,A,Johor Pasir Gudang/Picture34.png,"中文：国家语文出版局DBP负责发展、推广及提升马来语，包括术语、出版和语言使用。因此设立目的对应A。（答案纸参考：F5，第149页。）
Bahasa Melayu: Dewan Bahasa dan Pustaka memartabatkan bahasa Melayu melalui pengembangan bahasa, istilah, penerbitan dan penggunaan bahasa yang betul. Oleh itu, A tepat. Rujukan skema: Tingkatan 5, m.s. 149."
F5 Chp 7,radio,JohorSegamatSet_Q34,A,B,C,D,B,Johor Segamat Set 1/Picture34.png,"中文：现有答案B与DBP通过出版书籍、杂志发展马来语的课本内容吻合。答案纸却写C“设立教育机构”，与此题不符；保留B并提示答案纸差异。（答案纸参考：F5，第149页。）
Bahasa Melayu: Jawapan semasa B selaras dengan peranan DBP menerbitkan buku dan majalah untuk mengembangkan bahasa Melayu. Skema mencatat C, iaitu menubuhkan institusi pendidikan, yang tidak sepadan dengan soalan ini; perbezaan skema tersebut perlu diberi perhatian. Rujukan skema: Tingkatan 5, m.s. 149."
F5 Chp 7,radio,JohorSegamatSet_Q34,A,B,C,D,C,Johor Segamat Set 2/Picture34.png,"中文：这些学校使用马来语作为教学媒介，促进马来语成为知识语言并培养国家认同。因此共同点是C。（答案纸参考：F5，第148页。）
Bahasa Melayu: Sekolah tersebut menggunakan bahasa Melayu sebagai bahasa pengantar untuk memperkukuhnya sebagai bahasa ilmu serta membina identiti kebangsaan. Oleh itu, C tepat. Rujukan skema: Tingkatan 5, m.s. 148."
F5 Chp 7,radio,Kedah_Q34,A,B,C,D,A,Kedah/Picture34.png,"中文：SUKMA让各州和各族运动员共同参与赛事，在合作与体育精神中培养团结。答案纸参考：F5第150页。
Bahasa Melayu: SUKMA menghimpunkan atlet pelbagai negeri dan kaum, memupuk perpaduan melalui penyertaan serta semangat kesukanan. Rujukan skema: T5 ms.150."
F5 Chp 7,radio,Kelantan_Q34,A,B,C,D,C,Kelantan/Picture34.png,"中文：UKM以马来语作为高等教育媒介，提升马来语作为知识语言的地位。 答案纸参考：F5第149页。
Bahasa Melayu: UKM menggunakan bahasa Melayu dalam pengajian tinggi untuk memartabatkannya sebagai bahasa ilmu. Rujukan skema: T5 ms.149."
F5 Chp 7,radio,KualaLumpur_Q34,A,B,C,D,B,Kuala Lumpur/Picture34.png,"中文：国家原则要建立进步社会及包容多元文化的自由社会，而非州属主义或绝对自由，所以I、IV正确。 答案纸参考：F5第158页。
Bahasa Melayu: Rukun Negara menghasratkan masyarakat progresif dan liberal terhadap kepelbagaian budaya, bukan kenegerian atau kebebasan mutlak; I dan IV betul. Rujukan skema: T5 ms.158."
F5 Chp 7,radio,Melaka_Q34,A,B,C,D,B,Melaka/Picture34.png,"中文：国家文化政策建立共同文化认同、尊重适当的多元文化元素，以加强全国整合。 答案纸参考：F5第150页。
Bahasa Melayu: Dasar Kebudayaan Kebangsaan membina identiti budaya bersama dan menerima unsur budaya sesuai untuk memperkukuh integrasi nasional. Rujukan skema: T5 ms.150."
F5 Chp 7,radio,Mrsm_Q34,A,B,C,D,D,MRSM/Picture34.png,"中文：第二届文化大会强调加强国家原则，使共同价值成为文化与团结建设基础。 答案纸参考：F5第150页。
Bahasa Melayu: Kongres Kebudayaan Kedua menekankan pengukuhan Rukun Negara sebagai asas nilai bersama bagi budaya dan perpaduan. Rujukan skema: T5 ms.150."
F5 Chp 7,radio,N_Q34,A,B,C,D,C,N9/Picture34.png,"中文：SUKMA汇集各州运动员，透过共同赛事增进州际友谊及全国整合。 答案纸参考：F5第153页。
Bahasa Melayu: SUKMA menghimpunkan atlet negeri dalam pertandingan bersama untuk mengeratkan hubungan dan integrasi antara negeri. Rujukan skema: T5 ms.153."
F5 Chp 7,radio,Pahang_Q34,A,B,C,D,C,Pahang/Picture34.png,"中文：C：RIMUP让不同族群学生参加共同活动，建立友谊、团队精神与团结。答案纸参考：F5第152页。
Bahasa Melayu: C: RIMUP melibatkan murid pelbagai kaum dalam aktiviti bersama untuk membina persahabatan, semangat setia kawan dan perpaduan. Rujukan skema: T5 ms. 152."
F5 Chp 7,radio,Perak_Q34,A,B,C,D,C,Perak/Picture34.png,"中文：RIMUP安排不同学校与族群学生参与共同活动，增加接触、友谊及理解，从而促进团结。答案纸参考：F5，第152页。
Bahasa Melayu: RIMUP melibatkan murid pelbagai sekolah dan kaum dalam aktiviti bersama bagi membina persahabatan, persefahaman dan perpaduan. Rujukan skema: F5, halaman 152."
F5 Chp 7,radio,Perlis_Q34,A,B,C,D,C,Perlis/Picture34.png,"中文：“Malaysia Boleh”激励运动员相信能力、坚持奋斗，体现坚强意志，而不是礼貌或长远规划。答案纸参考：F5，第155页。
Bahasa Melayu: Slogan Malaysia Boleh membangkitkan keyakinan dan semangat kental atlet untuk berusaha mencapai kemenangan. Rujukan skema: F5, halaman 155."
F5 Chp 7,radio,PulauPinang_Q34,A,B,C,D,B,Pulau Pinang/Picture34.png,"中文：法治原则要求法律受到尊重并有效执行，所以支持依法执法符合这项原则；尊重宪法对应另一项原则。答案纸参考：F5，第159页。
Bahasa Melayu: Kedaulatan Undang-undang menuntut penghormatan terhadap undang-undang dan sokongan terhadap penguatkuasaannya. Keluhuran Perlembagaan ialah prinsip yang berbeza. Rujukan skema: F5, halaman 159."
F5 Chp 7,radio,PutrajayaSet_Q34,A,B,C,D,B,Putrajaya set 1/Picture34.png,"中文：私立学校教授国语与马来西亚研究，让学生认识国家及共同身份，培养爱国意识；宗教或道德教育也支持价值培养。答案纸参考：F5，第147页。
Bahasa Melayu: Pengajaran bahasa kebangsaan dan Pengajian Malaysia membina pengetahuan serta identiti negara, lalu memupuk cinta akan negara; pendidikan agama atau moral turut membentuk nilai. Rujukan skema: F5, halaman 147."
F5 Chp 7,radio,PutrajayaSet_Q34,A,B,C,D,A,Putrajaya set 2/Picture34.png,"中文：社团、制服团体及运动让不同族群学生合作并建立友谊，因此课外活动促进团结。答案纸参考：F5，第156页。
Bahasa Melayu: Persatuan, unit beruniform dan sukan memberi peluang murid pelbagai kaum bekerjasama serta membina persahabatan untuk memupuk perpaduan. Rujukan skema: F5, halaman 156."
F5 Chp 7,radio,Sabah_Q34,A,B,C,D,B,Sabah/Picture34.png,"中文：B：SUKMA让各州和不同族群共同参与体育活动，促进相互理解及团结。
Bahasa Melayu: B: SUKMA menghimpunkan peserta pelbagai kaum dan negeri melalui sukan untuk mengukuhkan perpaduan rakyat."
F5 Chp 7,radio,Sabk_Q34,A,B,C,D,C,SABK/Picture34.png,"中文：国家原则50周年标志的月亮及星星对应“信奉上苍”原则；应按这枚标志的设计说明理解，勿与所有图案的意义混为一谈。答案纸参考：F5，第157页。
Bahasa Melayu: Bulan dan bintang dalam logo ulang tahun Rukun Negara melambangkan Kepercayaan kepada Tuhan. Makna ini merujuk reka bentuk logo tersebut. Rujukan skema: F5, halaman 157."
F5 Chp 7,radio,SarawakSibu_Q34,A,B,C,D,A,Sarawak Sibu/Picture34.png,"中文：A：社团、制服团体及体育活动让不同族群学生合作，培养理解及团结。【答案纸参考：146；书页内容待逐页确认。】
Bahasa Melayu: A: Persatuan, unit beruniform dan sukan memberi murid pelbagai kaum peluang bekerjasama, lalu memupuk perpaduan. [Rujukan skema: 146; kandungan halaman buku belum disahkan satu demi satu.]"
F5 Chp 7,radio,Sbp_Q34,A,B,C,D,D,SBP/Picture34.png,"中文：D：一学生一运动让不同背景的学生合作、遵守规则和互相支持，培养伙伴情谊。【答案纸参考：152；书页内容待逐页确认。】
Bahasa Melayu: D: Dasar 1 Murid 1 Sukan menggalakkan kerjasama dan sokongan antara murid pelbagai latar belakang, lalu memupuk semangat setia kawan. [Rujukan skema: 152; kandungan halaman buku belum disahkan satu demi satu.]"
F5 Chp 7,radio,Selangor_Q34,A,B,C,D,A,Selangor/Picture34.png,"中文：A：礼貌与道德要求人民实践尊重、谦让及良好行为，所以须内化高尚价值。【答案纸参考：B7T5M159；书页内容待逐页确认。】
Bahasa Melayu: A: Kesopanan dan Kesusilaan menuntut rakyat menghayati nilai murni seperti hormat, bertimbang rasa dan berkelakuan baik. [Rujukan skema: B7T5M159; kandungan halaman buku belum disahkan satu demi satu.]"
F5 Chp 7,radio,Smka_Q34,A,B,C,D,B,SMKA/Picture34.png,"中文：B：民主生活方式尊重人民参与政治及基本权利，重点是保障基本自由。【答案纸参考：T5 Hal.158；书页内容待逐页确认。】
Bahasa Melayu: B: Cara hidup demokratik menghormati penyertaan rakyat dan hak individu, lalu menjamin kebebasan hak asasi. [Rujukan skema: T5 Hal.158; kandungan halaman buku belum disahkan satu demi satu.]"
F5 Chp 7,radio,Terengganu_Q34,A,B,C,D,B,Terengganu/Picture34.png,"中文：B（I、IV）：Rukun Negara的目标包括公平社会及维持民主生活方式；强化州主义不利国家团结。【答案纸参考：BAB 7- MS 158；书页内容待逐页确认。】
Bahasa Melayu: B (I dan IV): Rukun Negara bertujuan mencipta masyarakat adil dan memelihara cara hidup demokratik, bukan memperkasa semangat kenegerian. [Rujukan skema: BAB 7- MS 158; kandungan halaman buku belum disahkan satu demi satu.]"
F5 Chp 7,radio,Kedah_Q35,A,B,C,D,A,Kedah/Picture35.png,"中文：文化活动让不同族群欣赏彼此文化、增加交流，培养muhibbah即友好和睦精神。答案纸参考：F5第153页。
Bahasa Melayu: Program kebudayaan menggalakkan penghargaan budaya dan interaksi antara kaum, memupuk semangat muhibah. Rujukan skema: T5 ms.153."
F5 Chp 7,radio,Melaka_Q35,A,B,C,D,C,Melaka/Picture35.png,"中文：社会重组减少族群与职业的固定联系，让各族共享经济机会，促进公平。 答案纸参考：F5第167页。
Bahasa Melayu: Penyusunan semula masyarakat mengurangkan pengenalan kaum mengikut pekerjaan dan memperluas peluang ekonomi secara adil. Rujukan skema: T5 ms.167."
F5 Chp 7,radio,SarawakSibu_Q35,A,B,C,D,D,Sarawak Sibu/Picture35.png,"中文：D：Feri Malaysia把半岛与沙巴、砂拉越联系起来，增加跨地区交流并促进国家整合。【答案纸参考：140；书页内容待逐页确认。】
Bahasa Melayu: D: Feri Malaysia menghubungkan Semenanjung dengan Sabah dan Sarawak untuk meningkatkan perhubungan serta integrasi antara wilayah. [Rujukan skema: 140; kandungan halaman buku belum disahkan satu demi satu.]"
F5 Chp 7,radio,SarawakSibu_Q36,A,B,C,D,A,Sarawak Sibu/Picture36.png,"中文：A：族群之间居住、经济与教育分隔，减少交流，导致人民团结薄弱。【答案纸参考：141；书页内容待逐页确认。】
Bahasa Melayu: A: Polarisasi kaum memisahkan masyarakat dari segi tempat tinggal, ekonomi dan pendidikan, lalu melemahkan hubungan serta perpaduan. [Rujukan skema: 141; kandungan halaman buku belum disahkan satu demi satu.]"
F5 Chp 8,radio,JohorBahru_Q35,A,B,C,D,D,Johor Bahru/Picture35.png,"中文：区域开发在较落后地区建立农业、产业及工作机会，提高收入并改善不同群体的经济参与，落实 DEB，选D。（答案纸参考：F5，第168页。）
Bahasa Melayu: Pembangunan wilayah membuka kegiatan ekonomi dan peluang pekerjaan di kawasan kurang maju untuk meningkatkan pendapatan serta penyertaan masyarakat, selaras dengan DEB, maka D tepat. Rujukan skema: Tingkatan 5, m.s. 168."
F5 Chp 8,radio,JohorKulaiSet_Q35,A,B,C,D,A,Johor Kulai Set 1/Picture35.png,"中文：DEB 透过消除贫穷及重组社会，减少经济活动与族群身份的固定联系，最终目标是族群团结，选A。答案纸“16”属页码笔误，已核F5第166页。
Bahasa Melayu: DEB membasmi kemiskinan dan menyusun semula masyarakat untuk mengurangkan pengenalan kaum mengikut kegiatan ekonomi serta mencapai perpaduan, maka A tepat. Rujukan 16 dalam skema ialah kesilapan; kandungan disahkan pada T5 m.s.166."
F5 Chp 8,radio,JohorKulaiSet_Q35,A,B,C,D,A,Johor Kulai Set 2/Picture35.png,"中文：DEB 的两大战略是消除贫穷和重组社会，最终目标为减少族群经济差距、达到团结，选A。（答案纸参考：F5，第167页。）
Bahasa Melayu: DEB membasmi kemiskinan dan menyusun semula masyarakat dengan matlamat akhir mencapai perpaduan kaum, maka A tepat. Rujukan skema: Tingkatan 5, m.s. 167."
F5 Chp 8,radio,JohorMuar_Q35,A,B,C,D,A,Johor Muar/Picture35.png,"中文：新经济政策时期的发展计划旨在减少贫困并重组社会，以纠正各族及地区之间的社会经济失衡。因此第二和第三马来西亚计划对应这一目标，选A。（答案纸参考：F5，第166页。）
Bahasa Melayu: Rancangan Malaysia Kedua dan Ketiga dilaksanakan dalam tempoh DEB untuk membasmi kemiskinan serta menyusun semula masyarakat. Tujuannya ialah memulihkan ketidakseimbangan sosioekonomi, maka A tepat. Rujukan skema: Tingkatan 5, m.s. 166."
F5 Chp 8,radio,JohorPasirGudang_Q35,A,B,C,D,C,Johor Pasir Gudang/Picture35.png,"中文：LKIM负责提升渔民生活水平和发展渔业；LPP负责农民组织，RISDA负责橡胶小园主。题目明确提及渔民，所以选C。（答案纸参考：F5，第169页。）
Bahasa Melayu: LKIM memajukan industri perikanan dan meningkatkan taraf hidup nelayan. LPP berkaitan peladang, manakala RISDA berkaitan pekebun kecil getah, maka C tepat. Rujukan skema: Tingkatan 5, m.s. 169."
F5 Chp 8,radio,JohorSegamatSet_Q35,A,B,C,D,B,Johor Segamat Set 1/Picture35.png,"中文：绿皮书计划鼓励种植、饲养及家庭生产，增加食物供应并提高人民收入。题目问计划目的，因此选B。（答案纸参考：F5，第169页。）
Bahasa Melayu: Rancangan Buku Hijau menggalakkan penanaman dan penternakan untuk menambah bekalan makanan serta pendapatan rakyat. Oleh itu, B tepat. Rujukan skema: Tingkatan 5, m.s. 169."
F5 Chp 8,radio,JohorSegamatSet_Q35,A,B,C,D,A,Johor Segamat Set 2/Picture35.png,"中文：ASN和ASB使土著能够通过单位信托参与有限公司股权，扩大股权持有并促进经济重组。因此选A。（答案纸参考：F5，第172页。）
Bahasa Melayu: ASN dan ASB menyediakan saluran pelaburan bagi memudahkan bumiputera memiliki saham dalam syarikat berhad. Usaha ini meningkatkan penyertaan dalam pemilikan modal, maka A tepat. Rujukan skema: Tingkatan 5, m.s. 172."
F5 Chp 8,radio,Kelantan_Q35,A,B,C,D,B,Kelantan/Picture35.png,"中文：政府机构提供就业、创业和农业援助，提高生产力与收入，帮助消除贫困。 答案纸参考：F5第169页。
Bahasa Melayu: Agensi kerajaan membantu pekerjaan, perniagaan dan pertanian untuk meningkatkan produktiviti serta pendapatan dan mengurangkan kemiskinan. Rujukan skema: T5 ms.169."
F5 Chp 8,radio,KualaLumpur_Q35,A,B,C,D,C,Kuala Lumpur/Picture35.png,"中文：绿色书计划鼓励人民种植和从事农业，增加粮食供应及收入。 答案纸参考：F5第169页。
Bahasa Melayu: Rancangan Buku Hijau menggalakkan penanaman dan kegiatan pertanian untuk menambah bekalan makanan serta pendapatan rakyat. Rujukan skema: T5 ms.169."
F5 Chp 8,radio,Mrsm_Q35,A,B,C,D,D,MRSM/Picture35.png,"中文：MARDI研发并推广智能农业，如运用现代技术提高农业效率与产量。 答案纸参考：F5第179页。
Bahasa Melayu: MARDI memperkenalkan pertanian pintar melalui penyelidikan dan teknologi moden untuk meningkatkan kecekapan serta hasil pertanian. Rujukan skema: T5 ms.179."
F5 Chp 8,radio,N_Q35,A,B,C,D,D,N9/Picture35.png,"中文：绿色书计划鼓励种植蔬菜等短期作物，快速增加食物供应及家庭收入。 答案纸参考：F5第169页。
Bahasa Melayu: Rancangan Buku Hijau menggalakkan tanaman jangka pendek seperti sayur untuk menambah bekalan makanan dan pendapatan dengan cepat. Rujukan skema: T5 ms.169."
F5 Chp 8,radio,Pahang_Q35,A,B,C,D,D,Pahang/Picture35.png,"中文：D：新经济政策两大策略为不分种族消除贫穷及重组社会，减少族群与经济职业的固定联系。答案纸参考：F5第167页。
Bahasa Melayu: D: Strategi DEB ialah membasmi kemiskinan tanpa mengira kaum dan menyusun semula masyarakat supaya kaum tidak lagi dikenal pasti melalui kegiatan ekonomi. Rujukan skema: T5 ms. 167."
F5 Chp 8,radio,Perak_Q35,A,B,C,D,D,Perak/Picture35.png,"中文：新经济政策通过重组社会及减少族群经济差距，建立更公平的经济参与，促进团结。题干年份若写1970起，标准政策时期是1971至1990年。答案纸参考：F5，第167页。
Bahasa Melayu: DEB menyusun semula masyarakat dan mengurangkan jurang ekonomi antara kaum untuk mewujudkan penyertaan ekonomi yang lebih adil serta perpaduan. Tempoh rasmi dasar ialah 1971–1990 walaupun soalan bermula dengan 1970. Rujukan skema: F5, halaman 167."
F5 Chp 8,radio,Perlis_Q35,A,B,C,D,D,Perlis/Picture35.png,"中文：增加收入与就业机会能直接改善穷困家庭生活，因此III和IV是消除贫困的措施。答案纸参考：F5，第167页。
Bahasa Melayu: Menambah pendapatan rakyat dan memperbanyak peluang pekerjaan secara langsung membantu membasmi kemiskinan. Oleh itu, III dan IV tepat. Rujukan skema: F5, halaman 167."
F5 Chp 8,radio,PulauPinang_Q35,A,B,C,D,C,Pulau Pinang/Picture35.png,"中文：现有答案纸给C，但课本明确列出的DEB策略是消除贫困和重组社会。因此本题选项中A“消除贫困”更符合；加强金融体系不是这项政策的双重策略。课本参考：F5，第167页。
Bahasa Melayu: Skema sedia ada memberi C, tetapi strategi DEB dalam buku teks ialah membasmi kemiskinan dan menyusun semula masyarakat. Oleh itu, A lebih menepati soalan; memantapkan sistem kewangan bukan strategi serampang dua mata. Rujukan buku teks: F5, halaman 167."
F5 Chp 8,radio,PutrajayaSet_Q35,A,B,C,D,D,Putrajaya set 1/Picture35.png,"中文：绿皮书计划鼓励种植及生产食物，目标是取得充足粮食、减少依赖并改善人民收入；补贴只是可能的手段。答案纸参考：F5，第169页。
Bahasa Melayu: Rancangan Buku Hijau menggalakkan pengeluaran makanan yang mencukupi untuk mengurangkan kebergantungan dan meningkatkan pendapatan; bantuan pertanian ialah cara, bukan matlamat utama. Rujukan skema: F5, halaman 169."
F5 Chp 8,radio,PutrajayaSet_Q35,A,B,C,D,D,Putrajaya set 2/Picture35.png,"中文：原答案D（PKEN）与课本不符。高科技重工业项目如造船维修、钢铁及发电由HICOM负责，因此C更符合；PKEN与工业园发展有关。表中“Perak”也应核为“Perai”。课本参考：F5，第185页。
Bahasa Melayu: Skema D, PKEN, tidak sepadan dengan buku teks. Projek industri berat seperti membaiki kapal, besi keluli dan stesen janakuasa dikendalikan HICOM, maka C lebih tepat. PKEN berkaitan estet perindustrian; Perak dalam jadual juga perlu disemak sebagai Perai. Rujukan buku teks: F5, halaman 185."
F5 Chp 8,radio,Sabah_Q35,A,B,C,D,B,Sabah/Picture35.png,"中文：B：区域发展创造就业、开发土地及改善设施，帮助消除贫穷与重组社会。
Bahasa Melayu: B: Pembangunan wilayah membuka peluang pekerjaan, membangunkan tanah dan menyediakan kemudahan untuk membasmi kemiskinan serta menyusun semula masyarakat."
F5 Chp 8,radio,Sabk_Q35,A,B,C,D,B,SABK/Picture35.png,"中文：DPN延续改善经济及减少差距的努力，最终目标是通过均衡发展实现国家团结。答案纸参考：F5，第174页。
Bahasa Melayu: DPN meneruskan usaha pembangunan seimbang dan pengurangan jurang ekonomi untuk mencapai perpaduan negara. Rujukan skema: F5, halaman 174."
F5 Chp 8,radio,Sbp_Q35,A,B,C,D,D,SBP/Picture35.png,"中文：D：MPPB培育土著商贸及工业群体，扩大其企业参与和公司领域的股权持有。【答案纸参考：172；书页内容待逐页确认。】
Bahasa Melayu: D: MPPB membangunkan golongan perdagangan dan perindustrian Bumiputera serta mengukuhkan pegangan saham mereka dalam sektor korporat. [Rujukan skema: 172; kandungan halaman buku belum disahkan satu demi satu.]"
F5 Chp 8,radio,Selangor_Q35,A,B,C,D,D,Selangor/Picture35.png,"中文：D：重组公司股本提升土著在现代经济部门的拥有权、控制及管理参与，延续DEB目标。【答案纸参考：B8T5M178；书页内容待逐页确认。】
Bahasa Melayu: D: Penyusunan semula modal saham meningkatkan pemilikan, penguasaan dan pengurusan Bumiputera dalam sektor moden, selaras dengan matlamat DEB. [Rujukan skema: B8T5M178; kandungan halaman buku belum disahkan satu demi satu.]"
F5 Chp 8,radio,Smka_Q35,A,B,C,D,A,SMKA/Picture35.png,"中文：A（I、II）：补贴及支援帮助农民、渔民减轻成本并增加收入，以消除赤贫。【答案纸参考：T5 Hal.172；书页内容待逐页确认。】
Bahasa Melayu: A (I dan II): Subsidi dan sokongan membantu petani serta nelayan mengurangkan beban kos dan meningkatkan pendapatan untuk menghapuskan kemiskinan tegar. [Rujukan skema: T5 Hal.172; kandungan halaman buku belum disahkan satu demi satu.]"
F5 Chp 8,radio,Terengganu_Q35,A,B,C,D,B,Terengganu/Picture35.png,"中文：B：Buku Hijau鼓励种植及生产粮食，提高供应并减少对进口食品的依赖。【答案纸参考：BAB 8- MS 169；书页内容待逐页确认。】
Bahasa Melayu: B: Rancangan Buku Hijau menggalakkan pertanian dan pengeluaran makanan untuk meningkatkan bekalan serta mengurangkan pergantungan import. [Rujukan skema: BAB 8- MS 169; kandungan halaman buku belum disahkan satu demi satu.]"
F5 Chp 8,radio,JohorBahru_Q36,A,B,C,D,C,Johor Bahru/Picture36.png,"中文：ILP 提供工业技能训练，提高就业能力及收入，是减少贫困的具体措施；配对“ILP—提供技能”正确，选C。（答案纸参考：F5，第179页。）
Bahasa Melayu: Institut Latihan Perindustrian memberikan latihan kemahiran untuk meningkatkan kebolehpasaran dan pendapatan, maka pasangan ILP–memberikan kemahiran dalam C tepat. Rujukan skema: Tingkatan 5, m.s. 179."
F5 Chp 8,radio,JohorKulaiSet_Q36,A,B,C,D,C,Johor Kulai Set 1/Picture36.png,"中文：GIATMARA 提供实用技能训练，使青年具备工作所需能力、增加就业机会及收入，选C。（答案纸参考：F5，第176页。）
Bahasa Melayu: Latihan kemahiran GIATMARA membekalkan kebolehan bekerja kepada belia dan meningkatkan peluang pekerjaan serta pendapatan, maka C tepat. Rujukan skema: Tingkatan 5, m.s. 176."
F5 Chp 8,radio,JohorKulaiSet_Q36,A,B,C,D,D,Johor Kulai Set 2/Picture36.png,"中文：私营化让私人资本及管理参与服务，意在提高效率和服务品质、减轻政府负担，选D。（答案纸参考：F5，第178页。）
Bahasa Melayu: Penswastaan melibatkan modal dan pengurusan swasta untuk meningkatkan kecekapan serta kualiti perkhidmatan dan mengurangkan beban kerajaan, maka D tepat. Rujukan skema: Tingkatan 5, m.s. 178."
F5 Chp 8,radio,JohorMuar_Q36,A,B,C,D,D,Johor Muar/Picture36.png,"中文：MARA与PERNAS协助土著参与工商活动并增加股权持有，属于经济重组。PORIM和MARDI主要从事油棕及农业研究，所以选III和IV，即D。（答案纸参考：F5，第178页。）
Bahasa Melayu: MARA dan PERNAS membantu penyertaan bumiputera dalam kegiatan perdagangan, perusahaan dan pemilikan modal. PORIM serta MARDI lebih berkaitan penyelidikan pertanian, maka III dan IV betul, iaitu D. Rujukan skema: Tingkatan 5, m.s. 178."
F5 Chp 8,radio,JohorPasirGudang_Q36,A,B,C,D,D,Johor Pasir Gudang/Picture36.png,"中文：Giatmara与ILP提供实际技能及工业训练，使青年能够从事与技能匹配的工作。这不是保证每人都成为国际企业家，所以选D。（答案纸参考：F5，第176页。）
Bahasa Melayu: Giatmara dan ILP menyediakan latihan kemahiran serta perindustrian kepada belia. Latihan membantu mereka mendapatkan pekerjaan yang sesuai dengan kemahiran, maka D tepat. Rujukan skema: Tingkatan 5, m.s. 176."
F5 Chp 8,radio,JohorSegamatSet_Q36,A,B,C,D,D,Johor Segamat Set 1/Picture36.png,"中文：资金设备支持与新技术培训，让土著企业拥有现代经营所需资源，提高竞争能力。因此III和IV正确，选D。（答案纸参考：F5，第177页。）
Bahasa Melayu: Kemudahan modal dan pendedahan teknologi baharu membantu usahawan bumiputera menjalankan perniagaan moden dengan lebih berdaya saing. Oleh itu, III dan IV betul, iaitu D. Rujukan skema: Tingkatan 5, m.s. 177."
F5 Chp 8,radio,JohorSegamatSet_Q36,A,B,C,D,D,Johor Segamat Set 2/Picture36.png,"中文：DPN的实体设施发展包括改善基本设施，同时强调可持续发展、不忽略环境保护。因此III和IV正确，选D。（答案纸参考：F5，第175页。）
Bahasa Melayu: Pembangunan kemudahan fizikal di bawah DPN menekankan penyediaan prasarana dan pembangunan mapan tanpa mengabaikan alam sekitar. Oleh itu, III dan IV betul, iaitu D. Rujukan skema: Tingkatan 5, m.s. 175."
F5 Chp 8,radio,Kedah_Q36,A,B,C,D,A,Kedah/Picture36.png,"中文：FELDA开发土地并建立居民安置区，配备道路、学校和诊所等设施，提升乡村生活条件。答案纸参考：F5第170页。
Bahasa Melayu: FELDA membuka tanah dan petempatan dengan jalan, sekolah serta klinik, meningkatkan kemudahan asas dan taraf hidup luar bandar. Rujukan skema: T5 ms.170."
F5 Chp 8,radio,Kelantan_Q36,A,B,C,D,C,Kelantan/Picture36.png,"中文：区域开发通过开垦土地、发展油棕种植与相关产业带动就业，按题意选C。题干把KEJORA写成Pahang Tenggara是笔误：KEJORA属Johor Tenggara，Pahang Tenggara是DARA。 答案纸参考：F5第171页。
Bahasa Melayu: Pembangunan wilayah membuka tanah untuk kelapa sawit dan industri berkaitan bagi menyediakan pekerjaan, C. Nama dalam soalan tersilap: KEJORA ialah Johor Tenggara, manakala Pahang Tenggara ialah DARA. Rujukan skema: T5 ms.171."
F5 Chp 8,radio,KualaLumpur_Q36,A,B,C,D,C,Kuala Lumpur/Picture36.png,"中文：历史联系和领导人的判断影响与哪些国家合作以及外交政策方向，故II、III正确。 答案纸参考：F5第197页。
Bahasa Melayu: Ikatan sejarah dan kebijaksanaan pemimpin mempengaruhi hubungan dengan negara lain serta hala tuju dasar luar; II dan III betul. Rujukan skema: T5 ms.197."
F5 Chp 8,radio,Melaka_Q36,A,B,C,D,C,Melaka/Picture36.png,"中文：平衡州际发展缩小地区收入与设施差距，使国家财富分配更公平。 答案纸参考：F5第174页。
Bahasa Melayu: Pembangunan seimbang antara negeri mengurangkan jurang pendapatan serta kemudahan dan mengagihkan kekayaan lebih adil. Rujukan skema: T5 ms.174."
F5 Chp 8,radio,Mrsm_Q36,A,B,C,D,B,MRSM/Picture36.png,"中文：银行和房地产企业发展创造工作岗位，让人民参与经济活动并增加收入。 答案纸参考：F5第182页。
Bahasa Melayu: Perkembangan perusahaan perbankan dan hartanah membuka peluang pekerjaan serta meningkatkan penyertaan dan pendapatan rakyat. Rujukan skema: T5 ms.182."
F5 Chp 8,radio,N_Q36,A,B,C,D,C,N9/Picture36.png,"中文：本地汽车和摩托车制造提供就业并带动零件等相关产业，提高人民收入。 答案纸参考：F5第187页。
Bahasa Melayu: Pembuatan kereta dan motosikal menyediakan pekerjaan serta industri sokongan seperti komponen, meningkatkan pendapatan rakyat. Rujukan skema: T5 ms.187."
F5 Chp 8,radio,Pahang_Q36,A,B,C,D,B,Pahang/Picture36.png,"中文：B：ILP和Giatmara提供技术训练，提升劳动者技能，让他们更容易就业或从事技术型创业。答案纸参考：F5第176页。
Bahasa Melayu: B: ILP dan Giatmara menyediakan latihan kemahiran yang meningkatkan kebolehpasaran tenaga kerja serta peluang pekerjaan dan keusahawanan. Rujukan skema: T5 ms. 176."
F5 Chp 8,radio,Perak_Q36,A,B,C,D,B,Perak/Picture36.png,"中文：DARA、KEJORA及KETENGAH是区域发展机构，开发土地、基础设施及经济活动以改善当地生活。题干若暗示全在第三大马计划才成立则不准确；这里考的是区域发展职能。答案纸参考：F5，第171页。
Bahasa Melayu: DARA, KEJORA dan KETENGAH ialah agensi pembangunan wilayah yang membangunkan tanah, infrastruktur serta kegiatan ekonomi. Jika soalan menganggap semuanya ditubuhkan dalam RMK Ketiga, kronologi itu tidak tepat; fungsi yang diuji ialah pembangunan wilayah. Rujukan skema: F5, halaman 171."
F5 Chp 8,radio,Perlis_Q36,A,B,C,D,B,Perlis/Picture36.png,"中文：DEB与DPN的发展、就业及收入措施使贫困率下降，是两项政策在改善人民生活方面的重要成果。答案纸参考：F5，第181页。
Bahasa Melayu: Program pembangunan, pekerjaan dan peningkatan pendapatan melalui DEB serta DPN berjaya menurunkan kadar kemiskinan. Rujukan skema: F5, halaman 181."
F5 Chp 8,radio,PulauPinang_Q36,A,B,C,D,D,Pulau Pinang/Picture36.png,"中文：自由工业区吸引工业及投资，带动就业、相关服务与周围地区经济活动，因此能刺激邻近地区经济。答案纸参考：F5，第186页。
Bahasa Melayu: Zon Perindustrian Bebas menarik kegiatan industri dan pelaburan, lalu menjana pekerjaan serta perkhidmatan yang merangsang ekonomi kawasan sekitar. Rujukan skema: F5, halaman 186."
F5 Chp 8,radio,PutrajayaSet_Q36,A,B,C,D,B,Putrajaya set 1/Picture36.png,"中文：自由工业区以税务优惠吸引投资与工业，产生就业及相关商业活动，刺激周围地区经济。答案纸参考：F5，第186页。
Bahasa Melayu: Insentif cukai di Zon Perindustrian Bebas menarik pelaburan dan industri, menjana pekerjaan serta merangsang ekonomi kawasan sekitar. Rujukan skema: F5, halaman 186."
F5 Chp 8,radio,PutrajayaSet_Q36,A,B,C,D,C,Putrajaya set 2/Picture36.png,"中文：原答案C“发展中小工业”不符合自由工业区的直接目的。课本强调吸引投资并刺激邻区经济，因此D“鼓励外资”更合适。答案纸页码185偏向前页重工业；相关说明实际在186页。课本参考：F5，第186页。
Bahasa Melayu: Skema C tentang IKS bukan tujuan langsung Zon Perindustrian Bebas. Buku teks menekankan tarikan pelaburan dan rangsangan ekonomi setempat, maka D lebih sesuai. Huraian berkaitan berada pada halaman 186, bukan 185 yang diberikan skema. Rujukan buku teks: F5, halaman 186."
F5 Chp 8,radio,Sabah_Q36,A,B,C,D,D,Sabah/Picture36.png,"中文：D：自由工业区提供优惠和便利，吸引外国企业投入资金及设厂。
Bahasa Melayu: D: Zon perindustrian bebas menawarkan kemudahan dan insentif untuk menarik pelaburan modal asing serta pembukaan kilang."
F5 Chp 8,radio,Sabk_Q36,A,B,C,D,B,SABK/Picture36.png,"中文：就业机会及家庭收入提高让更多家庭摆脱贫困，所以I和IV是降低贫困率的直接措施。答案纸参考：F5，第180页。
Bahasa Melayu: Peluang pekerjaan dan peningkatan pendapatan isi rumah membantu keluarga keluar daripada kemiskinan. Maka I dan IV tepat. Rujukan skema: F5, halaman 180."
F5 Chp 8,radio,Sbp_Q36,A,B,C,D,A,SBP/Picture36.png,"中文：A：工业政策及Proton、Perodua的发展增加工厂和相关产业，创造就业机会。【答案纸参考：187；书页内容待逐页确认。】
Bahasa Melayu: A: Dasar perindustrian serta perkembangan Proton dan Perodua mewujudkan kilang dan industri sokongan yang membuka peluang pekerjaan. [Rujukan skema: 187; kandungan halaman buku belum disahkan satu demi satu.]"
F5 Chp 8,radio,Selangor_Q36,A,B,C,D,B,Selangor/Picture36.png,"中文：B：工业科技园提供研究设施及技术开发平台，支持工业创新。【答案纸参考：B8T5M186；书页内容待逐页确认。】
Bahasa Melayu: B: Taman Teknologi Perindustrian menyediakan kemudahan penyelidikan dan pembangunan teknologi untuk menyokong inovasi industri. [Rujukan skema: B8T5M186; kandungan halaman buku belum disahkan satu demi satu.]"
F5 Chp 8,radio,Smka_Q36,A,B,C,D,D,SMKA/Picture36.png,"中文：D：建立MPPB扩大土著在商业与工业的参与，改变职业及经济活动与族群紧密相连的情况。【答案纸参考：T5 Hal.177；书页内容待逐页确认。】
Bahasa Melayu: D: MPPB memperluas penyertaan Bumiputera dalam perdagangan dan perindustrian untuk menyusun semula masyarakat serta mengurangkan pengenalan kaum mengikut kegiatan ekonomi. [Rujukan skema: T5 Hal.177; kandungan halaman buku belum disahkan satu demi satu.]"
F5 Chp 8,radio,Terengganu_Q36,A,B,C,D,D,Terengganu/Picture36.png,"中文：D：私营化计划拨出股份给土著，提升其在现代部门的拥有权、控制及管理参与。题干DPN全名应为Dasar Pembangunan Nasional。【答案纸参考：BAB 8- MS 178；书页内容待逐页确认。】
Bahasa Melayu: D: Program penswastaan memperuntukkan saham kepada Bumiputera bagi meningkatkan pemilikan, penguasaan dan pengurusan sektor moden. Nama DPN yang betul ialah Dasar Pembangunan Nasional. [Rujukan skema: BAB 8- MS 178; kandungan halaman buku belum disahkan satu demi satu.]"
F5 Chp 8,radio,Kedah_Q37,A,B,C,D,B,Kedah/Picture37.png,"中文：自由工业区提供优惠吸引外国投资，同时带动周边就业、商业和经济，故I、IV正确。答案纸参考：F5第186页。
Bahasa Melayu: Zon perindustrian bebas menawarkan kemudahan untuk menarik pelaburan asing dan merangsang pekerjaan serta ekonomi sekitarnya, maka I dan IV betul. Rujukan skema: T5 ms.186."
F5 Chp 8,radio,Melaka_Q37,A,B,C,D,B,Melaka/Picture37.png,"中文：加入联合国让国家获得国际承认，并通过国际原则与合作保护独立主权。 答案纸参考：F5第198页。
Bahasa Melayu: Keanggotaan PBB memberikan pengiktirafan antarabangsa dan membantu memelihara kedaulatan melalui prinsip serta kerjasama antarabangsa. Rujukan skema: T5 ms.198."
F5 Chp 8,radio,PutrajayaSet_Q37,A,B,C,D,B,Putrajaya set 1/Picture37.png,"中文：教育、专业就业及经济机会扩大，推动中产阶级形成，这是DEB与DPN社会经济发展的成果之一。答案纸参考：F5，第181页。
Bahasa Melayu: Peluasan pendidikan, pekerjaan profesional dan peluang ekonomi melalui DEB serta DPN melahirkan golongan kelas pertengahan. Rujukan skema: F5, halaman 181."
F5 Chp 8,radio,SarawakSibu_Q37,A,B,C,D,B,Sarawak Sibu/Picture37.png,"中文：B：区域发展通过土地开发、就业及基础设施，减少贫穷与经济差距。【答案纸参考：168-173；书页内容待逐页确认。】
Bahasa Melayu: B: Pembangunan wilayah menyediakan pembangunan tanah, pekerjaan dan kemudahan bagi membasmi kemiskinan serta menyusun semula masyarakat. [Rujukan skema: 168-173; kandungan halaman buku belum disahkan satu demi satu.]"
F5 Chp 9,radio,JohorBahru_Q37,A,B,C,D,B,Johor Bahru/Picture37.png,"中文：外交政策随国内与国际环境改变，但重点仍是维护国家安全、主权及经济利益，所以选B。
Bahasa Melayu: Dasar luar berubah mengikut keadaan dalam dan luar negara untuk melindungi keselamatan, kedaulatan serta kepentingan nasional, maka B tepat."
F5 Chp 9,radio,JohorKulaiSet_Q37,A,B,C,D,D,Johor Kulai Set 1/Picture37.png,"中文：冷战把国际政治分为西方与共产主义阵营，影响独立初期 Malaysia 采取亲西方立场，选D。（答案纸参考：F5，第197页。）
Bahasa Melayu: Persekitaran Perang Dingin mempengaruhi Malaysia yang baru merdeka untuk memilih dasar probarat, maka D tepat. Rujukan skema: Tingkatan 5, m.s. 197."
F5 Chp 9,radio,JohorKulaiSet_Q37,A,B,C,D,C,Johor Kulai Set 2/Picture37.png,"中文：外交政策优先维护国家主权、安全、经济及人民利益，这些共同构成 kepentingan nasional，选C。（答案纸参考：F5，第196页。）
Bahasa Melayu: Dasar luar digubal untuk melindungi kedaulatan, keselamatan, ekonomi dan kepentingan rakyat yang membentuk kepentingan nasional, maka C tepat. Rujukan skema: Tingkatan 5, m.s. 196."
F5 Chp 9,radio,JohorMuar_Q37,A,B,C,D,D,Johor Muar/Picture37.png,"中文：Wisma Putra是外交部，负责维护国家利益、执行外交政策及处理对外关系。小农和橡胶研究属于其他机构，所以选D。（答案纸参考：F5，第196页。）
Bahasa Melayu: Wisma Putra ialah Kementerian Luar Negeri yang menjaga kepentingan nasional melalui hubungan diplomatik dan pelaksanaan dasar luar. Oleh itu, D tepat. Rujukan skema: Tingkatan 5, m.s. 196."
F5 Chp 9,radio,JohorPasirGudang_Q37,A,B,C,D,A,Johor Pasir Gudang/Picture37.png,"中文：马来西亚与沙特、埃及和土耳其的历史联系与伊斯兰宗教及教育交流有关，影响对这些国家的外交关系。因此选A。（答案纸参考：F5，第197页。）
Bahasa Melayu: Hubungan sejarah dengan Arab Saudi, Mesir dan Turki mempunyai ikatan keagamaan Islam serta pendidikan. Ikatan ini mempengaruhi dasar luar Malaysia, maka A tepat. Rujukan skema: Tingkatan 5, m.s. 197."
F5 Chp 9,radio,JohorSegamatSet_Q37,A,B,C,D,B,Johor Segamat Set 1/Picture37.png,"中文：外交政策需要考虑国际环境，以及国家自身安全、经济和发展需求。因此外部环境I与国家需求IV正确，选B。（答案纸参考：F5，第197页。）
Bahasa Melayu: Dasar luar dipengaruhi persekitaran antarabangsa dan keperluan nasional seperti keselamatan serta pembangunan ekonomi. Oleh itu, I dan IV tepat, iaitu B. Rujukan skema: Tingkatan 5, m.s. 197."
F5 Chp 9,radio,JohorSegamatSet_Q37,A,B,C,D,B,Johor Segamat Set 2/Picture37.png,"中文：这些国家与马来世界长期有宗教和教育联系，课本把它们归入影响外交政策的历史联系。因此答案B是因素类别；D宗教联系说明此历史联系的内容，选项有概念重叠。（答案纸参考：F5，第197页。）
Bahasa Melayu: Hubungan dengan Turki, Mesir, Yaman dan Arab Saudi mempunyai latar sejarah melalui agama serta pendidikan. Buku teks mengelaskannya sebagai ikatan sejarah, maka B ialah kategori faktor; ikatan keagamaan dalam D menjelaskan kandungannya, jadi konsep bertindih. Rujukan skema: Tingkatan 5, m.s. 197."
F5 Chp 9,radio,Kelantan_Q37,A,B,C,D,D,Kelantan/Picture37.png,"中文：Colombo Plan提供技术援助、培训和教育，提升发展中国家的经济能力以解决贫困。 答案纸参考：F5第206页。
Bahasa Melayu: Rancangan Colombo menyediakan bantuan teknikal, latihan dan pendidikan untuk meningkatkan keupayaan ekonomi serta menangani kemiskinan. Rujukan skema: T5 ms.206."
F5 Chp 9,radio,KualaLumpur_Q37,A,B,C,D,D,Kuala Lumpur/Picture37.png,"中文：Colombo Plan通过培训与技术援助提升生产和经济能力，帮助解决贫困。 答案纸参考：F5第206页。
Bahasa Melayu: Rancangan Colombo meningkatkan keupayaan pengeluaran dan ekonomi melalui latihan serta bantuan teknikal untuk menangani kemiskinan. Rujukan skema: T5 ms.206."
F5 Chp 9,radio,Mrsm_Q37,A,B,C,D,C,MRSM/Picture37.png,"中文：冷战期间大国阵营竞争使马来西亚转向不偏袒任何阵营，以保障国家利益。 答案纸参考：F5第197页。
Bahasa Melayu: Persaingan blok kuasa besar dalam Perang Dingin mendorong Malaysia tidak berpihak demi menjaga kepentingan negara. Rujukan skema: T5 ms.197."
F5 Chp 9,radio,N_Q37,A,B,C,D,A,N9/Picture37.png,"中文：马来西亚参加维和任务并派观察员，协助监督停火、减少冲突和维护世界和平。 答案纸参考：F5第200–202页。
Bahasa Melayu: Malaysia menyertai misi pengaman dan menghantar pemerhati untuk memantau gencatan senjata, mengurangkan konflik serta memelihara keamanan. Rujukan skema: T5 ms.200–202."
F5 Chp 9,radio,Pahang_Q37,A,B,C,D,A,Pahang/Picture37.png,"中文：A：历史关系影响国家与外界的联系，国家需求决定安全与发展的外交重点，因此I与II属于政策制定因素。答案纸参考：F5第197页。
Bahasa Melayu: A: Ikatan sejarah mempengaruhi hubungan luar, manakala keperluan nasional menentukan kepentingan keselamatan dan pembangunan. Maka I dan II ialah faktor penggubalan dasar luar. Rujukan skema: T5 ms. 197."
F5 Chp 9,radio,Perak_Q37,A,B,C,D,B,Perak/Picture37.png,"中文：加入联合国让独立国家获得国际承认，并通过国际合作维护主权及安全。答案纸参考：F5，第198页。
Bahasa Melayu: Keanggotaan PBB memberikan pengiktirafan antarabangsa kepada negara merdeka dan membantu mempertahankan kedaulatan serta keselamatan melalui kerjasama dunia. Rujukan skema: F5, halaman 198."
F5 Chp 9,radio,Perlis_Q37,A,B,C,D,B,Perlis/Picture37.png,"中文：马来西亚支持联合国宪章的和平合作及尊重主权原则，体现和平共处的国际立场。答案纸参考：F5，第198页。
Bahasa Melayu: Malaysia mendukung Piagam PBB yang menekankan keamanan, kerjasama dan penghormatan terhadap kedaulatan sebagai bukti hidup bersama secara aman. Rujukan skema: F5, halaman 198."
F5 Chp 9,radio,PulauPinang_Q37,A,B,C,D,C,Pulau Pinang/Picture37.png,"中文：UNHCR协助保护难民及无国籍人士的权益，并帮助寻找安全及安置方案，不是负责传染病或国际刑事案件。答案纸参考：F5，第199页。
Bahasa Melayu: UNHCR melindungi pelarian dan golongan tidak bernegara serta membantu penyelesaian perlindungan dan penempatan, bukan mengawal penyakit atau jenayah antarabangsa. Rujukan skema: F5, halaman 199."
F5 Chp 9,radio,PutrajayaSet_Q37,A,B,C,D,D,Putrajaya set 2/Picture37.png,"中文：科伦坡计划提供技术训练、教育与发展援助，帮助成员国提升生活及处理贫困；不是军事同盟。答案纸参考：F5，第206页。
Bahasa Melayu: Rancangan Colombo memberikan latihan, pendidikan dan bantuan pembangunan untuk meningkatkan kehidupan serta menangani kemiskinan, bukan pakatan ketenteraan. Rujukan skema: F5, halaman 206."
F5 Chp 9,radio,Sabah_Q37,A,B,C,D,C,Sabah/Picture37.png,"中文：C：外交政策须保护国家经济利益，争取市场、贸易及投资机会。
Bahasa Melayu: C: Dasar luar mengambil kira kepentingan ekonomi negara, termasuk pasaran, perdagangan dan peluang pelaburan."
F5 Chp 9,radio,Sabk_Q37,A,B,C,D,C,SABK/Picture37.png,"中文：科伦坡计划提供发展援助、专业咨询及公务员训练，提升成员国能力以处理贫困。答案纸参考：F5，第206页。
Bahasa Melayu: Rancangan Colombo memberikan bantuan pembangunan, khidmat nasihat dan latihan kakitangan untuk menangani kemiskinan negara anggota. Rujukan skema: F5, halaman 206."
F5 Chp 9,radio,Sbp_Q37,A,B,C,D,A,SBP/Picture37.png,"中文：A（I、II）：信贷便利及较低税率促进贸易，使英联邦国家成为马来西亚的重要贸易伙伴。【答案纸参考：206；书页内容待逐页确认。】
Bahasa Melayu: A (I dan II): Kemudahan kredit dan kadar cukai yang rendah menggalakkan perdagangan, menjadikan negara Komanwel rakan dagang utama Malaysia. [Rujukan skema: 206; kandungan halaman buku belum disahkan satu demi satu.]"
F5 Chp 9,radio,Selangor_Q37,A,B,C,D,C,Selangor/Picture37.png,"中文：C：由亲西方反共转向中立，是根据国家利益及环境变化调整外交政策，以扩大合作并维护主权。【答案纸参考：B9T5M195；书页内容待逐页确认。】
Bahasa Melayu: C: Perubahan daripada probarat dan antikomunis kepada berkecuali dibuat mengikut kepentingan nasional serta perubahan keadaan antarabangsa. [Rujukan skema: B9T5M195; kandungan halaman buku belum disahkan satu demi satu.]"
F5 Chp 9,radio,Smka_Q37,A,B,C,D,A,SMKA/Picture37.png,"中文：A：与这些国家的联系有历史根源，包括贸易及宗教交往，所以答案属于历史纽带。【答案纸参考：T5 Hal.197；书页内容待逐页确认。】
Bahasa Melayu: A: Hubungan dengan negara tersebut mempunyai ikatan sejarah melalui perdagangan dan hubungan keagamaan. [Rujukan skema: T5 Hal.197; kandungan halaman buku belum disahkan satu demi satu.]"
F5 Chp 9,radio,Terengganu_Q37,A,B,C,D,A,Terengganu/Picture37.png,"中文：A：MAPHILINDO以协商处理三国之间问题，维护区域和谐与友好关系。【答案纸参考：BAB 9- MS 210；书页内容待逐页确认。】
Bahasa Melayu: A: MAPHILINDO menyediakan ruang rundingan antara tiga negara untuk menjaga keharmonian dan hubungan baik serantau. [Rujukan skema: BAB 9- MS 210; kandungan halaman buku belum disahkan satu demi satu.]"
F5 Chp 9,radio,JohorBahru_Q38,A,B,C,D,C,Johor Bahru/Picture38.png,"中文：ASEAN 把东南亚国家联系起来，透过合作与互助展现区域友谊及团结精神，选C。（答案纸参考：F5，第210页。）
Bahasa Melayu: ASEAN menghubungkan negara serantau melalui kerjasama dan semangat setiakawan, maka C tepat. Rujukan skema: Tingkatan 5, m.s. 210."
F5 Chp 9,radio,JohorKulaiSet_Q38,A,B,C,D,B,Johor Kulai Set 1/Picture38.png,"中文：ZOPFAN 是 ASEAN 的和平、自由及中立区域倡议，体现 Malaysia 在 ASEAN 的参与，选B。（答案纸参考：F5，第210页。）
Bahasa Melayu: ZOPFAN ialah gagasan ASEAN untuk mewujudkan Zon Aman, Bebas dan Berkecuali, menunjukkan pelibatan Malaysia dalam ASEAN, maka B tepat. Rujukan skema: Tingkatan 5, m.s. 210."
F5 Chp 9,radio,JohorKulaiSet_Q38,A,B,C,D,D,Johor Kulai Set 2/Picture38.png,"中文：ASEAN 通过区域经济整合减少贸易障碍、扩大共同市场与合作，增强经济联系，选D。（答案纸参考：F5，第211页。）
Bahasa Melayu: ASEAN mengintegrasikan ekonomi serantau melalui kerjasama dan pengurangan halangan perdagangan, maka D tepat. Rujukan skema: Tingkatan 5, m.s. 211."
F5 Chp 9,radio,JohorMuar_Q38,A,B,C,D,B,Johor Muar/Picture38.png,"中文：ZOPFAN希望东南亚成为和平、自由及中立区域，并获得大国承认，使区域免受外部势力干涉。其他选项不是此宣言重点，所以选B。（答案纸参考：F5，第210页。）
Bahasa Melayu: ZOPFAN mengusahakan pengiktirafan kuasa besar terhadap Asia Tenggara sebagai zon aman, bebas dan berkecuali supaya rantau ini terhindar daripada campur tangan luar. Oleh itu, B paling sesuai. Rujukan skema: Tingkatan 5, m.s. 210."
F5 Chp 9,radio,JohorPasirGudang_Q38,A,B,C,D,C,Johor Pasir Gudang/Picture38.png,"中文：1971年在吉隆坡举行的东盟外长会议宣布ZOPFAN，使东南亚成为和平、自由及中立区域。因此选C。（答案纸参考：F5，第210页。）
Bahasa Melayu: Mesyuarat Menteri-menteri Luar ASEAN di Kuala Lumpur pada tahun 1971 mengisytiharkan ZOPFAN, iaitu Zon Aman, Bebas dan Berkecuali. Oleh itu, C tepat. Rujukan skema: Tingkatan 5, m.s. 210."
F5 Chp 9,radio,JohorSegamatSet_Q38,A,B,C,D,B,Johor Segamat Set 1/Picture38.png,"中文：1971年东盟外长会议在吉隆坡宣布ZOPFAN，推动东南亚成为和平、自由与中立区域。因此选B。（答案纸参考：F5，第210页。）
Bahasa Melayu: Mesyuarat Menteri-menteri Luar ASEAN di Kuala Lumpur pada tahun 1971 mengisytiharkan ZOPFAN. Matlamatnya ialah rantau yang aman, bebas dan berkecuali, maka B tepat. Rujukan skema: Tingkatan 5, m.s. 210."
F5 Chp 9,radio,JohorSegamatSet_Q38,A,B,C,D,A,Johor Segamat Set 2/Picture38.png,"中文：MAPHILINDO推动马来西亚、菲律宾及印尼相互理解，透过协商处理地区问题。它不是军事联盟，因此选A。（答案纸参考：F5，第210页。）
Bahasa Melayu: MAPHILINDO bertujuan meningkatkan persefahaman antara Malaysia, Filipina dan Indonesia melalui kerjasama serta rundingan. Ia bukan pakatan ketenteraan, maka A tepat. Rujukan skema: Tingkatan 5, m.s. 210."
F5 Chp 9,radio,Kedah_Q38,A,B,C,D,C,Kedah/Picture38.png,"中文：马来西亚与中国建立关系，是落实ZOPFAN和平、自由及中立概念的举措之一。答案纸参考：F5第210页。
Bahasa Melayu: Hubungan Malaysia dengan China merupakan langkah mengisi konsep ZOPFAN, iaitu keamanan, kebebasan dan berkecuali. Rujukan skema: T5 ms.210."
F5 Chp 9,radio,Kelantan_Q38,A,B,C,D,A,Kelantan/Picture38.png,"中文：国际政治变化和经济发展需求影响外交政策，马来西亚须在安全与经济利益间协调，所以I、II正确。 答案纸参考：F5第208–209页。
Bahasa Melayu: Politik antarabangsa dan keperluan pembangunan ekonomi mempengaruhi dasar luar; Malaysia perlu menyelaraskan keselamatan dan kepentingan ekonomi, I dan II. Rujukan skema: T5 ms.208–209."
F5 Chp 9,radio,KualaLumpur_Q38,A,B,C,D,A,Kuala Lumpur/Picture38.png,"中文：马来西亚允许阿富汗Mujahidin设代表处，以支持其斗争并在OIC中表达声援。 答案纸参考：F5第216页。
Bahasa Melayu: Malaysia membenarkan pejabat perwakilan Mujahidin Afghanistan dibuka sebagai sokongan terhadap perjuangan mereka melalui OIC. Rujukan skema: T5 ms.216."
F5 Chp 9,radio,Melaka_Q38,A,B,C,D,D,Melaka/Picture38.png,"中文：ZOPFAN宣言表明东南亚追求和平、自由和中立，体现马来西亚外交路线转变。 答案纸参考：F5第210页。
Bahasa Melayu: Deklarasi ZOPFAN mengisytiharkan Asia Tenggara sebagai zon aman, bebas dan berkecuali, mencerminkan perubahan dasar luar Malaysia. Rujukan skema: T5 ms.210."
F5 Chp 9,radio,Mrsm_Q38,A,B,C,D,D,MRSM/Picture38.png,"中文：马来西亚推动伊斯兰银行及国际伊斯兰大学，加强成员间金融与教育合作，所以III、IV正确。 答案纸参考：F5第216–217页。
Bahasa Melayu: Malaysia menubuhkan institusi perbankan Islam dan universiti Islam antarabangsa untuk kerjasama kewangan serta pendidikan; III dan IV betul. Rujukan skema: T5 ms.216–217."
F5 Chp 9,radio,N_Q38,A,B,C,D,A,N9/Picture38.png,"中文：协助解决邻国冲突体现区域友好与团结精神，共同维护Indochina和平。 答案纸参考：F5第210页。
Bahasa Melayu: Usaha menyelesaikan konflik negara jiran menunjukkan semangat setia kawan serantau untuk keamanan Indochina. Rujukan skema: T5 ms.210."
F5 Chp 9,radio,Pahang_Q38,A,B,C,D,C,Pahang/Picture38.png,"中文：C：UNESCO是联合国教育、科学与文化机构，马来西亚参与其活动属于在联合国体系的贡献；其他选项属英联邦或东盟。答案纸参考：F5第199页。
Bahasa Melayu: C: UNESCO ialah agensi PBB dalam pendidikan, sains dan kebudayaan. Penyertaannya merupakan sumbangan dalam sistem PBB; pilihan lain berkaitan Komanwel atau ASEAN. Rujukan skema: T5 ms. 199."
F5 Chp 9,radio,Perak_Q38,A,B,C,D,D,Perak/Picture38.png,"中文：种族隔离政策按种族区分权利，压迫非白人，违反平等原则，因此马来西亚反对这项种族歧视政策。答案纸参考：F5，第207页。
Bahasa Melayu: Dasar apartheid membezakan hak mengikut kaum dan menindas penduduk bukan kulit putih. Malaysia menentangnya kerana dasar ini bersifat diskriminasi kaum. Rujukan skema: F5, halaman 207."
F5 Chp 9,radio,Perlis_Q38,A,B,C,D,D,Perlis/Picture38.png,"中文：马来西亚在英联邦参与科伦坡计划并反对种族隔离，所以III和IV正确；安理会属于联合国体系。答案纸参考：F5，第206至207页。
Bahasa Melayu: Malaysia menyertai Rancangan Colombo dan menentang apartheid melalui Komanwel, maka III dan IV tepat. Majlis Keselamatan ialah badan PBB. Rujukan skema: F5, halaman 206–207."
F5 Chp 9,radio,PulauPinang_Q38,A,B,C,D,D,Pulau Pinang/Picture38.png,"中文：英联邦运动会让成员国交流及合作，强化成员间关系；体育精神虽是好处，但题目考组织成员国联系。答案纸参考：F5，第207页。
Bahasa Melayu: Sukan Komanwel meningkatkan interaksi dan kerjasama negara anggota, lalu mengeratkan hubungan antara mereka. Semangat kesukanan ialah manfaat umum, bukan fokus keanggotaan. Rujukan skema: F5, halaman 207."
F5 Chp 9,radio,PutrajayaSet_Q38,A,B,C,D,B,Putrajaya set 1/Picture38.png,"中文：ASA由马来亚、菲律宾及泰国于1961年成立，因此X是泰国。题表用“Malaysia”是之后国家名称，成立时称马来亚。答案纸参考：F5，第210页。
Bahasa Melayu: ASA ditubuhkan pada 1961 oleh Persekutuan Tanah Melayu, Filipina dan Thailand. Maka X ialah Thailand; nama Malaysia dalam rajah ialah nama negara kemudian. Rujukan skema: F5, halaman 210."
F5 Chp 9,radio,PutrajayaSet_Q38,A,B,C,D,B,Putrajaya set 2/Picture38.png,"中文：2003年吉隆坡宣言关注巴勒斯坦及美国进攻伊拉克，主张和平处理国际争端，因此I和IV正确。答案纸参考：F5，第212页。
Bahasa Melayu: Deklarasi Kuala Lumpur 2003 membangkitkan isu Palestin dan serangan Amerika terhadap Iraq serta penyelesaian secara aman. Maka I dan IV tepat. Rujukan skema: F5, halaman 212."
F5 Chp 9,radio,Sabah_Q38,A,B,C,D,A,Sabah/Picture38.png,"中文：A：反对Apartheid是维护遭受种族歧视的当地人民权利，符合马来西亚尊重人权的立场。
Bahasa Melayu: A: Penentangan terhadap Apartheid mempertahankan hak penduduk asal yang mengalami diskriminasi kaum, selaras dengan penghormatan terhadap hak asasi."
F5 Chp 9,radio,Sabk_Q38,A,B,C,D,D,SABK/Picture38.png,"中文：马来西亚与中国建交体现不偏向单一强权的中立外交，在国际政治竞争中扩大和平关系。答案纸参考：F5，第208页。
Bahasa Melayu: Hubungan dengan China mencerminkan dasar berkecuali Malaysia dan usaha menjalin hubungan aman tanpa terikat kepada satu blok kuasa. Rujukan skema: F5, halaman 208."
F5 Chp 9,radio,SarawakSibu_Q38,A,B,C,D,C,Sarawak Sibu/Picture38.png,"中文：C：区域合作建立互信，维护和平安全，使国家主权获得更好的保障。【答案纸参考：210；书页内容待逐页确认。】
Bahasa Melayu: C: Hubungan serantau membina persefahaman serta kerjasama keamanan dan keselamatan yang membantu menjamin kedaulatan negara. [Rujukan skema: 210; kandungan halaman buku belum disahkan satu demi satu.]"
F5 Chp 9,radio,Sbp_Q38,A,B,C,D,B,SBP/Picture38.png,"中文：B：NAM强调不加入冷战中的东西方阵营，实行独立及中立的外交立场。【答案纸参考：208；书页内容待逐页确认。】
Bahasa Melayu: B: NAM mengamalkan dasar berkecuali dengan tidak memihak kepada blok Barat atau blok Timur serta mengekalkan dasar luar yang bebas. [Rujukan skema: 208; kandungan halaman buku belum disahkan satu demi satu.]"
F5 Chp 9,radio,Selangor_Q38,A,B,C,D,B,Selangor/Picture38.png,"中文：B：Lusaka宣言强调和平与裁军，包括要求禁止核武器。【答案纸参考：B9T5M213；书页内容待逐页确认。】
Bahasa Melayu: B: Perisytiharan Lusaka menekankan keamanan dan pelucutan senjata, termasuk desakan mengharamkan senjata nuklear. [Rujukan skema: B9T5M213; kandungan halaman buku belum disahkan satu demi satu.]"
F5 Chp 9,radio,Smka_Q38,A,B,C,D,D,SMKA/Picture38.png,"中文：D：Apartheid实行种族隔离和歧视，违背人权原则；马来西亚因此反对这种政策。【答案纸参考：T5 Hal.208；书页内容待逐页确认。】
Bahasa Melayu: D: Apartheid mengamalkan pemisahan dan diskriminasi kaum yang bercanggah dengan hak asasi manusia, maka Malaysia menentangnya. [Rujukan skema: T5 Hal.208; kandungan halaman buku belum disahkan satu demi satu.]"
F5 Chp 9,radio,Terengganu_Q38,A,B,C,D,A,Terengganu/Picture38.png,"中文：A：马来西亚在OIC框架内参与调解伊朗与伊拉克冲突，推动停火和和平解决。【答案纸参考：BAB 9- MS 216；书页内容待逐页确认。】
Bahasa Melayu: A: Malaysia membantu pengantaraan konflik Iran-Iraq dalam OIC bagi mengusahakan gencatan senjata dan penyelesaian damai. [Rujukan skema: BAB 9- MS 216; kandungan halaman buku belum disahkan satu demi satu.]"
F5 Chp 9,radio,Pahang_Q39,A,B,C,D,D,Pahang/Picture39.png,"中文：D：东盟通过降低成员之间的关税促进贸易，扩大马来西亚商品市场与经济合作机会。答案纸参考：F5第211页。
Bahasa Melayu: D: Pengurangan cukai atau tarif sesama anggota ASEAN memudahkan perdagangan dan meluaskan pasaran barangan Malaysia. Rujukan skema: T5 ms. 211."
F5 Chp 9,radio,Sabk_Q39,A,B,C,D,D,SABK/Picture39.png,"中文：东姑阿都拉曼担任OIC秘书长，推动伊斯兰国家合作及为穆斯林社会发声，体现保护其权益的作用。答案纸参考：F5，第214页。
Bahasa Melayu: Tunku Abdul Rahman sebagai Setiausaha Agung OIC memperkukuh kerjasama negara Islam dan memastikan pembelaan masyarakat Islam. Rujukan skema: F5, halaman 214."
F5 Chp 9,radio,SarawakSibu_Q39,A,B,C,D,D,Sarawak Sibu/Picture39.png,"中文：D：东姑时期外交受冷战及共产党威胁影响，采取亲西方、反共产主义政策。【答案纸参考：195；书页内容待逐页确认。】
Bahasa Melayu: D: Pada zaman Tunku Abdul Rahman, dasar luar dipengaruhi Perang Dingin dan ancaman komunis, lalu bersifat probarat serta antikomunis. [Rujukan skema: 195; kandungan halaman buku belum disahkan satu demi satu.]"
